player,slug,competition,season,games,minutes,tries,try_assists,points,carries,metres,av_gain,post_contact_metres,defenders_beaten,clean_breaks,offloads,handling_errors,passes,bad_passes,tackles,missed_tackles,tackles_success_pct,dominant_tackles,turnovers_won,turnovers_conceded,kicks_from_hand,penalties_conceded,yellow_cards,red_cards
A. Beard,adam-beard,Six Nations,2026,4,171,0,0,0,10.0,16.0,1.56,15.0,,0,1,0,8.0,0,21.0,2.0,0.78,2,0,1,1,0,0,0
A. Beard,adam-beard,Six Nations,2024,5,319,0,1,0,20.0,14.0,0.73,32.0,,0,0,0,28.0,4,43.0,3.0,0.9,4,1,0,0,2,0,0
A. Capuozzo,ange-capuozzo,Six Nations,2026,1,72,1,0,5,15.0,66.0,4.39,18.0,2.0,1,0,0,3.0,0,4.0,2.0,0.57,1,1,3,4,0,0,0
A. Capuozzo,ange-capuozzo,Six Nations,2025,5,393,2,1,10,30.0,145.0,4.83,69.0,11.0,4,1,4,10.0,2,24.0,12.0,0.63,1,0,4,15,3,0,0
A. Capuozzo,ange-capuozzo,Six Nations,2024,3,240,1,0,5,24.0,175.0,7.3,71.0,8.0,3,1,2,16.0,4,15.0,6.0,0.5,1,0,3,9,0,0,0
A. Coles,alex-coles,Six Nations,2026,5,233,1,1,5,13.0,25.0,1.94,17.0,1.0,0,0,2,14.0,1,41.0,4.0,0.87,3,1,3,0,2,0,0
A. Coles,alex-coles,Six Nations,2024,2,27,0,0,0,,,,,,0,0,0,1.0,0,14.0,1.0,0.88,1,0,0,0,0,0,0
A. Craig,alex-craig,Six Nations,2026,1,18,0,0,0,3.0,0.0,0.13,3.0,,0,0,0,1.0,0,4.0,,0.8,0,0,0,0,1,0,0
A. Dupont,antoine-dupont,Six Nations,2026,5,358,1,5,5,45.0,203.0,4.51,91.0,16.0,3,7,4,283.0,16,30.0,6.0,0.79,3,3,5,68,2,0,0
A. Dupont,antoine-dupont,Six Nations,2025,4,237,2,7,10,46.0,238.0,5.16,93.0,13.0,3,10,5,222.0,9,16.0,4.0,0.76,0,0,6,41,4,0,0
A. Garbisi,alessandro-garbisi,Six Nations,2026,4,109,0,1,0,4.0,5.0,1.18,1.0,,0,0,0,108.0,5,9.0,5.0,0.6,1,0,2,17,0,0,0
A. Garbisi,alessandro-garbisi,Six Nations,2025,3,51,0,1,0,2.0,5.0,2.7,5.0,1.0,0,0,0,57.0,3,6.0,4.0,0.5,0,1,0,6,0,0,0
A. Garbisi,alessandro-garbisi,Six Nations,2024,1,53,1,0,5,2.0,20.0,9.8,16.0,2.0,0,0,0,34.0,1,4.0,1.0,0.8,0,0,0,5,0,0,0
A. Griffin,archie-griffin,Six Nations,2026,5,165,0,0,0,15.0,14.0,0.94,15.0,1.0,0,0,0,1.0,0,35.0,4.0,0.9,1,0,0,0,2,1,0
A. Griffin,archie-griffin,Six Nations,2024,1,25,0,0,0,3.0,0.0,0.0,3.0,,0,0,0,,0,5.0,1.0,0.83,0,0,0,0,1,0,0
A. Hastings,adam-hastings,Six Nations,2026,1,5,0,0,0,,,,,,0,0,0,,0,,,,0,0,0,0,0,0,0
A. Jelonch,anthony-jelonch,Six Nations,2026,4,249,0,0,0,26.0,61.0,2.35,43.0,3.0,0,3,2,13.0,0,52.0,5.0,0.9,7,2,2,0,0,0,0
A. Jelonch,anthony-jelonch,Six Nations,2025,3,97,0,1,0,11.0,18.0,1.66,21.0,1.0,0,1,0,9.0,0,17.0,2.0,0.85,2,0,0,0,2,0,0
A. Mann,alex-mann,Six Nations,2026,5,351,0,0,0,44.0,42.0,0.95,58.0,8.0,0,1,1,46.0,3,87.0,4.0,0.89,6,3,1,1,6,0,0
A. Mann,alex-mann,Six Nations,2024,5,236,2,0,10,32.0,61.0,1.9,40.0,3.0,0,0,1,11.0,0,47.0,5.0,0.78,1,0,1,0,0,0,0
A. Mitchell,alex-mitchell,Six Nations,2026,3,159,0,0,0,11.0,43.0,3.88,30.0,4.0,1,0,1,166.0,2,6.0,4.0,0.6,0,0,2,21,1,0,0
A. Mitchell,alex-mitchell,Six Nations,2025,5,336,1,4,5,32.0,125.0,3.91,40.0,7.0,1,0,5,265.0,6,16.0,17.0,0.46,0,0,6,69,3,0,0
A. Mitchell,alex-mitchell,Six Nations,2024,4,262,1,2,5,19.0,59.0,3.12,29.0,8.0,1,3,4,188.0,6,8.0,6.0,0.53,0,1,4,45,0,0,0
A. Porter,andrew-porter,Six Nations,2025,5,345,0,0,0,32.0,17.0,0.53,41.0,2.0,0,2,1,17.0,0,52.0,11.0,0.81,0,1,2,0,3,0,0
A. Porter,andrew-porter,Six Nations,2024,5,318,1,0,5,37.0,18.0,0.47,41.0,,0,0,0,13.0,0,34.0,4.0,0.77,1,4,0,0,9,0,0
A. Roumat,alexandre-roumat,Six Nations,2025,3,113,0,0,0,15.0,12.0,0.77,18.0,1.0,0,0,4,11.0,2,9.0,2.0,0.82,0,0,4,0,1,0,0
A. Roumat,alexandre-roumat,Six Nations,2024,4,100,0,0,0,9.0,8.0,0.89,19.0,3.0,0,0,1,6.0,1,14.0,2.0,0.88,0,0,1,0,1,0,0
A. Zambonin,andrea-zambonin,Six Nations,2026,4,233,0,0,0,14.0,15.0,1.04,12.0,,0,0,1,10.0,0,45.0,4.0,0.88,5,1,3,0,0,0,0
A. Zambonin,andrea-zambonin,Six Nations,2024,4,54,0,0,0,2.0,9.0,4.35,4.0,,0,1,1,3.0,0,10.0,1.0,0.83,0,0,1,0,0,0,0
B. Aki,bundee-aki,Six Nations,2026,1,15,0,0,0,3.0,10.0,3.27,3.0,,0,0,0,,0,4.0,,1.0,2,0,0,0,0,0,0
B. Aki,bundee-aki,Six Nations,2025,5,222,1,0,5,26.0,68.0,2.62,60.0,7.0,1,1,1,25.0,1,30.0,7.0,0.79,0,1,2,0,3,0,0
B. Aki,bundee-aki,Six Nations,2024,4,320,0,1,0,50.0,161.0,3.22,178.0,12.0,4,1,1,22.0,1,36.0,5.0,0.86,3,2,2,0,3,0,0
B. Carter,ben-carter,Six Nations,2026,5,229,0,0,0,18.0,32.0,1.79,40.0,2.0,1,1,1,12.0,0,51.0,1.0,0.93,4,1,1,0,0,0,0
B. Curry,ben-curry,Six Nations,2025,5,225,0,1,0,15.0,58.0,3.89,30.0,4.0,1,0,1,13.0,1,48.0,5.0,0.8,7,6,1,1,2,0,0
B. Earl,ben-earl,Six Nations,2026,5,369,2,0,10,95.0,288.0,3.03,212.0,13.0,4,1,3,15.0,0,47.0,10.0,0.77,6,3,4,0,2,0,0
B. Earl,ben-earl,Six Nations,2025,5,366,1,0,5,63.0,280.0,4.44,171.0,12.0,3,0,2,19.0,2,48.0,10.0,0.8,2,5,3,0,4,0,0
B. Earl,ben-earl,Six Nations,2024,5,400,2,1,10,73.0,251.0,3.44,214.0,24.0,2,1,2,30.0,2,63.0,7.0,0.84,1,2,3,0,2,0,0
B. Kinghorn,blair-kinghorn,Six Nations,2026,3,240,0,3,0,32.0,190.0,5.94,97.0,10.0,3,8,1,32.0,3,5.0,,1.0,0,1,3,3,1,0,0
B. Kinghorn,blair-kinghorn,Six Nations,2025,5,400,2,1,18,86.0,575.0,6.68,210.0,25.0,9,13,6,57.0,9,7.0,4.0,0.44,0,0,12,11,3,0,0
B. Kinghorn,blair-kinghorn,Six Nations,2024,3,226,0,1,0,38.0,212.0,5.58,105.0,6.0,1,5,4,21.0,3,7.0,5.0,0.54,1,0,5,9,1,0,0
B. Muncaster,ben-muncaster,Six Nations,2025,1,14,0,0,0,3.0,2.0,0.77,2.0,,0,0,0,1.0,0,3.0,,1.0,1,0,0,1,0,0,0
B. Murray,blair-murray-1,Six Nations,2026,2,28,0,0,0,2.0,3.0,1.45,4.0,1.0,0,0,0,1.0,0,1.0,1.0,0.33,0,0,0,0,0,0,0
B. Murray,blair-murray-1,Six Nations,2025,5,339,1,1,5,42.0,301.0,7.17,218.0,25.0,5,5,2,27.0,2,15.0,1.0,0.68,1,0,3,16,2,0,0
B. Rodd,bevan-rodd,Six Nations,2026,5,127,0,0,0,8.0,34.0,4.19,29.0,1.0,1,2,0,9.0,0,35.0,2.0,0.95,1,0,0,0,3,0,0
B. Serin,baptiste-serin,Six Nations,2026,4,42,0,2,0,6.0,60.0,9.97,61.0,5.0,3,0,1,63.0,2,3.0,,1.0,0,0,1,4,0,0,0
B. Spencer,ben-spencer,Six Nations,2026,4,134,0,0,0,3.0,10.0,3.23,4.0,,0,0,0,118.0,1,7.0,4.0,0.58,0,0,2,26,1,0,0
B. Spencer,ben-spencer,Six Nations,2024,1,33,0,1,0,1.0,3.0,2.9,2.0,,0,0,0,31.0,1,1.0,,1.0,0,0,1,7,1,0,0
B. Thomas,ben-thomas,Six Nations,2026,1,70,0,0,0,6.0,7.0,1.15,3.0,1.0,0,0,1,5.0,1,5.0,2.0,0.56,0,0,2,1,2,1,0
B. Thomas,ben-thomas,Six Nations,2025,5,368,3,1,18,44.0,117.0,2.66,104.0,7.0,4,1,4,103.0,4,44.0,6.0,0.81,0,1,5,17,3,0,0
B. White,ben-white,Six Nations,2026,5,302,2,2,10,20.0,33.0,1.65,18.0,3.0,1,4,2,366.0,10,28.0,3.0,0.82,2,0,3,55,0,0,0
B. White,ben-white,Six Nations,2025,5,322,3,1,15,14.0,60.0,4.32,16.0,4.0,0,3,3,412.0,8,26.0,6.0,0.74,1,0,5,56,1,0,0
B. White,ben-white,Six Nations,2024,4,274,1,0,5,9.0,25.0,2.79,11.0,,0,1,2,201.0,6,30.0,7.0,0.73,2,0,2,48,0,0,0
C. Baille,cyril-baille,Six Nations,2025,5,152,0,0,0,16.0,29.0,1.81,26.0,,0,1,0,12.0,1,29.0,,0.97,1,1,0,0,1,0,0
C. Baille,cyril-baille,Six Nations,2024,5,267,0,0,0,41.0,20.0,0.48,49.0,7.0,0,0,1,13.0,1,35.0,3.0,0.9,0,0,1,0,3,0,0
C. Casey,craig-casey,Six Nations,2026,4,64,0,0,0,2.0,6.0,2.75,7.0,4.0,0,0,0,67.0,3,4.0,1.0,0.5,2,0,0,10,1,1,0
C. Casey,craig-casey,Six Nations,2024,1,72,0,1,0,5.0,15.0,2.98,7.0,1.0,0,0,0,94.0,3,3.0,,0.6,0,0,1,8,0,0,0
C. Cunningham-South,chandler-cunningham-south,Six Nations,2026,2,9,0,0,0,2.0,21.0,10.5,6.0,,0,0,0,,0,4.0,2.0,0.67,0,0,0,0,0,0,0
C. Cunningham-South,chandler-cunningham-south,Six Nations,2025,4,145,2,0,10,15.0,76.0,5.03,45.0,3.0,0,0,1,4.0,0,24.0,5.0,0.75,5,1,1,0,4,0,0
C. Cunningham-South,chandler-cunningham-south,Six Nations,2024,4,72,0,0,0,7.0,43.0,6.14,31.0,1.0,1,1,0,2.0,0,24.0,1.0,0.86,2,0,1,0,0,0,0
C. Cunningham-South,chandler-cunningham-south,U20 Six Nations,2023,3,227,2,0,10,27.0,82.0,3.03,70.0,2.0,0,2,2,10.0,0,38.0,6.0,0.78,3,0,3,1,2,0,0
C. Doris,caelan-doris,Six Nations,2026,5,400,0,2,0,62.0,186.0,3.0,143.0,15.0,2,3,6,37.0,2,83.0,4.0,0.86,1,3,7,1,7,0,0
C. Doris,caelan-doris,Six Nations,2025,4,309,1,0,5,46.0,152.0,3.32,58.0,2.0,0,3,5,27.0,1,51.0,7.0,0.78,2,4,5,0,3,0,0
C. Doris,caelan-doris,Six Nations,2024,5,400,0,1,0,56.0,141.0,2.51,115.0,6.0,1,2,4,33.0,4,56.0,10.0,0.85,3,1,5,0,2,0,0
C. Frawley,ciaran-frawley,Six Nations,2026,3,51,0,1,0,6.0,41.0,6.8,18.0,1.0,0,2,0,6.0,0,1.0,,0.5,0,1,0,2,0,0,0
C. Frawley,ciaran-frawley,Six Nations,2024,3,125,1,1,5,11.0,34.0,3.06,39.0,6.0,1,0,0,21.0,1,6.0,2.0,0.67,0,1,0,5,0,0,0
C. Healy,cian-healy,Six Nations,2025,3,29,1,0,5,7.0,13.0,1.84,10.0,2.0,0,1,0,3.0,0,4.0,4.0,0.5,0,0,0,0,0,0,0
C. Healy,cian-healy,Six Nations,2024,4,58,0,0,0,5.0,8.0,1.58,14.0,1.0,0,0,0,3.0,0,21.0,1.0,0.88,0,0,0,1,0,0,0
C. Izuchukwu,cormac-izuchukwu,Six Nations,2026,1,59,0,0,0,7.0,23.0,3.24,9.0,,1,1,0,4.0,0,6.0,,1.0,1,1,1,0,1,0,0
C. Murley,cadan-murley,Six Nations,2026,2,160,1,0,5,11.0,64.0,5.85,55.0,3.0,0,0,1,3.0,0,12.0,2.0,0.71,2,0,1,2,1,0,0
C. Murley,cadan-murley,Six Nations,2025,1,80,1,1,5,9.0,57.0,6.29,38.0,3.0,3,1,0,4.0,0,9.0,1.0,0.9,1,1,1,0,0,0,0
C. Murray,conor-murray,Six Nations,2025,5,43,0,1,0,3.0,4.0,1.17,2.0,1.0,0,0,1,63.0,0,4.0,4.0,0.5,0,0,2,2,0,0,0
C. Murray,conor-murray,Six Nations,2024,4,59,0,1,0,4.0,8.0,1.95,5.0,2.0,0,1,0,51.0,2,6.0,1.0,0.86,0,1,0,7,0,0,0
C. Nash,calvin-nash,Six Nations,2025,2,134,1,0,5,14.0,50.0,3.59,12.0,2.0,2,2,0,4.0,1,5.0,4.0,0.5,0,0,2,1,2,1,0
C. Nash,calvin-nash,Six Nations,2024,5,287,2,1,10,36.0,196.0,5.44,102.0,10.0,2,2,2,14.0,1,9.0,3.0,0.6,3,0,3,3,0,0,0
C. Ollivon,charles-ollivon,Six Nations,2026,5,277,2,1,10,26.0,92.0,3.55,38.0,1.0,0,3,2,16.0,1,52.0,9.0,0.78,4,0,3,0,1,0,0
C. Ollivon,charles-ollivon,Six Nations,2024,5,331,1,1,5,35.0,110.0,3.15,80.0,2.0,0,2,2,20.0,1,49.0,4.0,0.86,3,0,3,0,2,0,0
C. Prendergast,cian-prendergast,Six Nations,2026,2,67,0,0,0,2.0,0.0,0.2,2.0,,0,0,0,7.0,0,13.0,3.0,0.72,1,2,1,0,0,0,0
C. Woki,cameron-woki,Six Nations,2024,3,114,0,1,0,7.0,5.0,0.67,9.0,1.0,0,1,2,5.0,0,15.0,1.0,0.88,2,0,2,0,1,0,0
D. Bamba,demba-bamba,Six Nations,2026,2,55,0,0,0,7.0,11.0,1.53,24.0,2.0,0,0,0,1.0,1,8.0,3.0,0.67,1,0,0,0,3,1,0
D. Cherry,david-cherry,Six Nations,2026,2,85,0,0,0,8.0,10.0,1.19,8.0,,0,0,1,3.0,0,17.0,3.0,0.85,1,0,2,0,2,0,0
D. Cherry,david-cherry,Six Nations,2025,5,265,0,1,0,26.0,60.0,2.32,32.0,,0,1,0,11.0,0,35.0,1.0,0.92,1,3,2,0,3,0,0
D. Edwards,daniel-edwards,Six Nations,2026,4,282,1,1,27,10.0,37.0,3.7,30.0,5.0,1,0,1,64.0,1,18.0,9.0,0.62,0,1,4,27,0,0,0
D. Edwards,daniel-edwards,Six Nations,2025,2,86,0,0,0,9.0,41.0,4.53,18.0,3.0,0,0,0,31.0,1,7.0,1.0,0.88,0,0,0,9,1,0,0
D. Edwards,daniel-edwards,U20 Six Nations,2023,5,367,1,2,40,15.0,106.0,7.1,52.0,3.0,3,2,3,89.0,5,27.0,10.0,0.61,0,0,7,28,2,1,0
D. Fischetti,danilo-fischetti,Six Nations,2026,5,276,0,0,0,26.0,39.0,1.5,44.0,1.0,0,1,2,8.0,0,48.0,4.0,0.89,7,2,3,0,5,0,0
D. Fischetti,danilo-fischetti,Six Nations,2025,5,266,0,0,0,21.0,23.0,1.1,38.0,4.0,1,1,1,3.0,0,53.0,5.0,0.83,6,1,1,1,4,0,0
D. Fischetti,danilo-fischetti,Six Nations,2024,5,295,0,0,0,20.0,15.0,0.77,30.0,5.0,0,1,2,8.0,0,49.0,8.0,0.79,3,2,2,0,4,0,0
D. Graham,darcy-graham,Six Nations,2026,5,210,4,0,20,24.0,116.0,4.82,125.0,16.0,7,2,6,7.0,0,12.0,4.0,0.71,2,1,6,1,2,0,0
D. Graham,darcy-graham,Six Nations,2025,4,239,2,2,10,33.0,220.0,6.68,144.0,17.0,4,0,4,9.0,0,15.0,4.0,0.71,2,0,4,3,0,0,0
D. Lamb,dino-lamb,Six Nations,2025,3,89,0,0,0,2.0,0.0,0.0,6.0,1.0,0,0,0,2.0,0,17.0,2.0,0.81,3,0,0,0,3,1,0
D. Odiase,david-odiase,Six Nations,2026,3,39,0,0,0,12.0,31.0,2.58,13.0,,0,1,0,4.0,0,6.0,1.0,0.86,0,1,0,0,0,0,0
D. Odiase,david-odiase,U20 Six Nations,2023,5,400,0,0,0,62.0,181.0,2.92,159.0,8.0,0,1,2,7.0,0,71.0,5.0,0.91,12,4,3,3,2,0,0
D. Penaud,damian-penaud,Six Nations,2025,3,232,2,2,10,22.0,204.0,9.29,100.0,9.0,4,1,3,21.0,3,13.0,13.0,0.46,3,1,3,10,1,0,0
D. Penaud,damian-penaud,Six Nations,2024,5,400,1,3,5,42.0,294.0,7.01,247.0,27.0,11,11,9,36.0,5,17.0,4.0,0.63,2,2,12,8,1,0,0
D. Rae,darcy-rae,Six Nations,2026,2,50,0,0,0,5.0,0.0,0.06,2.0,,0,0,0,2.0,0,2.0,,1.0,0,0,0,0,1,0,0
D. Sheehan,dan-sheehan,Six Nations,2026,4,235,2,0,10,24.0,68.0,2.83,50.0,6.0,1,0,0,7.0,1,33.0,7.0,0.8,1,0,0,0,2,0,0
D. Sheehan,dan-sheehan,Six Nations,2025,5,284,5,0,25,36.0,80.0,2.23,64.0,6.0,1,0,6,18.0,3,39.0,2.0,0.89,4,0,7,0,1,0,0
D. Sheehan,dan-sheehan,Six Nations,2024,5,289,5,1,25,42.0,143.0,3.4,89.0,8.0,6,0,2,10.0,3,35.0,6.0,0.83,0,1,5,0,2,0,0
D. van der Merwe,duhan-van-der-merwe,Six Nations,2026,1,55,0,0,0,5.0,29.0,5.86,17.0,1.0,1,0,1,1.0,1,1.0,,1.0,0,1,1,0,0,0,0
D. van der Merwe,duhan-van-der-merwe,Six Nations,2025,5,390,2,1,10,53.0,279.0,5.26,194.0,28.0,6,7,2,21.0,2,18.0,2.0,0.82,1,2,4,0,1,1,0
D. van der Merwe,duhan-van-der-merwe,Six Nations,2024,5,398,5,0,25,41.0,279.0,6.8,162.0,15.0,6,3,5,13.0,2,17.0,6.0,0.61,1,1,6,2,5,1,0
E. Ashman,ewan-ashman,Six Nations,2026,3,143,0,0,0,26.0,47.0,1.79,32.0,,0,2,0,4.0,0,25.0,3.0,0.81,1,0,1,0,2,0,0
E. Ashman,ewan-ashman,Six Nations,2025,5,135,0,0,0,21.0,53.0,2.54,48.0,3.0,0,5,0,10.0,2,26.0,2.0,0.81,5,0,0,0,2,0,0
E. Ashman,ewan-ashman,Six Nations,2024,5,111,0,0,0,15.0,16.0,1.08,26.0,2.0,0,1,1,8.0,0,23.0,,0.96,3,2,1,0,3,1,0
E. Daly,elliot-daly,Six Nations,2026,2,127,0,1,0,12.0,67.0,5.61,27.0,4.0,0,0,2,5.0,0,1.0,3.0,0.2,0,0,3,9,1,0,0
E. Daly,elliot-daly,Six Nations,2025,4,199,1,1,5,22.0,126.0,5.73,55.0,7.0,2,2,1,15.0,1,14.0,1.0,0.93,4,0,4,5,2,0,0
E. Daly,elliot-daly,Six Nations,2024,5,329,1,2,5,20.0,71.0,3.55,44.0,6.0,4,0,1,17.0,3,12.0,5.0,0.63,2,0,4,10,1,1,0
E. Dee,elliott-dee,Six Nations,2025,5,234,0,0,0,24.0,29.0,1.21,23.0,,0,1,1,26.0,2,43.0,4.0,0.84,4,0,1,0,5,0,0
E. Dee,elliott-dee,Six Nations,2024,5,298,1,0,5,42.0,44.0,1.05,39.0,,0,1,0,25.0,0,46.0,,0.98,0,2,2,0,2,0,0
E. Edogbo,edwin-edogbo,Six Nations,2026,1,10,0,0,0,,,,,,0,0,0,,0,9.0,,1.0,0,0,0,0,1,0,0
E. Gailleton,emilien-gailleton,Six Nations,2026,2,140,2,1,10,14.0,122.0,8.73,99.0,7.0,3,2,0,6.0,0,21.0,4.0,0.7,0,3,0,0,2,0,0
E. Gailleton,emilien-gailleton,Six Nations,2025,1,13,1,0,5,1.0,2.0,1.8,2.0,2.0,1,0,0,,0,3.0,1.0,0.75,0,1,0,0,0,0,0
E. Gailleton,emilien-gailleton,U20 Six Nations,2023,3,240,2,3,10,16.0,148.0,9.28,86.0,5.0,3,0,2,18.0,1,29.0,3.0,0.83,1,1,2,6,1,0,0
E. Genge,ellis-genge,Six Nations,2026,5,270,0,0,0,39.0,54.0,1.37,75.0,9.0,0,1,5,9.0,0,27.0,4.0,0.79,5,0,5,0,4,1,0
E. Genge,ellis-genge,Six Nations,2025,5,303,0,0,0,31.0,38.0,1.21,43.0,5.0,0,2,0,14.0,3,39.0,7.0,0.8,1,0,1,0,6,0,0
E. Genge,ellis-genge,Six Nations,2024,4,194,0,0,0,22.0,44.0,2.02,37.0,4.0,0,0,0,10.0,0,20.0,4.0,0.71,0,0,0,0,3,0,0
E. Johnson,ewan-johnson,Six Nations,2025,1,8,0,0,0,,,,,,0,0,0,,0,1.0,,0.5,0,0,0,0,0,0,0
E. Meafou,emmanuel-meafou,Six Nations,2026,5,223,1,0,5,37.0,88.0,2.37,77.0,5.0,0,4,1,17.0,2,36.0,2.0,0.9,8,2,2,1,3,0,0
E. Meafou,emmanuel-meafou,Six Nations,2025,4,180,0,0,0,25.0,35.0,1.4,30.0,2.0,0,3,1,17.0,2,27.0,1.0,0.9,1,0,1,0,3,0,0
E. Meafou,emmanuel-meafou,Six Nations,2024,2,99,0,0,0,18.0,29.0,1.63,22.0,2.0,0,0,0,2.0,0,8.0,,1.0,0,1,0,0,0,0,0
E. Mee,ellis-mee,Six Nations,2026,4,254,0,0,0,14.0,66.0,4.7,66.0,6.0,1,0,5,5.0,0,22.0,11.0,0.54,0,4,6,3,2,0,0
E. Mee,ellis-mee,Six Nations,2025,3,240,0,0,0,23.0,125.0,5.43,79.0,7.0,2,1,4,7.0,4,14.0,4.0,0.58,2,1,4,7,2,0,0
E. Millar-Mills,elliot-millar-mills,Six Nations,2026,3,71,0,0,0,11.0,7.0,0.67,13.0,1.0,0,0,0,2.0,0,13.0,,0.93,0,1,0,0,2,0,0
E. Millar-Mills,elliot-millar-mills,Six Nations,2024,3,50,0,0,0,6.0,3.0,0.57,5.0,,0,0,0,1.0,0,9.0,1.0,0.9,0,0,0,0,2,0,0
F. Baxter,fin-baxter,Six Nations,2025,5,97,1,0,5,8.0,6.0,0.79,10.0,,0,0,0,3.0,1,19.0,3.0,0.83,1,0,0,0,3,0,0
F. Bealham,finlay-bealham,Six Nations,2026,3,70,0,0,0,11.0,14.0,1.23,11.0,,0,0,0,3.0,2,7.0,1.0,0.7,0,1,0,0,4,0,0
F. Bealham,finlay-bealham,Six Nations,2025,5,254,0,0,0,16.0,13.0,0.79,20.0,1.0,0,0,0,6.0,3,40.0,1.0,0.95,1,2,0,0,0,0,0
F. Bealham,finlay-bealham,Six Nations,2024,4,121,0,0,0,14.0,4.0,0.29,17.0,,0,0,0,2.0,0,15.0,3.0,0.79,0,0,0,0,1,0,0
F. Cros,francois-cros,Six Nations,2026,5,329,0,0,0,16.0,30.0,1.84,24.0,,0,2,2,17.0,0,51.0,6.0,0.84,5,2,3,0,2,0,0
F. Cros,francois-cros,Six Nations,2025,5,374,0,0,0,15.0,22.0,1.44,30.0,1.0,0,2,1,10.0,0,70.0,6.0,0.86,0,3,2,0,2,1,0
F. Cros,francois-cros,Six Nations,2024,5,373,0,0,0,23.0,70.0,3.05,60.0,7.0,1,1,1,15.0,0,58.0,5.0,0.87,4,4,1,0,2,0,0
F. Dingwall,fraser-dingwall,Six Nations,2026,3,240,1,3,5,19.0,53.0,2.81,32.0,1.0,2,4,2,42.0,2,19.0,8.0,0.63,4,0,4,1,2,0,0
F. Dingwall,fraser-dingwall,Six Nations,2025,2,153,0,0,0,7.0,17.0,2.39,6.0,1.0,1,0,0,17.0,0,19.0,4.0,0.73,2,0,0,3,0,0,0
F. Dingwall,fraser-dingwall,Six Nations,2024,2,160,1,0,5,5.0,7.0,1.32,14.0,,0,0,3,12.0,2,18.0,8.0,0.62,3,0,3,0,2,0,0
F. Douglas,freddie-douglas,Six Nations,2026,1,13,0,0,0,,,,,,0,0,0,,0,4.0,1.0,0.8,0,0,0,0,0,0,0
F. Douglas,freddie-douglas,U20 Six Nations,2025,3,240,3,0,15,23.0,113.0,4.93,93.0,7.0,3,2,2,18.0,0,37.0,6.0,0.79,1,9,2,0,7,0,0
F. Douglas,freddie-douglas,U20 Six Nations,2024,5,378,3,0,15,27.0,71.0,2.62,65.0,4.0,1,2,3,18.0,2,77.0,6.0,0.84,6,13,4,0,4,0,0
F. Russell,finn-russell,Six Nations,2026,5,400,2,3,53,32.0,127.0,3.98,72.0,9.0,3,5,3,128.0,15,37.0,8.0,0.82,0,0,5,31,1,0,0
F. Russell,finn-russell,Six Nations,2025,5,322,0,3,27,16.0,85.0,5.29,43.0,7.0,2,2,8,141.0,17,17.0,11.0,0.57,2,0,10,28,1,0,0
F. Russell,finn-russell,Six Nations,2024,5,400,0,3,55,33.0,132.0,4.02,38.0,3.0,1,5,4,140.0,14,36.0,8.0,0.73,4,2,6,81,1,0,0
F. Ruzza,federico-ruzza,Six Nations,2026,5,167,0,0,0,14.0,37.0,2.61,13.0,1.0,1,1,3,17.0,3,28.0,5.0,0.82,4,2,3,0,2,0,0
F. Ruzza,federico-ruzza,Six Nations,2025,5,369,0,1,0,14.0,65.0,4.67,27.0,3.0,2,0,3,32.0,3,51.0,7.0,0.81,5,1,3,0,3,0,0
F. Ruzza,federico-ruzza,Six Nations,2024,5,354,0,0,0,18.0,37.0,2.07,22.0,4.0,0,2,2,31.0,0,62.0,5.0,0.9,1,1,3,0,2,0,0
F. Smith,finlay-smith,Six Nations,2026,3,183,0,1,15,13.0,43.0,3.34,27.0,2.0,0,0,1,46.0,3,16.0,3.0,0.76,0,0,3,13,1,0,0
F. Smith,finlay-smith,Six Nations,2025,5,310,0,4,29,23.0,79.0,3.42,38.0,7.0,0,0,2,74.0,4,45.0,9.0,0.78,2,0,3,39,0,0,0
F. Smith,finlay-smith,Six Nations,2024,2,33,0,0,0,3.0,2.0,0.8,6.0,2.0,0,0,1,9.0,1,6.0,,0.86,0,0,1,1,0,0,0
F. Steward,freddie-steward,Six Nations,2026,3,174,0,1,0,22.0,124.0,5.63,58.0,8.0,1,2,4,16.0,0,8.0,2.0,0.8,1,1,7,6,0,1,0
F. Steward,freddie-steward,Six Nations,2025,1,65,0,0,0,7.0,67.0,9.54,14.0,1.0,0,0,0,3.0,0,1.0,1.0,0.33,0,0,0,3,0,0,0
F. Steward,freddie-steward,Six Nations,2024,2,160,0,0,0,23.0,149.0,6.47,89.0,8.0,1,0,2,2.0,0,2.0,1.0,0.4,0,0,3,6,0,0,0
F. Thomas,freddie-thomas,Six Nations,2026,1,4,0,0,0,,,,,,0,0,0,,0,,,,0,0,0,0,0,0,0
F. Thomas,freddie-thomas,Six Nations,2025,2,93,0,0,0,8.0,3.0,0.33,10.0,,0,0,0,8.0,0,10.0,1.0,0.91,1,0,0,0,3,1,0
G. Alldritt,gregory-alldritt,Six Nations,2025,5,303,2,0,10,59.0,196.0,3.32,106.0,8.0,0,3,2,27.0,0,50.0,8.0,0.78,1,4,2,0,2,0,0
G. Alldritt,gregory-alldritt,Six Nations,2024,4,279,0,0,0,49.0,115.0,2.35,104.0,8.0,0,3,3,16.0,2,44.0,5.0,0.86,0,3,3,0,2,0,0
G. Anscombe,gareth-anscombe,Six Nations,2025,3,155,0,1,13,9.0,22.0,2.47,12.0,1.0,0,0,0,57.0,4,14.0,4.0,0.7,1,0,3,19,0,0,0
G. Arfeuil,gregoire-arfeuil,U20 Six Nations,2024,1,50,0,0,0,5.0,63.0,12.58,36.0,2.0,2,0,2,,0,3.0,1.0,0.75,0,0,2,1,1,1,0
G. Brown,gregor-brown,Six Nations,2026,4,224,0,0,0,25.0,39.0,1.55,34.0,1.0,0,0,3,12.0,2,38.0,1.0,0.97,1,0,3,0,1,0,0
G. Brown,gregor-brown,Six Nations,2025,5,137,0,0,0,22.0,21.0,0.94,41.0,2.0,0,0,1,8.0,0,21.0,,0.95,0,1,1,0,1,0,0
G. Colombe,georges-henri-colombe,Six Nations,2026,1,26,0,0,0,3.0,2.0,0.67,5.0,,0,0,0,,0,6.0,,1.0,1,0,1,0,1,0,0
G. Colombe,georges-henri-colombe,Six Nations,2025,2,55,0,0,0,5.0,2.0,0.42,4.0,1.0,0,1,0,1.0,0,9.0,1.0,0.9,0,0,0,0,1,0,0
G. Colombe,georges-henri-colombe,Six Nations,2024,2,48,1,0,5,9.0,6.0,0.68,13.0,2.0,0,0,0,,0,7.0,,1.0,0,1,0,0,0,0,0
G. Drean,gael-drean,Six Nations,2026,1,80,1,0,5,4.0,31.0,7.78,25.0,1.0,2,0,0,2.0,0,6.0,1.0,0.86,2,1,2,1,0,0,0
G. Fickou,gael-fickou,Six Nations,2025,1,80,0,2,0,2.0,12.0,5.75,10.0,2.0,1,0,0,3.0,0,10.0,5.0,0.63,1,1,1,0,1,0,0
G. Fickou,gael-fickou,Six Nations,2024,5,400,3,1,15,40.0,170.0,4.25,126.0,15.0,4,5,0,33.0,3,43.0,3.0,0.84,5,0,1,1,4,0,0
G. Fisilau,greg-fisilau,U20 Six Nations,2023,5,400,0,0,0,54.0,185.0,3.42,168.0,12.0,0,4,2,23.0,2,75.0,4.0,0.86,9,5,3,0,5,0,0
G. Ford,george-ford,Six Nations,2026,3,240,0,3,27,26.0,187.0,7.2,20.0,4.0,3,0,0,98.0,2,17.0,2.0,0.77,1,0,3,40,0,0,0
G. Ford,george-ford,Six Nations,2025,1,25,0,2,0,,,,,,0,0,0,9.0,1,3.0,,0.75,0,0,0,2,0,0,0
G. Ford,george-ford,Six Nations,2024,5,345,0,0,48,14.0,68.0,4.82,2.0,,0,0,0,114.0,6,33.0,2.0,0.85,0,3,1,43,0,0,0
G. Furbank,george-furbank,Six Nations,2024,3,168,2,0,10,23.0,151.0,6.58,66.0,4.0,2,2,4,15.0,3,2.0,3.0,0.25,0,0,6,4,2,0,0
G. Gilchrist,grant-gilchrist,Six Nations,2026,4,189,0,1,0,24.0,6.0,0.24,22.0,,0,0,0,13.0,1,32.0,,1.0,2,0,2,0,3,0,0
G. Gilchrist,grant-gilchrist,Six Nations,2025,5,371,0,0,0,34.0,18.0,0.53,44.0,2.0,0,1,2,37.0,2,34.0,2.0,0.92,1,0,3,0,4,0,0
G. Gilchrist,grant-gilchrist,Six Nations,2024,4,291,0,0,0,16.0,11.0,0.67,27.0,1.0,0,0,2,16.0,2,34.0,,1.0,2,1,2,1,2,0,0
G. Hamer-Webb,gabriel-hamer-webb,Six Nations,2026,1,54,0,0,0,2.0,7.0,3.65,8.0,,0,0,0,,0,3.0,1.0,0.6,0,0,0,0,0,0,0
G. Horne,george-horne,Six Nations,2026,5,98,1,0,5,13.0,40.0,3.11,11.0,2.0,1,1,0,102.0,0,8.0,4.0,0.53,0,1,0,15,1,0,0
G. Horne,george-horne,Six Nations,2025,2,48,0,0,0,4.0,23.0,5.75,18.0,2.0,1,1,0,42.0,1,8.0,1.0,0.8,0,0,0,7,0,0,0
G. Horne,george-horne,Six Nations,2024,4,104,0,0,0,7.0,42.0,6.03,15.0,1.0,1,2,0,107.0,0,9.0,1.0,0.82,1,0,0,12,3,0,0
G. Lucchesi,gianmarcolucchesi,Six Nations,2025,5,213,0,0,0,17.0,25.0,1.48,37.0,5.0,1,0,1,8.0,0,44.0,2.0,0.92,3,1,1,0,1,0,0
G. Lucchesi,gianmarcolucchesi,Six Nations,2024,5,195,0,0,0,10.0,4.0,0.36,6.0,,0,0,1,6.0,0,53.0,5.0,0.84,2,4,2,0,4,0,0
G. Martin,george-martin,Six Nations,2025,2,121,0,0,0,7.0,4.0,0.61,9.0,,0,0,1,2.0,0,26.0,1.0,0.96,2,0,1,0,1,0,0
G. Martin,george-martin,Six Nations,2024,3,193,0,0,0,15.0,27.0,1.81,37.0,2.0,0,0,1,7.0,0,29.0,6.0,0.76,6,0,2,0,1,0,0
G. McCarthy,gus-mccarthy,Six Nations,2025,2,15,0,0,0,2.0,3.0,1.6,4.0,,0,0,0,,0,9.0,1.0,0.9,1,0,1,0,0,0,0
G. McCarthy,gus-mccarthy,U20 Six Nations,2023,5,353,1,0,5,39.0,134.0,3.44,86.0,3.0,2,2,4,24.0,5,38.0,3.0,0.88,2,2,6,0,1,0,0
G. Nicotera,giacomo-nicotera,Six Nations,2026,5,289,1,0,5,18.0,35.0,1.93,21.0,,0,1,0,9.0,0,58.0,14.0,0.77,8,1,0,0,2,1,0
G. Nicotera,giacomo-nicotera,Six Nations,2025,5,198,0,0,0,6.0,1.0,0.2,7.0,,0,1,1,8.0,2,47.0,11.0,0.73,5,3,1,0,2,0,1
G. Nicotera,giacomo-nicotera,Six Nations,2024,5,205,0,0,0,12.0,26.0,2.17,29.0,,0,1,0,9.0,1,47.0,9.0,0.78,6,2,1,0,1,0,0
G. Pepper,guy-pepper,Six Nations,2026,5,303,0,0,0,29.0,59.0,2.04,55.0,6.0,0,2,3,16.0,0,49.0,4.0,0.86,5,2,4,0,7,0,0
G. Ringrose,garry-ringrose,Six Nations,2026,5,349,0,0,0,33.0,100.0,3.02,91.0,7.0,1,3,5,29.0,2,34.0,18.0,0.58,1,0,6,2,2,0,0
G. Ringrose,garry-ringrose,Six Nations,2025,4,218,0,0,0,14.0,46.0,3.28,50.0,4.0,1,0,3,10.0,1,25.0,9.0,0.63,3,1,4,1,2,0,1
G. Ringrose,garry-ringrose,Six Nations,2024,1,24,0,0,0,2.0,60.0,29.8,4.0,,1,0,1,,0,2.0,,1.0,0,0,1,0,0,0,0
G. Thomas,gareth-thomas,Six Nations,2025,5,174,0,0,0,10.0,8.0,0.75,16.0,,0,0,1,12.0,0,46.0,8.0,0.81,2,2,1,0,6,0,0
G. Thomas,gareth-thomas,Six Nations,2024,4,274,0,0,0,28.0,21.0,0.76,28.0,1.0,0,0,2,13.0,0,41.0,6.0,0.85,0,1,2,0,3,0,0
G. Turner,george-turner,Six Nations,2026,5,166,1,1,5,22.0,44.0,1.98,32.0,,0,0,1,7.0,2,16.0,4.0,0.73,0,1,1,0,2,1,0
G. Turner,george-turner,Six Nations,2024,5,283,0,0,0,29.0,83.0,2.85,46.0,6.0,0,0,2,16.0,4,49.0,8.0,0.84,4,0,2,1,2,1,0
G. Zilocchi,giosue-zilocchi,Six Nations,2026,2,61,0,0,0,6.0,12.0,1.98,12.0,1.0,0,1,0,3.0,0,12.0,2.0,0.86,1,0,0,0,1,0,0
G. Zilocchi,giosue-zilocchi,Six Nations,2025,2,58,0,0,0,1.0,0.0,0.0,1.0,,0,0,0,2.0,0,9.0,3.0,0.53,1,0,0,0,0,0,0
G. Zilocchi,giosue-zilocchi,Six Nations,2024,5,196,0,0,0,13.0,7.0,0.53,15.0,2.0,0,0,0,5.0,1,38.0,12.0,0.75,2,1,0,0,6,0,0
G. da Re,giacomo-da-re,Six Nations,2026,0,0,0,0,0,,,,,,0,0,0,,0,,,,0,0,0,0,0,0,0
H. Arundell,henry-arundell,Six Nations,2026,3,187,4,0,20,21.0,118.0,5.62,66.0,5.0,3,2,6,13.0,3,8.0,3.0,0.57,1,0,7,4,3,1,1
H. Auradou,hugo-auradou,Six Nations,2026,2,32,0,0,0,2.0,20.0,9.8,6.0,,0,0,1,3.0,0,7.0,,1.0,0,0,1,0,0,0,0
H. Auradou,hugo-auradou,Six Nations,2025,4,72,0,0,0,4.0,3.0,0.75,6.0,1.0,0,0,3,,0,12.0,,1.0,1,1,3,0,2,0,0
H. Auradou,hugo-auradou,U20 Six Nations,2023,1,67,1,0,5,3.0,7.0,2.27,12.0,1.0,0,0,1,3.0,0,11.0,2.0,0.85,1,1,1,0,0,0,0
H. Byrne,harry-byrne,Six Nations,2024,2,32,0,0,2,4.0,14.0,3.4,3.0,,0,0,1,16.0,0,3.0,,0.75,0,0,1,2,1,1,0
H. Deaves,harri-deaves,Six Nations,2026,1,28,0,0,0,5.0,20.0,3.9,18.0,,0,0,0,1.0,0,10.0,,0.91,0,0,1,0,1,0,0
H. Jones,huw-jones,Six Nations,2026,5,363,2,0,10,40.0,190.0,4.76,107.0,12.0,4,6,3,28.0,3,22.0,4.0,0.85,1,1,3,4,0,0,0
H. Jones,huw-jones,Six Nations,2025,5,370,4,1,20,52.0,203.0,3.9,126.0,8.0,4,3,5,28.0,2,23.0,5.0,0.72,3,2,7,2,3,0,0
H. Jones,huw-jones,Six Nations,2024,5,397,1,3,5,34.0,192.0,5.64,146.0,14.0,2,6,4,23.0,4,41.0,10.0,0.73,6,3,5,2,1,0,0
H. Keenan,hugo-keenan,Six Nations,2025,4,320,1,1,5,43.0,198.0,4.61,71.0,9.0,4,2,1,31.0,3,11.0,3.0,0.65,0,0,3,7,0,0,0
H. Keenan,hugo-keenan,Six Nations,2024,3,216,0,0,0,13.0,94.0,7.25,87.0,8.0,2,0,0,15.0,0,11.0,4.0,0.55,1,1,1,5,0,0,0
H. Pollock,henry-pollock,Six Nations,2026,5,144,0,0,0,24.0,112.0,4.66,77.0,7.0,1,2,3,6.0,1,19.0,4.0,0.79,1,3,3,1,1,1,0
H. Pollock,henry-pollock,Six Nations,2025,1,31,2,0,10,2.0,15.0,7.4,14.0,1.0,2,0,1,2.0,0,3.0,1.0,0.6,0,0,1,0,0,0,0
H. Pollock,henry-pollock,U20 Six Nations,2025,2,160,0,0,0,18.0,36.0,1.99,53.0,9.0,1,2,2,15.0,4,34.0,3.0,0.89,2,1,2,0,1,0,0
H. Pollock,henry-pollock,U20 Six Nations,2024,5,367,4,1,20,56.0,213.0,3.8,135.0,10.0,1,0,3,30.0,3,39.0,5.0,0.78,1,5,3,1,5,0,0
H. Randall,harry-randall,Six Nations,2025,2,34,0,0,0,2.0,4.0,1.95,1.0,,0,0,0,25.0,2,4.0,,1.0,0,0,1,8,0,0,0
H. Reus,hugo-reus,U20 Six Nations,2024,1,80,0,0,11,6.0,44.0,7.38,21.0,1.0,1,0,2,9.0,1,5.0,2.0,0.71,0,0,2,4,1,0,0
H. Reus,hugo-reus,U20 Six Nations,2023,3,175,0,1,31,17.0,80.0,4.68,71.0,7.0,3,1,0,33.0,1,10.0,,1.0,0,0,3,17,1,0,0
H. Slade,henry-slade,Six Nations,2025,3,236,0,1,0,10.0,82.0,8.25,23.0,,2,0,3,9.0,1,21.0,12.0,0.58,5,1,4,10,1,0,0
H. Slade,henry-slade,Six Nations,2024,5,347,0,2,0,23.0,74.0,3.22,33.0,1.0,2,2,5,31.0,5,20.0,9.0,0.63,2,0,7,10,0,0,0
H. Thomas,harry-thomas,U20 Six Nations,2025,5,345,5,0,25,21.0,51.0,2.44,21.0,3.0,0,1,3,16.0,2,75.0,13.0,0.83,4,5,4,0,8,0,0
H. Thomas,harry-thomas,U20 Six Nations,2024,5,280,1,0,5,21.0,45.0,2.14,33.0,1.0,0,0,1,11.0,2,52.0,5.0,0.78,0,4,2,0,8,1,0
I. Henderson,iain-henderson,Six Nations,2025,1,19,0,0,0,,,,,,0,0,1,,0,5.0,,1.0,0,0,2,0,0,0,0
I. Henderson,iain-henderson,Six Nations,2024,2,39,0,0,0,4.0,8.0,2.1,8.0,,0,0,0,3.0,1,4.0,,0.8,0,0,0,0,2,0,0
J. Bayliss,josh-bayliss,Six Nations,2026,2,72,0,0,0,13.0,31.0,2.37,22.0,2.0,0,0,2,,0,13.0,2.0,0.81,1,0,2,0,1,1,0
J. Bhatti,jamie-bhattie,Six Nations,2025,1,9,0,0,0,4.0,0.0,0.1,2.0,,0,0,1,3.0,1,1.0,,1.0,0,0,1,0,0,0,0
J. Boyle,jack-boyle,Six Nations,2025,2,26,0,0,0,2.0,4.0,2.15,4.0,1.0,0,0,0,2.0,0,7.0,1.0,0.78,0,0,0,0,0,0,0
J. Brennan,joshua-brennan,Six Nations,2026,1,15,0,0,0,3.0,1.0,0.33,5.0,,0,0,0,1.0,0,4.0,1.0,0.67,1,0,0,0,0,0,0
J. Brex,juan-ignacio-brex,Six Nations,2026,3,201,0,1,0,14.0,20.0,1.39,28.0,1.0,0,0,1,15.0,1,24.0,4.0,0.83,3,0,4,3,1,0,0
J. Brex,juan-ignacio-brex,Six Nations,2025,5,400,2,1,10,28.0,140.0,4.99,63.0,1.0,2,0,0,39.0,5,41.0,15.0,0.64,5,1,3,5,1,0,0
J. Brex,juan-ignacio-brex,Six Nations,2024,5,400,1,0,5,36.0,68.0,1.88,72.0,2.0,1,4,1,59.0,4,53.0,17.0,0.65,0,4,2,8,2,0,0
J. Conan,jack-conan,Six Nations,2026,4,270,2,0,10,38.0,96.0,2.53,62.0,5.0,0,4,1,24.0,1,47.0,2.0,0.8,3,1,2,0,0,0,0
J. Conan,jack-conan,Six Nations,2025,5,218,3,0,15,39.0,136.0,3.47,91.0,3.0,2,2,2,15.0,1,40.0,2.0,0.89,1,3,3,0,1,0,0
J. Conan,jack-conan,Six Nations,2024,5,161,1,0,5,32.0,57.0,1.78,70.0,4.0,0,0,0,10.0,1,30.0,4.0,0.86,0,0,1,1,2,0,0
J. Crowley,jack-crowley,Six Nations,2026,5,294,1,2,47,23.0,77.0,3.35,40.0,5.0,1,2,3,110.0,7,43.0,9.0,0.78,1,1,5,19,0,0,0
J. Crowley,jack-crowley,Six Nations,2025,5,133,0,2,6,10.0,45.0,4.48,38.0,3.0,0,0,0,43.0,3,10.0,3.0,0.77,0,0,0,9,1,0,0
J. Crowley,jack-crowley,Six Nations,2024,5,400,1,1,52,45.0,129.0,2.87,82.0,10.0,2,5,2,163.0,7,34.0,8.0,0.76,2,0,10,33,1,0,0
J. Dempsey,jack-dempsey,Six Nations,2026,4,278,1,0,5,50.0,136.0,2.73,122.0,11.0,0,1,2,20.0,2,34.0,5.0,0.81,1,1,2,1,1,0,0
J. Dempsey,jack-dempsey,Six Nations,2025,4,223,0,0,0,49.0,147.0,3.01,95.0,6.0,0,1,1,18.0,0,31.0,3.0,0.86,3,1,3,0,1,0,0
J. Dempsey,jack-dempsey,Six Nations,2024,5,338,0,0,0,53.0,120.0,2.27,116.0,12.0,0,3,2,26.0,3,64.0,2.0,0.96,8,2,3,0,1,0,0
J. Dobie,jamie-dobie,Six Nations,2026,2,124,0,0,0,9.0,63.0,7.0,20.0,3.0,2,0,1,2.0,0,7.0,,1.0,1,0,2,2,1,0,0
J. Dobie,jamie-dobie,Six Nations,2025,3,89,0,0,0,9.0,16.0,1.72,14.0,3.0,0,0,1,50.0,2,6.0,,0.75,0,1,1,1,0,0,0
J. Evans,jarrod-evans,Six Nations,2026,3,63,0,0,3,4.0,8.0,2.13,5.0,,0,0,0,14.0,1,7.0,3.0,0.64,0,0,0,1,0,0,0
J. Evans,jarrod-evans,Six Nations,2025,3,85,0,2,8,14.0,20.0,1.41,14.0,6.0,0,2,1,51.0,1,5.0,2.0,0.45,0,0,1,5,1,0,0
J. George,jamie-george,Six Nations,2026,5,252,0,0,0,22.0,28.0,1.26,27.0,2.0,0,1,0,11.0,0,34.0,3.0,0.87,2,0,2,0,2,0,0
J. George,jamie-george,Six Nations,2025,4,140,0,1,0,13.0,38.0,2.92,32.0,2.0,1,1,0,13.0,1,25.0,3.0,0.86,0,1,0,0,0,0,0
J. George,jamie-george,Six Nations,2024,5,315,0,0,0,19.0,53.0,2.78,36.0,,1,0,0,4.0,1,44.0,3.0,0.94,3,0,0,0,0,0,0
J. Gibson-Park,jamison-gibson-park,Six Nations,2026,5,323,1,2,5,30.0,129.0,4.29,53.0,5.0,3,1,2,330.0,10,32.0,11.0,0.63,1,1,4,59,0,0,0
J. Gibson-Park,jamison-gibson-park,Six Nations,2025,5,357,1,2,5,14.0,63.0,4.5,40.0,2.0,0,2,2,334.0,13,34.0,10.0,0.68,4,2,3,40,0,0,0
J. Gibson-Park,jamison-gibson-park,Six Nations,2024,5,299,1,3,5,31.0,112.0,3.62,60.0,7.0,1,0,3,333.0,8,19.0,3.0,0.68,0,0,5,33,1,0,0
J. Gray,jonny-gray,Six Nations,2025,4,231,0,0,0,29.0,25.0,0.86,20.0,1.0,0,8,1,33.0,1,28.0,1.0,0.97,1,0,1,0,1,0,0
J. Gros,jean-baptiste-gros,Six Nations,2026,5,255,0,0,0,17.0,17.0,0.98,19.0,1.0,0,0,0,6.0,0,53.0,,0.98,11,1,0,0,1,0,0
J. Gros,jean-baptiste-gros,Six Nations,2025,5,239,0,0,0,28.0,45.0,1.6,53.0,4.0,0,1,1,9.0,0,35.0,2.0,0.92,1,1,2,0,1,1,0
J. Hathaway,josh-hathaway,Six Nations,2025,1,30,0,0,0,3.0,1.0,0.43,0.0,,0,0,1,,0,1.0,2.0,0.33,0,0,1,0,0,0,0
J. Hathaway,josh-hathaway,U20 Six Nations,2023,4,198,4,2,20,29.0,232.0,8.0,73.0,7.0,5,5,2,9.0,2,4.0,2.0,0.57,0,0,4,11,3,2,0
J. Hawkins,joe-hawkins,Six Nations,2026,4,310,0,1,0,35.0,84.0,2.39,62.0,2.0,1,1,0,45.0,1,41.0,8.0,0.73,0,2,2,4,3,1,0
J. Heyes,joe-heyes,Six Nations,2026,5,332,0,0,0,15.0,16.0,1.05,21.0,2.0,0,1,0,5.0,0,47.0,3.0,0.85,2,0,0,0,2,0,0
J. Heyes,joe-heyes,Six Nations,2025,5,107,1,0,5,5.0,4.0,0.88,9.0,,0,0,0,1.0,0,24.0,5.0,0.83,3,0,0,0,1,0,0
J. Loughman,jeremy-loughman,Six Nations,2026,3,171,0,0,0,11.0,12.0,1.13,15.0,,0,0,4,5.0,1,21.0,3.0,0.81,1,0,4,0,1,0,0
J. Loughman,jeremy-loughman,Six Nations,2024,1,24,0,0,0,1.0,5.0,5.1,4.0,,0,0,0,1.0,1,2.0,,0.67,0,0,0,0,1,0,0
J. Lowe,james-lowe,Six Nations,2026,2,98,0,0,0,14.0,144.0,10.25,61.0,9.0,3,4,1,8.0,0,10.0,,0.91,1,1,1,6,0,0,0
J. Lowe,james-lowe,Six Nations,2025,4,320,1,4,5,40.0,232.0,5.8,144.0,7.0,8,4,5,39.0,7,11.0,9.0,0.48,0,1,11,16,0,0,0
J. Lowe,james-lowe,Six Nations,2024,5,400,4,0,20,47.0,369.0,7.85,134.0,10.0,7,8,2,40.0,4,15.0,8.0,0.65,2,2,2,43,4,0,0
J. Macleod,josh-macleod,Six Nations,2026,1,52,0,0,0,7.0,16.0,2.36,9.0,2.0,1,0,0,2.0,0,12.0,1.0,0.92,0,1,0,0,1,0,0
J. Marchand,julien-marchand,Six Nations,2026,5,248,1,0,5,34.0,45.0,1.32,33.0,1.0,1,4,1,16.0,1,42.0,4.0,0.89,7,0,2,0,2,0,0
J. Marchand,julien-marchand,Six Nations,2025,5,160,1,0,5,25.0,49.0,1.97,28.0,3.0,0,2,0,10.0,1,25.0,3.0,0.78,0,2,1,0,0,0,0
J. Marchand,julien-marchand,Six Nations,2024,5,189,0,0,0,20.0,33.0,1.64,39.0,1.0,0,0,0,6.0,2,21.0,2.0,0.88,0,1,1,0,1,0,0
J. McCarthy,joe-mccarthy,Six Nations,2026,5,250,0,1,0,28.0,60.0,2.16,45.0,2.0,1,2,2,17.0,1,50.0,10.0,0.78,1,2,2,1,3,0,0
J. McCarthy,joe-mccarthy,Six Nations,2025,3,136,0,0,0,16.0,36.0,2.23,34.0,5.0,0,1,0,11.0,0,20.0,3.0,0.8,1,0,0,0,2,1,0
J. McCarthy,joe-mccarthy,Six Nations,2024,5,317,0,0,0,30.0,50.0,1.66,54.0,8.0,0,3,2,24.0,2,37.0,11.0,0.74,5,1,2,0,6,0,0
J. Morgan,jac-morgan,Six Nations,2025,5,400,1,0,5,50.0,143.0,2.85,147.0,9.0,2,2,4,24.0,2,88.0,4.0,0.87,10,2,4,1,3,0,0
J. Osborne,jamie-osborne,Six Nations,2026,5,383,4,0,20,49.0,227.0,4.64,106.0,9.0,2,3,6,34.0,2,18.0,5.0,0.62,2,0,10,12,1,1,0
J. Osborne,jamie-osborne,Six Nations,2025,2,160,1,0,5,24.0,96.0,4.01,66.0,6.0,2,1,2,8.0,4,12.0,1.0,0.75,1,1,4,10,0,0,0
J. Ritchie,jamie-ritchie,Six Nations,2026,1,41,1,0,5,2.0,4.0,2.15,5.0,1.0,1,0,0,6.0,0,5.0,2.0,0.71,0,0,0,0,2,0,0
J. Ritchie,jamie-ritchie,Six Nations,2025,5,300,0,0,0,26.0,25.0,0.97,38.0,4.0,2,2,4,37.0,2,36.0,3.0,0.88,3,7,4,0,6,1,0
J. Ritchie,jamie-ritchie,Six Nations,2024,3,125,0,0,0,10.0,17.0,1.68,22.0,1.0,0,1,1,5.0,0,21.0,1.0,0.91,2,1,1,0,2,0,0
J. Roberts,joe-roberts,Six Nations,2025,3,167,0,0,0,15.0,173.0,11.52,64.0,6.0,4,0,0,5.0,0,17.0,8.0,0.63,8,1,0,3,0,0,0
J. Roberts,joe-roberts,Six Nations,2024,1,61,1,0,5,4.0,18.0,4.4,17.0,2.0,0,0,0,2.0,0,11.0,2.0,0.79,0,0,1,2,0,0,0
J. Ryan,james-ryan,Six Nations,2026,4,240,0,0,0,35.0,34.0,0.97,62.0,3.0,0,0,1,14.0,1,25.0,5.0,0.76,2,0,1,0,4,0,0
J. Ryan,james-ryan,Six Nations,2025,5,220,0,0,0,11.0,21.0,1.92,7.0,,0,0,2,15.0,0,27.0,4.0,0.77,1,1,3,0,3,0,0
J. Ryan,james-ryan,Six Nations,2024,3,95,0,0,0,9.0,12.0,1.31,12.0,,0,0,0,3.0,0,23.0,2.0,0.92,1,0,0,0,2,1,0
J. Stockdale,jacob-stockdale,Six Nations,2026,2,149,1,1,5,16.0,80.0,5.02,62.0,9.0,1,0,1,7.0,0,8.0,3.0,0.73,1,1,3,1,0,0,0
J. Trulla,jacopo-trulla,Six Nations,2025,2,42,0,0,0,1.0,28.0,27.5,23.0,2.0,1,0,0,4.0,0,4.0,2.0,0.57,1,0,0,0,0,0,0
J. van Poortvliet,jack-van-poortvliet,Six Nations,2026,3,107,0,3,0,12.0,37.0,3.05,17.0,1.0,0,1,0,101.0,2,3.0,3.0,0.38,1,0,0,19,2,0,0
J. van Poortvliet,jack-van-poortvliet,Six Nations,2025,2,30,0,1,0,2.0,8.0,3.85,2.0,,0,1,0,18.0,1,1.0,2.0,0.33,0,0,1,4,1,0,0
J. van der Flier,josh-van-der-flier,Six Nations,2026,4,172,0,0,0,14.0,57.0,4.04,54.0,2.0,1,0,1,9.0,0,56.0,,0.95,0,0,2,1,0,0,0
J. van der Flier,josh-van-der-flier,Six Nations,2025,5,352,0,0,0,28.0,54.0,1.91,49.0,4.0,0,1,1,22.0,0,61.0,5.0,0.84,4,0,3,1,3,0,0
J. van der Flier,josh-van-der-flier,Six Nations,2024,5,269,0,0,0,27.0,79.0,2.93,72.0,2.0,0,1,1,19.0,0,31.0,10.0,0.74,1,2,2,0,0,0,0
K. Assiratti,kieron-assiratti,Six Nations,2025,4,148,0,0,0,10.0,3.0,0.29,14.0,,0,1,0,8.0,0,16.0,3.0,0.76,4,0,0,0,3,0,0
K. Assiratti,kieron-assiratti,Six Nations,2024,4,191,0,0,0,7.0,0.0,0.0,6.0,,0,0,0,5.0,0,15.0,2.0,0.83,1,0,0,0,3,0,0
K. Gourgues,kalvin-gourgues,Six Nations,2026,1,30,0,0,0,2.0,17.0,8.3,7.0,,1,1,0,3.0,1,2.0,3.0,0.33,0,0,0,0,0,0,0
K. Gourgues,kalvin-gourgues,U20 Six Nations,2024,1,80,1,0,5,5.0,33.0,6.66,11.0,,0,1,1,7.0,0,5.0,1.0,0.83,0,0,1,0,0,0,0
K. Hardy,kieran-hardy,Six Nations,2026,3,13,0,0,0,2.0,9.0,4.65,0.0,,0,0,0,19.0,1,1.0,2.0,0.33,0,0,0,1,0,0,0
K. Hardy,kieran-hardy,Six Nations,2024,3,40,0,0,0,5.0,32.0,6.48,18.0,3.0,0,0,0,63.0,0,3.0,2.0,0.5,0,0,0,1,1,0,0
K. Rowe,kyle-rowe,Six Nations,2026,1,7,0,0,0,,,,,,0,0,1,,0,1.0,,1.0,0,0,1,0,0,0,0
K. Rowe,kyle-rowe,Six Nations,2025,3,102,0,0,0,12.0,37.0,3.05,36.0,6.0,0,1,2,6.0,1,3.0,4.0,0.3,0,0,4,1,1,0,0
K. Rowe,kyle-rowe,Six Nations,2024,3,174,0,0,0,16.0,125.0,7.84,98.0,12.0,3,2,3,12.0,2,10.0,2.0,0.71,1,0,5,6,1,0,0
K. Steyn,kyle-steyn,Six Nations,2026,5,387,3,0,15,36.0,310.0,8.6,200.0,26.0,7,3,5,14.0,1,29.0,5.0,0.74,8,2,5,1,1,0,0
K. Steyn,kyle-steyn,Six Nations,2024,4,320,1,0,5,32.0,137.0,4.27,72.0,8.0,2,4,6,12.0,2,26.0,10.0,0.65,3,0,6,0,1,0,0
L. Barre,leo-barre,Six Nations,2025,1,80,2,0,10,15.0,131.0,8.76,73.0,6.0,1,3,2,11.0,0,2.0,1.0,0.67,0,1,2,3,0,0,0
L. Barre,leo-barre,Six Nations,2024,2,160,1,1,5,21.0,177.0,8.42,64.0,8.0,1,4,2,15.0,1,4.0,3.0,0.5,0,0,4,7,1,0,0
L. Belcher,liam-belcher,Six Nations,2026,1,23,0,0,0,1.0,0.0,0.4,1.0,,0,0,0,,0,1.0,,1.0,0,0,0,0,0,0,0
L. Bielle-Biarrey,louis-bielle-biarrey,Six Nations,2026,5,400,9,4,45,41.0,339.0,8.27,157.0,18.0,15,2,6,34.0,3,28.0,11.0,0.64,3,1,11,19,0,0,0
L. Bielle-Biarrey,louis-bielle-biarrey,Six Nations,2025,5,400,8,4,40,41.0,311.0,7.59,118.0,13.0,8,4,1,23.0,3,25.0,2.0,0.78,4,3,3,12,2,0,0
L. Bielle-Biarrey,louis-bielle-biarrey,Six Nations,2024,4,247,1,0,5,17.0,139.0,8.17,41.0,3.0,6,3,3,12.0,1,10.0,4.0,0.63,2,0,3,4,0,0,0
L. Bielle-Biarrey,louis-bielle-biarrey,U20 Six Nations,2023,3,219,2,2,10,26.0,184.0,7.07,79.0,10.0,4,3,2,17.0,0,7.0,,0.7,0,1,3,11,0,0,0
L. Cannone,lorenzo-cannone,Six Nations,2026,5,369,0,0,0,45.0,206.0,4.58,117.0,11.0,1,2,4,17.0,0,71.0,7.0,0.87,11,4,6,0,1,0,0
L. Cannone,lorenzo-cannone,Six Nations,2025,5,247,0,0,0,33.0,202.0,6.12,91.0,8.0,0,0,2,7.0,0,49.0,3.0,0.84,4,4,2,0,4,0,0
L. Cannone,lorenzo-cannone,Six Nations,2024,3,118,0,1,0,9.0,43.0,4.78,14.0,,1,0,2,3.0,2,39.0,,1.0,4,1,2,0,1,0,0
L. Cowan-Dickie,luke-cowan-dickie,Six Nations,2026,5,148,0,1,0,25.0,42.0,1.7,33.0,,0,0,1,6.0,0,20.0,4.0,0.74,2,3,2,0,2,0,0
L. Cowan-Dickie,luke-cowan-dickie,Six Nations,2025,5,235,0,0,0,18.0,19.0,1.06,18.0,,0,0,2,5.0,0,35.0,4.0,0.85,1,1,4,0,2,0,0
L. Hennessey,louie-hennessey,Six Nations,2026,1,11,0,0,0,,,,,,0,0,0,,0,,,,0,0,0,1,0,0,0
L. Hennessey,louie-hennessey,U20 Six Nations,2024,3,234,0,0,0,25.0,102.0,4.08,85.0,7.0,1,3,4,11.0,3,14.0,5.0,0.61,1,0,5,3,3,0,0
L. Hennessey,louie-hennessey,U20 Six Nations,2023,4,280,1,2,5,29.0,124.0,4.27,78.0,4.0,2,4,3,14.0,2,26.0,6.0,0.7,0,1,4,2,4,0,0
L. Lynagh,louis-lynagh,Six Nations,2026,5,379,1,0,5,27.0,126.0,4.67,50.0,2.0,3,5,7,12.0,0,28.0,15.0,0.57,2,3,12,5,4,2,0
L. Lynagh,louis-lynagh,Six Nations,2024,2,150,1,0,5,6.0,47.0,7.82,11.0,1.0,2,2,0,5.0,0,12.0,1.0,0.67,3,1,1,2,1,0,0
L. Marin,leonardo-marin,Six Nations,2026,5,258,1,0,5,23.0,98.0,4.25,52.0,5.0,1,9,2,41.0,3,17.0,10.0,0.57,2,0,3,8,0,0,0
L. Marin,leonardo-marin,Six Nations,2025,1,5,0,0,0,3.0,31.0,10.23,24.0,2.0,1,0,0,1.0,0,1.0,,1.0,0,0,0,0,0,0,0
L. Marin,leonardo-marin,Six Nations,2024,3,22,0,1,0,3.0,10.0,3.33,7.0,1.0,0,1,0,3.0,1,3.0,1.0,0.75,0,0,0,0,0,0,0
L. Nouchi,lenni-nouchi,Six Nations,2026,4,98,0,0,0,18.0,68.0,3.79,66.0,4.0,0,1,1,8.0,2,33.0,2.0,0.92,4,1,1,0,1,1,0
L. Nouchi,lenni-nouchi,U20 Six Nations,2023,5,336,3,0,15,32.0,120.0,3.76,93.0,10.0,0,4,2,18.0,2,64.0,,0.93,5,3,2,1,6,2,0
L. Pani,lorenzo-pani,Six Nations,2026,4,223,0,0,0,23.0,109.0,4.72,62.0,5.0,2,1,2,12.0,2,7.0,2.0,0.7,0,0,5,7,3,0,0
L. Pani,lorenzo-pani,Six Nations,2024,3,207,1,0,5,8.0,90.0,11.26,38.0,3.0,0,0,1,1.0,0,8.0,2.0,0.62,3,0,3,10,0,0,0
M. Bradbury,magnus-bradbury,Six Nations,2026,1,18,0,0,0,2.0,0.0,0.0,2.0,,0,0,0,3.0,0,7.0,,1.0,1,0,0,0,0,0,0
M. Fagerson,matt-fagerson,Six Nations,2026,5,344,0,2,0,53.0,81.0,1.53,69.0,1.0,1,0,1,24.0,2,60.0,7.0,0.83,3,1,1,0,2,0,0
M. Fagerson,matt-fagerson,Six Nations,2025,5,310,0,0,0,51.0,106.0,2.08,82.0,6.0,0,4,2,32.0,2,48.0,2.0,0.84,5,3,4,0,5,0,0
M. Fagerson,matt-fagerson,Six Nations,2024,4,162,0,2,0,23.0,39.0,1.68,35.0,,0,0,1,10.0,0,25.0,2.0,0.93,2,0,1,0,0,0,0
M. Gallagher,matt-gallagher,Six Nations,2025,1,77,0,0,0,3.0,20.0,6.83,1.0,,0,0,1,3.0,0,2.0,2.0,0.33,0,0,2,3,2,0,0
M. Gazzotti,marko-gazzotti,U20 Six Nations,2024,1,80,0,0,0,10.0,43.0,4.32,18.0,,1,1,1,3.0,0,7.0,,1.0,1,0,1,1,3,0,0
M. Gazzotti,marko-gazzotti,U20 Six Nations,2023,4,282,0,2,0,43.0,163.0,3.79,142.0,13.0,2,5,2,24.0,1,54.0,1.0,0.87,4,0,3,0,3,0,0
M. Grady,mason-grady,Six Nations,2026,2,53,1,0,5,6.0,14.0,2.28,24.0,3.0,1,0,0,1.0,0,4.0,1.0,0.57,0,0,1,0,1,0,0
M. Grady,mason-grady,Six Nations,2024,5,112,1,0,5,18.0,98.0,5.46,43.0,4.0,1,0,1,7.0,0,12.0,1.0,0.71,2,1,1,1,3,1,0
M. Guillard,mickael-guillard,Six Nations,2026,5,207,0,1,0,41.0,94.0,2.29,86.0,3.0,1,3,0,9.0,1,48.0,2.0,0.91,6,4,1,0,2,0,0
M. Guillard,mickael-guillard,Six Nations,2025,5,188,1,0,5,20.0,31.0,1.55,43.0,3.0,1,1,1,6.0,1,34.0,2.0,0.92,3,3,1,0,0,0,0
M. Hansen,mackenzie-hansen,Six Nations,2025,3,220,0,1,0,25.0,72.0,2.89,73.0,9.0,2,1,1,21.0,1,17.0,7.0,0.65,1,0,1,4,2,0,0
M. Hasa,muhamed-hasa,Six Nations,2026,4,116,0,0,0,11.0,4.0,0.32,19.0,,0,0,1,1.0,0,17.0,5.0,0.77,1,0,1,0,2,0,0
M. Ioane,monty-ioane,Six Nations,2026,5,388,0,0,0,40.0,216.0,5.39,93.0,8.0,5,11,7,27.0,3,28.0,15.0,0.61,6,2,11,4,2,0,0
M. Ioane,monty-ioane,Six Nations,2025,4,307,1,1,5,25.0,89.0,3.55,31.0,6.0,1,0,5,10.0,4,19.0,8.0,0.63,6,1,8,3,1,0,0
M. Ioane,monty-ioane,Six Nations,2024,5,395,2,1,10,48.0,273.0,5.69,172.0,16.0,7,8,2,24.0,4,25.0,15.0,0.57,4,3,4,3,1,0,0
M. Itoje,maro-itoje,Six Nations,2026,5,278,0,0,0,27.0,24.0,0.89,41.0,1.0,0,2,2,13.0,0,44.0,4.0,0.85,5,6,2,0,4,2,0
M. Itoje,maro-itoje,Six Nations,2025,5,400,1,0,5,26.0,50.0,1.93,43.0,2.0,0,0,3,25.0,0,53.0,5.0,0.84,4,5,4,1,8,0,0
M. Itoje,maro-itoje,Six Nations,2024,5,400,0,1,0,28.0,47.0,1.69,37.0,4.0,1,0,5,17.0,0,54.0,3.0,0.92,8,6,8,0,5,0,0
M. Jalibert,matthieu-jalibert,Six Nations,2026,4,310,2,6,10,45.0,258.0,5.74,133.0,20.0,3,13,2,92.0,6,31.0,2.0,0.79,3,0,4,27,0,1,0
M. Jalibert,matthieu-jalibert,Six Nations,2025,1,66,0,0,0,14.0,46.0,3.32,10.0,3.0,0,2,0,19.0,3,5.0,5.0,0.5,0,0,1,4,0,0,0
M. Jalibert,matthieu-jalibert,Six Nations,2024,3,196,0,2,0,20.0,131.0,6.53,69.0,7.0,1,3,4,41.0,3,14.0,5.0,0.64,2,1,6,19,3,0,0
M. Lamaro,michele-lamaro,Six Nations,2026,5,389,0,2,0,14.0,16.0,1.12,15.0,,0,2,7,28.0,3,55.0,7.0,0.8,3,3,8,0,1,0,0
M. Lamaro,michele-lamaro,Six Nations,2025,5,281,0,0,0,17.0,29.0,1.68,37.0,,0,0,0,17.0,1,60.0,12.0,0.77,3,1,2,0,1,1,0
M. Lamaro,michele-lamaro,Six Nations,2024,5,400,0,0,0,35.0,76.0,2.17,58.0,2.0,0,2,5,34.0,1,103.0,12.0,0.85,8,3,5,1,3,1,0
M. Lamothe,maxime-lamothe,Six Nations,2026,1,30,0,0,0,2.0,2.0,0.9,2.0,,0,0,0,,0,9.0,,1.0,1,0,0,0,1,0,0
M. Llewellyn,max-llewellyn,Six Nations,2025,3,217,1,0,5,30.0,80.0,2.67,90.0,8.0,0,2,1,16.0,1,17.0,4.0,0.74,1,1,3,0,2,0,0
M. Lucu,maxime-lucu,Six Nations,2025,3,139,0,1,2,5.0,19.0,3.86,24.0,3.0,1,2,1,108.0,1,22.0,,0.85,0,0,1,21,0,0,0
M. Lucu,maxime-lucu,Six Nations,2024,5,186,1,0,5,14.0,36.0,2.54,15.0,3.0,0,1,2,143.0,5,17.0,5.0,0.59,0,0,3,22,1,0,0
M. Milne,michael-milne,Six Nations,2026,3,53,1,0,5,5.0,3.0,0.58,4.0,1.0,0,0,0,2.0,0,13.0,1.0,0.93,1,0,0,0,1,0,0
M. Page-Relo,martin-page-relo,Six Nations,2025,5,258,0,1,0,17.0,98.0,5.78,44.0,6.0,1,2,2,158.0,5,10.0,6.0,0.48,0,1,6,49,1,0,0
M. Page-Relo,martin-page-relo,Six Nations,2024,4,155,0,1,9,8.0,21.0,2.58,20.0,3.0,0,1,3,100.0,8,11.0,2.0,0.61,0,0,3,18,0,0,0
M. Riccioni,marco-riccioni,Six Nations,2025,3,101,0,0,0,5.0,0.0,0.0,5.0,,0,0,0,3.0,0,23.0,2.0,0.92,1,0,0,0,4,1,0
M. Smith,marcus-smith,Six Nations,2026,4,89,1,1,9,16.0,146.0,9.13,55.0,8.0,1,0,2,15.0,1,3.0,1.0,0.75,0,0,4,2,2,0,0
M. Smith,marcus-smith,Six Nations,2025,5,381,1,1,30,44.0,366.0,8.31,158.0,13.0,3,2,6,51.0,2,20.0,7.0,0.69,4,0,10,26,2,1,0
M. Smith,marcus-smith,Six Nations,2024,2,94,1,1,10,10.0,82.0,8.17,37.0,4.0,1,2,0,14.0,0,1.0,2.0,0.17,0,1,1,2,2,0,0
M. Spagnolo,mirco-spagnolo,Six Nations,2026,5,125,0,0,0,17.0,4.0,0.21,22.0,2.0,0,0,0,1.0,0,19.0,,1.0,0,1,0,0,0,0,0
M. Spagnolo,mirco-spagnolo,Six Nations,2025,3,107,0,0,0,6.0,5.0,0.82,10.0,,0,0,0,2.0,0,17.0,3.0,0.77,0,1,0,0,3,0,0
M. Spagnolo,mirco-spagnolo,Six Nations,2024,5,105,0,0,0,10.0,10.0,1.03,18.0,,0,0,0,2.0,0,25.0,2.0,0.86,3,0,0,0,3,0,0
M. Sykes,marshall-sykes,Six Nations,2025,1,22,0,0,0,2.0,2.0,0.85,3.0,,0,0,0,1.0,0,3.0,,0.75,0,0,0,0,0,0,0
M. Williamson,max-williamson,Six Nations,2026,4,136,0,0,0,15.0,14.0,0.9,11.0,,0,0,1,6.0,0,16.0,5.0,0.73,2,0,3,0,0,0,0
M. Zuliani,manuelzuliani,Six Nations,2026,5,379,0,0,0,33.0,63.0,1.9,66.0,6.0,2,2,4,34.0,0,70.0,5.0,0.89,6,6,5,1,3,0,0
M. Zuliani,manuelzuliani,Six Nations,2025,5,174,0,0,0,20.0,41.0,2.06,54.0,13.0,1,1,1,7.0,0,28.0,5.0,0.82,5,3,1,1,2,0,0
M. Zuliani,manuelzuliani,Six Nations,2024,4,153,0,0,0,8.0,15.0,1.88,15.0,2.0,0,1,3,4.0,1,35.0,,0.97,1,2,4,0,3,0,0
N. Cannone,niccolo-cannone,Six Nations,2026,5,350,0,0,0,31.0,23.0,0.75,36.0,1.0,0,0,1,16.0,1,58.0,5.0,0.89,8,3,1,1,3,0,0
N. Cannone,niccolo-cannone,Six Nations,2025,5,321,0,0,0,22.0,18.0,0.8,32.0,1.0,0,0,2,4.0,0,56.0,4.0,0.86,4,1,3,0,2,0,0
N. Cannone,niccolo-cannone,Six Nations,2024,5,387,0,0,0,22.0,11.0,0.51,24.0,1.0,0,0,1,10.0,0,73.0,7.0,0.87,4,0,1,1,3,0,0
N. Depoortere,nicolas-depoortere,Six Nations,2026,2,124,0,0,0,11.0,52.0,4.74,57.0,7.0,1,1,3,8.0,1,19.0,5.0,0.7,1,0,4,1,0,0,0
N. Depoortere,nicolas-depoortere,Six Nations,2024,2,133,0,0,0,9.0,45.0,4.96,17.0,1.0,1,0,1,8.0,1,11.0,3.0,0.79,1,0,3,1,0,0,0
N. Depoortere,nicolas-depoortere,U20 Six Nations,2023,4,320,2,3,10,26.0,206.0,7.93,110.0,6.0,2,4,0,22.0,1,28.0,5.0,0.8,1,0,0,0,1,0,0
N. Doak,nathan-doak,Six Nations,2026,1,13,0,0,0,,,,,,0,0,0,23.0,0,1.0,,1.0,0,0,0,1,0,0,0
N. Le Garrec,nolann-le-garrec,Six Nations,2025,3,50,0,0,0,4.0,3.0,0.7,1.0,,0,1,1,27.0,1,5.0,,1.0,0,0,2,10,0,0,0
N. Le Garrec,nolann-le-garrec,Six Nations,2024,5,214,2,0,10,18.0,52.0,2.88,19.0,2.0,0,1,2,199.0,6,18.0,1.0,0.9,0,2,4,39,0,0,0
N. McBeth,nathan-mcbeth,Six Nations,2026,3,107,0,0,0,8.0,5.0,0.6,10.0,,0,0,0,4.0,0,20.0,1.0,0.95,1,0,0,0,2,0,0
N. Timoney,nick-timoney,Six Nations,2026,5,169,1,0,5,29.0,94.0,3.22,71.0,5.0,1,0,0,7.0,0,33.0,1.0,0.89,4,1,0,0,0,0,0
N. Tompkins,nick-tompkins,Six Nations,2025,3,172,0,0,0,15.0,47.0,3.11,50.0,3.0,1,2,3,22.0,3,13.0,3.0,0.81,2,0,4,0,0,0,0
N. Tompkins,nick-tompkins,Six Nations,2024,4,288,0,0,0,33.0,29.0,0.89,27.0,3.0,0,5,8,58.0,9,33.0,7.0,0.73,0,2,9,0,2,0,0
O. Chessum,oliver-chessum,Six Nations,2026,5,333,2,1,10,30.0,180.0,6.02,61.0,,4,1,4,24.0,2,42.0,7.0,0.79,5,1,4,0,2,0,0
O. Chessum,oliver-chessum,Six Nations,2025,5,217,0,0,0,14.0,83.0,5.91,70.0,5.0,1,1,0,15.0,0,27.0,5.0,0.82,3,1,1,0,3,0,0
O. Chessum,oliver-chessum,Six Nations,2024,5,331,0,0,0,21.0,34.0,1.6,58.0,2.0,0,0,2,18.0,1,42.0,11.0,0.75,8,3,3,1,4,1,0
O. Cracknell,olly-cracknell,Six Nations,2026,3,94,0,0,0,28.0,52.0,1.88,43.0,1.0,1,1,2,4.0,0,16.0,4.0,0.76,0,0,3,0,1,0,0
O. Jegou,oscar-jegou,Six Nations,2026,4,295,1,0,5,31.0,85.0,2.74,68.0,5.0,1,2,3,32.0,2,69.0,6.0,0.84,12,4,6,0,2,0,0
O. Jegou,oscar-jegou,Six Nations,2025,5,149,1,0,5,15.0,29.0,1.95,35.0,1.0,1,1,1,13.0,2,28.0,6.0,0.8,3,1,1,1,1,0,0
O. Jegou,oscar-jegou,U20 Six Nations,2023,5,354,1,1,5,24.0,82.0,3.44,72.0,4.0,1,4,3,25.0,2,66.0,2.0,0.9,13,2,6,0,5,0,0
O. Lawrence,ollie-lawrence,Six Nations,2026,1,80,1,0,5,14.0,27.0,1.92,29.0,6.0,1,0,1,3.0,0,8.0,3.0,0.62,0,0,1,0,1,0,0
O. Lawrence,ollie-lawrence,Six Nations,2025,4,248,1,0,5,17.0,76.0,4.47,70.0,9.0,3,4,2,9.0,1,29.0,4.0,0.76,1,1,2,2,1,0,0
O. Lawrence,ollie-lawrence,Six Nations,2024,3,240,3,0,15,19.0,81.0,4.26,63.0,6.0,2,1,4,6.0,1,28.0,6.0,0.74,1,0,5,2,2,0,0
O. Sleightholme,ollie-sleightholme,Six Nations,2025,3,205,2,0,10,14.0,72.0,5.13,46.0,10.0,4,1,4,7.0,2,9.0,5.0,0.47,2,1,5,3,1,0,0
P. Barassi,pierre-louis-barassi,Six Nations,2026,3,138,0,0,0,10.0,26.0,2.55,22.0,2.0,0,1,0,7.0,1,16.0,7.0,0.59,0,0,0,0,1,0,0
P. Barassi,pierre-louis-barassi,Six Nations,2025,4,287,1,0,5,26.0,129.0,4.96,55.0,4.0,4,4,1,19.0,1,29.0,8.0,0.69,0,0,1,2,0,0,0
P. Garbisi,paolo-garbisi,Six Nations,2026,5,400,1,1,39,25.0,67.0,2.7,43.0,4.0,1,1,6,102.0,5,35.0,6.0,0.74,0,2,9,44,1,0,0
P. Garbisi,paolo-garbisi,Six Nations,2025,5,390,1,2,16,30.0,108.0,3.59,50.0,6.0,3,1,6,91.0,7,54.0,6.0,0.81,1,1,11,40,0,0,0
P. Garbisi,paolo-garbisi,Six Nations,2024,5,400,0,3,31,49.0,179.0,3.66,58.0,8.0,0,3,6,106.0,7,57.0,9.0,0.76,2,2,8,40,0,0,0
P. Mauvaka,peato-mauvaka,Six Nations,2026,4,122,0,0,0,10.0,20.0,2.04,18.0,,0,1,0,6.0,0,32.0,1.0,0.97,3,1,1,0,0,0,0
P. Mauvaka,peato-mauvaka,Six Nations,2025,5,237,1,0,5,21.0,86.0,4.07,51.0,3.0,0,0,2,8.0,2,32.0,6.0,0.84,2,2,2,0,2,1,0
P. Mauvaka,peato-mauvaka,Six Nations,2024,5,211,0,0,0,19.0,39.0,2.06,25.0,1.0,0,1,0,13.0,3,25.0,4.0,0.81,1,0,1,0,1,0,0
P. O'Mahony,peter-omahony,Six Nations,2025,4,209,0,0,0,21.0,57.0,2.71,40.0,1.0,0,0,1,11.0,2,32.0,3.0,0.76,1,2,1,0,0,0,0
P. O'Mahony,peter-omahony,Six Nations,2024,4,229,0,0,0,21.0,21.0,0.99,26.0,,0,0,2,8.0,0,39.0,3.0,0.89,0,0,2,0,2,2,0
P. Odogwu,paolo-odogwu,Six Nations,2026,2,26,0,0,0,8.0,49.0,6.09,22.0,2.0,1,0,0,2.0,0,3.0,3.0,0.43,1,0,1,0,0,0,0
P. Schoeman,pierre-schoeman,Six Nations,2026,5,266,1,0,5,50.0,47.0,0.93,68.0,2.0,0,0,0,6.0,1,35.0,6.0,0.8,2,0,0,0,3,0,0
P. Schoeman,pierre-schoeman,Six Nations,2025,5,282,0,0,0,51.0,62.0,1.22,77.0,4.0,2,0,2,8.0,0,25.0,2.0,0.83,2,1,2,0,3,0,0
P. Schoeman,pierre-schoeman,Six Nations,2024,5,300,2,0,10,36.0,36.0,0.99,55.0,2.0,0,0,1,5.0,0,62.0,5.0,0.91,6,1,2,0,5,0,0
R. Baird,ryan-baird,Six Nations,2025,4,136,0,0,0,11.0,41.0,3.76,36.0,4.0,1,1,3,20.0,0,17.0,2.0,0.89,4,0,3,0,2,0,0
R. Baird,ryan-baird,Six Nations,2024,5,145,0,0,0,18.0,75.0,4.14,94.0,7.0,2,0,1,13.0,0,32.0,3.0,0.91,0,0,2,0,1,0,0
R. Baloucoune,robert-baloucoune,Six Nations,2026,4,305,3,1,15,31.0,175.0,5.63,116.0,12.0,8,2,6,16.0,4,22.0,4.0,0.67,4,4,9,2,0,0,0
R. Carre,rhys-carre,Six Nations,2026,5,231,3,0,15,31.0,61.0,1.95,72.0,6.0,1,2,1,5.0,0,28.0,4.0,0.85,2,2,1,1,3,0,0
R. Darge,rory-darge,Six Nations,2026,5,396,1,0,5,51.0,78.0,1.53,70.0,6.0,1,3,1,16.0,0,69.0,4.0,0.95,5,6,1,0,0,0,0
R. Darge,rory-darge,Six Nations,2025,5,342,1,0,5,27.0,39.0,1.44,45.0,3.0,0,6,1,17.0,1,58.0,3.0,0.92,7,4,2,1,3,0,0
R. Darge,rory-darge,Six Nations,2024,4,291,0,0,0,30.0,54.0,1.81,53.0,4.0,1,1,3,9.0,2,56.0,5.0,0.89,3,2,3,0,1,0,0
R. Elias,ryan-elias,Six Nations,2026,4,114,0,0,0,19.0,44.0,2.33,26.0,,0,0,2,5.0,1,22.0,1.0,0.88,3,0,3,0,0,0,0
R. Elias,ryan-elias,Six Nations,2024,3,86,0,0,0,13.0,9.0,0.69,20.0,,0,0,0,3.0,1,19.0,2.0,0.9,0,0,1,0,0,0,0
R. Favretto,riccardo-favretto,Six Nations,2026,5,82,0,0,0,10.0,17.0,1.73,16.0,1.0,0,0,0,4.0,1,13.0,2.0,0.81,2,1,0,0,0,0,0
R. Favretto,riccardo-favretto,Six Nations,2025,2,18,0,0,0,,,,,,0,0,0,1.0,0,1.0,,1.0,0,0,0,0,0,0,0
R. Favretto,riccardo-favretto,Six Nations,2024,2,54,0,0,0,4.0,2.0,0.38,5.0,,0,0,2,4.0,1,16.0,,0.94,1,0,3,0,1,0,0
R. Henshaw,robbie-henshaw,Six Nations,2025,5,332,0,1,0,33.0,83.0,2.51,87.0,3.0,1,1,2,32.0,3,41.0,6.0,0.85,0,2,4,5,1,0,0
R. Henshaw,robbie-henshaw,Six Nations,2024,5,383,0,0,0,46.0,127.0,2.76,132.0,13.0,2,6,5,36.0,3,36.0,4.0,0.82,1,1,7,1,2,0,0
R. Kelleher,ronan-kelleher,Six Nations,2026,5,148,0,0,0,18.0,47.0,2.63,36.0,4.0,1,1,0,10.0,0,37.0,1.0,0.95,1,1,2,0,0,0,0
R. Kelleher,ronan-kelleher,Six Nations,2025,2,91,0,0,0,9.0,33.0,3.64,29.0,5.0,0,0,0,7.0,1,12.0,2.0,0.86,0,0,2,0,0,0,0
R. Kelleher,ronan-kelleher,Six Nations,2024,5,111,1,1,5,14.0,29.0,2.04,26.0,3.0,0,1,0,14.0,0,27.0,3.0,0.84,0,2,0,0,0,0,0
R. Neti,rodrigue-neti,Six Nations,2026,5,145,0,0,0,8.0,11.0,1.36,12.0,,0,0,1,9.0,1,27.0,2.0,0.9,5,0,1,0,0,0,0
R. Ntamack,romain-ntamack,Six Nations,2025,3,230,0,2,0,15.0,118.0,7.84,64.0,5.0,2,2,2,42.0,2,28.0,,0.97,1,0,3,5,2,0,1
R. Sutherland,rory-sutherland,Six Nations,2026,2,27,0,0,0,4.0,4.0,1.1,6.0,,0,0,0,1.0,0,5.0,,0.83,0,0,0,0,0,0,0
R. Sutherland,rory-sutherland,Six Nations,2025,4,109,0,0,0,16.0,20.0,1.23,22.0,1.0,0,0,1,3.0,0,11.0,,0.92,1,0,2,0,2,0,0
R. Sutherland,rory-sutherland,Six Nations,2024,1,31,0,0,0,3.0,2.0,0.8,7.0,1.0,0,0,0,,0,5.0,1.0,0.83,0,0,0,0,0,0,0
R. Taofifenua,romain-taofifenua,Six Nations,2025,1,32,0,0,0,7.0,13.0,1.87,13.0,,0,3,0,6.0,1,1.0,,1.0,0,0,0,0,1,0,0
R. Taofifenua,romain-taofifenua,Six Nations,2024,3,93,1,0,5,14.0,19.0,1.37,19.0,1.0,0,0,2,3.0,0,7.0,1.0,0.78,0,0,2,0,2,0,0
R. Vintcent,ross-vintcent,Six Nations,2025,5,140,1,0,5,17.0,88.0,5.19,64.0,3.0,1,1,1,3.0,0,27.0,4.0,0.71,6,0,3,0,1,0,1
R. Vintcent,ross-vintcent,Six Nations,2024,4,200,0,0,0,14.0,106.0,7.55,58.0,4.0,1,0,1,8.0,2,47.0,7.0,0.73,0,1,2,0,2,0,0
R. Wardi,reda-wardi,Six Nations,2024,1,18,0,0,0,2.0,0.0,0.0,2.0,,0,0,0,,0,5.0,,1.0,0,0,0,0,0,0,0
R. Williams,rhodri-williams,Six Nations,2025,4,51,0,0,0,6.0,10.0,1.62,2.0,,0,0,1,58.0,1,9.0,2.0,0.75,0,0,1,6,0,0,0
R. Woodman,ryan-woodman,U20 Six Nations,2023,5,400,0,2,0,36.0,42.0,1.17,56.0,,0,0,2,25.0,2,53.0,5.0,0.87,3,4,2,0,2,0,0
S. Atkinson,sebastien-atkinson,Six Nations,2026,2,160,0,0,0,16.0,26.0,1.61,35.0,4.0,0,1,1,17.0,3,13.0,6.0,0.5,0,0,2,4,1,0,0
S. Costelow,sam-costelow,Six Nations,2026,1,55,0,1,10,4.0,1.0,0.3,,,0,0,0,21.0,0,4.0,,0.8,0,0,0,4,0,0,0
S. Costelow,sam-costelow,Six Nations,2024,4,241,0,1,11,20.0,56.0,2.8,21.0,2.0,1,2,2,71.0,4,44.0,9.0,0.76,1,0,5,27,1,0,0
S. Cummings,scott-cummings,Six Nations,2026,4,279,0,0,0,13.0,5.0,0.4,13.0,,0,0,0,16.0,0,37.0,1.0,0.95,2,1,1,0,2,0,0
S. Cummings,scott-cummings,Six Nations,2024,5,391,0,0,0,21.0,15.0,0.72,21.0,,0,1,2,20.0,3,72.0,7.0,0.88,8,0,3,0,4,0,0
S. Ferrari,simone-ferrari,Six Nations,2026,4,223,0,0,0,2.0,1.0,0.35,2.0,,0,0,1,2.0,0,41.0,5.0,0.82,5,0,1,0,5,0,0
S. Ferrari,simone-ferrari,Six Nations,2025,5,238,0,0,0,4.0,0.0,0.0,6.0,,0,0,0,3.0,0,38.0,7.0,0.73,0,1,0,0,0,0,0
S. Ferrari,simone-ferrari,Six Nations,2024,3,118,0,0,0,3.0,0.0,0.0,2.0,,0,0,0,3.0,0,21.0,7.0,0.7,0,0,0,0,1,0,0
S. Gesi,simone-gesi,Six Nations,2025,2,93,0,0,0,11.0,63.0,5.75,35.0,4.0,2,0,3,1.0,0,5.0,,0.45,0,0,3,1,0,0,0
S. McCloskey,stuart-mccloskey,Six Nations,2026,5,400,0,6,0,63.0,239.0,3.8,183.0,14.0,3,7,1,61.0,7,66.0,6.0,0.86,4,4,1,1,2,0,0
S. McCloskey,stuart-mccloskey,Six Nations,2024,2,94,0,2,0,19.0,38.0,2.01,37.0,2.0,1,3,0,17.0,0,10.0,3.0,0.63,0,0,0,1,0,0,0
S. McDowall,stafford-mcdowall,Six Nations,2025,5,165,0,1,0,21.0,64.0,3.07,66.0,6.0,1,2,1,20.0,0,18.0,4.0,0.72,1,1,1,1,0,0,0
S. McDowall,stafford-mcdowall,Six Nations,2024,1,61,0,0,0,4.0,38.0,9.63,42.0,4.0,1,0,0,2.0,1,16.0,1.0,0.94,1,1,0,0,0,0,0
S. Negri,sebastian-negri-da-ollegio,Six Nations,2025,5,317,0,0,0,39.0,53.0,1.36,60.0,1.0,0,0,1,15.0,0,75.0,5.0,0.83,11,0,2,0,3,0,0
S. Negri,sebastian-negri-da-ollegio,Six Nations,2024,3,186,0,0,0,33.0,31.0,0.95,40.0,2.0,0,0,1,9.0,2,42.0,1.0,0.95,2,1,1,0,1,0,0
S. Prendergast,sam-prendergast,Six Nations,2026,2,136,0,0,4,11.0,22.0,2.05,20.0,3.0,0,2,3,59.0,6,21.0,11.0,0.64,0,0,4,19,1,0,0
S. Prendergast,sam-prendergast,Six Nations,2025,5,314,0,2,44,19.0,77.0,4.05,53.0,6.0,1,3,5,110.0,8,24.0,18.0,0.52,1,0,7,47,0,0,0
S. Prendergast,sam-prendergast,U20 Six Nations,2023,5,367,0,6,69,24.0,75.0,3.13,46.0,11.0,1,3,1,173.0,15,23.0,10.0,0.64,2,2,2,43,0,0,0
S. Skinner,sam-skinner,Six Nations,2025,2,31,0,0,0,,,,,,0,0,0,9.0,0,2.0,,1.0,0,0,0,0,0,0,0
S. Skinner,sam-skinner,Six Nations,2024,5,87,1,0,5,15.0,3.0,0.21,12.0,,0,1,1,10.0,0,14.0,,0.82,0,0,1,0,5,0,0
S. Tuipulotu,sione-tuipulotu,Six Nations,2026,5,400,0,2,0,50.0,126.0,2.53,126.0,12.0,1,2,3,44.0,2,40.0,4.0,0.8,0,1,3,1,3,0,0
S. Tuipulotu,sione-tuipulotu,Six Nations,2024,3,190,0,0,0,23.0,60.0,2.61,66.0,3.0,0,2,0,12.0,0,13.0,1.0,0.93,2,0,0,0,2,1,0
S. Varney,stephen-varney,Six Nations,2026,1,27,0,0,0,3.0,21.0,6.93,2.0,,1,0,0,34.0,1,,,,0,0,0,3,0,0,0
S. Varney,stephen-varney,Six Nations,2025,2,91,1,0,5,6.0,11.0,1.77,7.0,1.0,0,1,3,73.0,2,9.0,1.0,0.75,0,0,3,18,0,0,0
S. Varney,stephen-varney,Six Nations,2024,5,192,1,0,5,12.0,32.0,2.7,5.0,3.0,1,1,0,131.0,1,22.0,6.0,0.69,0,0,1,31,0,0,0
T. Allan,tommaso-allan,Six Nations,2026,2,24,1,0,5,5.0,31.0,6.18,9.0,1.0,2,0,0,1.0,0,,,,0,0,0,0,0,0,0
T. Allan,tommaso-allan,Six Nations,2025,5,293,0,0,45,18.0,73.0,4.04,20.0,,1,2,1,22.0,1,5.0,5.0,0.38,0,1,3,16,1,0,0
T. Allan,tommaso-allan,Six Nations,2024,1,80,1,0,12,8.0,37.0,4.63,2.0,,1,0,0,8.0,2,3.0,1.0,0.6,0,0,0,2,1,0,0
T. Attissogbe,theo-attissogbe,Six Nations,2026,5,400,5,2,25,57.0,306.0,5.37,100.0,11.0,12,6,8,32.0,4,30.0,5.0,0.71,2,1,13,3,2,0,0
T. Attissogbe,theo-attissogbe,Six Nations,2025,2,160,3,1,15,12.0,127.0,10.61,60.0,4.0,6,3,4,12.0,0,17.0,3.0,0.77,2,0,4,2,0,0,0
T. Attissogbe,theo-attissogbe,U20 Six Nations,2024,1,80,0,0,0,9.0,57.0,6.34,28.0,2.0,1,1,4,6.0,1,7.0,3.0,0.58,0,1,4,1,1,0,0
T. Attissogbe,theo-attissogbe,U20 Six Nations,2023,2,160,1,0,5,13.0,77.0,5.92,41.0,9.0,2,1,1,6.0,0,8.0,2.0,0.67,0,0,1,7,0,0,0
T. Beirne,tadgh-beirne,Six Nations,2026,5,337,0,1,0,24.0,28.0,1.17,32.0,1.0,0,2,2,35.0,1,73.0,4.0,0.94,0,7,2,0,1,0,0
T. Beirne,tadgh-beirne,Six Nations,2025,5,391,1,0,5,22.0,35.0,1.6,35.0,2.0,0,0,0,39.0,5,59.0,4.0,0.86,1,2,1,0,7,0,0
T. Beirne,tadgh-beirne,Six Nations,2024,4,310,2,0,10,36.0,66.0,1.82,88.0,6.0,4,1,3,27.0,3,42.0,1.0,0.93,2,2,4,0,2,1,0
T. Clarkson,tom-clarkson,Six Nations,2026,3,120,0,0,0,7.0,4.0,0.64,17.0,1.0,0,0,2,4.0,0,18.0,,0.86,4,0,2,1,3,0,0
T. Clarkson,tom-clarkson,Six Nations,2025,4,112,0,0,0,8.0,7.0,0.84,10.0,1.0,0,0,0,2.0,0,10.0,2.0,0.67,0,0,0,0,3,0,0
T. Curry,tom-curry,Six Nations,2026,3,116,0,0,0,7.0,7.0,1.06,9.0,,0,0,1,11.0,0,16.0,3.0,0.73,2,0,1,0,2,1,0
T. Curry,tom-curry,Six Nations,2025,5,343,2,1,10,25.0,70.0,2.81,66.0,7.0,0,2,4,22.0,3,45.0,5.0,0.87,6,6,5,2,0,0,0
T. Dan,theo-dan,Six Nations,2025,1,25,0,1,0,5.0,4.0,0.86,10.0,2.0,0,0,0,2.0,0,3.0,,1.0,0,0,0,0,0,0,0
T. Dan,theo-dan,Six Nations,2024,5,85,0,0,0,8.0,33.0,4.13,30.0,3.0,0,0,0,1.0,0,22.0,5.0,0.81,1,0,0,0,0,0,0
T. Davison,trevor-davison,Six Nations,2026,5,68,0,0,0,5.0,10.0,1.92,9.0,,0,0,0,1.0,1,10.0,2.0,0.83,2,1,0,0,0,0,0
T. Faletau,taulupe-faletau,Six Nations,2025,4,292,0,0,0,50.0,207.0,4.15,111.0,7.0,0,2,1,31.0,5,46.0,5.0,0.82,0,1,2,0,5,0,0
T. Farrell,thomas-farrell,Six Nations,2026,1,11,0,0,0,1.0,2.0,1.8,3.0,,0,0,1,,0,2.0,,1.0,0,0,1,0,0,0,0
T. Flament,thibaud-flament,Six Nations,2026,4,224,0,0,0,26.0,35.0,1.35,56.0,,0,3,1,19.0,0,31.0,2.0,0.89,2,0,1,0,1,0,0
T. Flament,thibaud-flament,Six Nations,2025,3,215,0,0,0,22.0,32.0,1.47,32.0,,0,0,1,11.0,0,35.0,4.0,0.88,3,1,2,0,2,0,0
T. Flament,thibaud-flament,Six Nations,2024,2,160,0,0,0,14.0,13.0,0.92,14.0,,0,2,0,13.0,1,9.0,2.0,0.82,2,0,0,0,0,0,0
T. Francis,tomas-francis,Six Nations,2026,5,224,0,0,0,5.0,9.0,1.8,4.0,,1,1,1,7.0,0,37.0,2.0,0.88,0,0,1,0,4,0,0
T. Freeman,tommy-freeman,Six Nations,2026,5,400,3,1,15,48.0,279.0,5.81,165.0,16.0,10,3,5,17.0,3,25.0,8.0,0.61,1,0,6,2,2,0,0
T. Freeman,tommy-freeman,Six Nations,2025,5,369,5,1,25,38.0,221.0,5.82,146.0,15.0,8,7,4,21.0,3,29.0,4.0,0.63,2,2,6,5,1,0,0
T. Freeman,tommy-freeman,Six Nations,2024,5,398,1,1,5,33.0,235.0,7.13,129.0,13.0,7,3,5,14.0,3,20.0,7.0,0.59,6,1,8,3,1,0,0
T. Furlong,tadhg-furlong,Six Nations,2026,4,211,0,0,0,22.0,29.0,1.3,26.0,3.0,1,1,2,10.0,1,35.0,4.0,0.9,2,0,2,0,4,0,0
T. Furlong,tadhg-furlong,Six Nations,2025,1,34,0,0,0,1.0,0.0,0.0,0.0,,0,0,0,1.0,0,5.0,,0.83,0,0,0,0,0,0,0
T. Furlong,tadhg-furlong,Six Nations,2024,4,229,0,0,0,15.0,15.0,1.0,22.0,1.0,0,1,2,12.0,1,26.0,1.0,0.93,3,0,2,0,3,0,0
T. Jordan,tom-jordan,Six Nations,2026,5,196,1,0,5,21.0,65.0,3.09,56.0,4.0,2,1,0,14.0,1,3.0,4.0,0.38,1,0,1,0,0,0,0
T. Jordan,tom-jordan,Six Nations,2025,5,343,2,2,10,39.0,194.0,4.98,140.0,14.0,3,2,3,63.0,3,30.0,8.0,0.7,2,2,3,4,4,0,0
T. Matiu,temo-matiu,Six Nations,2026,1,41,0,0,0,8.0,7.0,0.89,12.0,,0,1,0,2.0,1,11.0,1.0,0.85,0,0,1,0,1,0,0
T. Menoncello,tommaso-menoncello,Six Nations,2026,5,400,2,1,10,35.0,362.0,10.36,319.0,21.0,10,2,7,24.0,9,41.0,5.0,0.77,3,5,10,4,2,0,0
T. Menoncello,tommaso-menoncello,Six Nations,2025,5,400,2,0,10,32.0,213.0,6.66,195.0,20.0,3,4,0,13.0,3,59.0,6.0,0.83,8,6,2,2,3,0,0
T. Menoncello,tommaso-menoncello,Six Nations,2024,5,388,0,1,0,35.0,191.0,5.45,132.0,10.0,2,4,6,15.0,2,46.0,15.0,0.66,5,4,8,5,3,1,0
T. O'Toole,tom-otoole,Six Nations,2026,4,176,0,0,0,16.0,14.0,0.89,15.0,,0,1,1,8.0,0,44.0,1.0,0.96,0,2,1,0,1,0,0
T. O'Toole,tom-otoole,Six Nations,2024,1,24,0,0,0,1.0,4.0,4.1,2.0,,0,0,0,,0,1.0,,0.33,0,0,0,0,1,0,0
T. Plumtree,taine-plumtree,Six Nations,2026,3,60,0,0,0,9.0,34.0,3.81,17.0,1.0,0,1,0,9.0,0,11.0,1.0,0.85,0,0,0,0,1,1,0
T. Ramos,thomas-ramos,Six Nations,2026,5,400,3,4,74,57.0,298.0,5.22,172.0,17.0,5,10,11,98.0,11,13.0,4.0,0.65,0,0,15,20,1,0,0
T. Ramos,thomas-ramos,Six Nations,2025,5,375,1,2,71,48.0,320.0,6.67,112.0,11.0,7,7,7,69.0,7,14.0,8.0,0.61,1,1,9,38,3,0,0
T. Ramos,thomas-ramos,Six Nations,2024,5,400,0,0,63,34.0,202.0,5.94,115.0,17.0,1,4,3,108.0,5,23.0,6.0,0.7,0,1,8,38,0,0,0
T. Reffell,tommy-reffell,Six Nations,2025,4,200,0,0,0,21.0,22.0,1.06,24.0,2.0,0,0,1,10.0,0,48.0,5.0,0.84,1,1,1,0,0,0,0
T. Reffell,tommy-reffell,Six Nations,2024,5,376,0,0,0,36.0,42.0,1.17,67.0,8.0,2,3,0,15.0,0,78.0,6.0,0.86,2,11,1,0,2,0,0
T. Rogers,tom-rogers,Six Nations,2025,4,195,1,0,5,13.0,80.0,6.18,37.0,2.0,1,2,1,5.0,0,13.0,5.0,0.65,3,0,4,2,1,0,0
T. Stewart,tom-stewart,Six Nations,2026,1,17,0,0,0,2.0,2.0,0.95,5.0,,0,0,0,,0,4.0,,1.0,0,0,0,0,0,0,0
T. di Bartolomeo,tommaso-di-bartolomeo,Six Nations,2026,4,74,1,0,5,7.0,9.0,1.26,12.0,,0,0,0,2.0,0,17.0,1.0,0.94,2,0,1,0,2,0,0
U. Atonio,uini-atonio,Six Nations,2025,5,246,0,0,0,16.0,9.0,0.56,18.0,,0,1,0,13.0,0,22.0,6.0,0.76,2,3,0,0,1,0,0
U. Atonio,uini-atonio,Six Nations,2024,5,261,0,0,0,29.0,18.0,0.62,36.0,1.0,0,0,2,7.0,1,23.0,2.0,0.85,1,2,2,0,3,1,0
W. Hurd,will-hurd,Six Nations,2025,4,46,0,0,0,7.0,10.0,1.49,13.0,,0,0,0,,0,4.0,2.0,0.67,0,0,0,0,3,0,0
W. John,will-john,Six Nations,2025,3,130,0,0,0,9.0,0.0,0.03,11.0,,0,1,1,2.0,0,28.0,4.0,0.85,2,0,1,0,3,1,0
W. Rowlands,will-rowlands,Six Nations,2025,5,319,0,0,0,35.0,45.0,1.27,48.0,4.0,0,0,2,20.0,3,45.0,7.0,0.8,2,0,3,0,2,0,0
W. Rowlands,will-rowlands,Six Nations,2024,4,137,1,0,5,23.0,29.0,1.25,33.0,2.0,0,0,0,9.0,1,22.0,1.0,0.81,2,1,0,0,0,0,0
W. Stuart,will-stuart,Six Nations,2025,5,293,1,0,5,21.0,29.0,1.39,39.0,3.0,0,1,2,8.0,2,32.0,3.0,0.89,1,1,2,0,1,0,0
W. Stuart,will-stuart,Six Nations,2024,5,188,0,0,0,15.0,13.0,0.85,25.0,3.0,0,0,2,1.0,0,20.0,2.0,0.8,2,0,2,0,2,0,0
Y. Moefana,yoram-moefana,Six Nations,2026,3,210,0,1,0,27.0,99.0,3.67,66.0,3.0,3,5,2,20.0,2,17.0,9.0,0.57,1,1,2,0,1,0,0
Y. Moefana,yoram-moefana,Six Nations,2025,5,400,2,2,10,46.0,186.0,4.03,118.0,12.0,3,4,1,39.0,1,54.0,13.0,0.73,3,0,2,3,0,0,0
Y. Moefana,yoram-moefana,Six Nations,2024,5,169,0,0,0,16.0,76.0,4.77,55.0,2.0,0,0,2,7.0,2,14.0,1.0,0.88,3,0,3,0,1,0,0
Z. Fagerson,zander-fagerson,Six Nations,2026,5,279,0,0,0,43.0,55.0,1.28,69.0,2.0,0,0,2,7.0,1,55.0,3.0,0.92,1,0,3,0,7,0,0
Z. Fagerson,zander-fagerson,Six Nations,2025,5,354,0,0,0,57.0,70.0,1.23,95.0,2.0,0,1,1,13.0,0,43.0,2.0,0.91,1,0,2,0,4,0,0
Z. Fagerson,zander-fagerson,Six Nations,2024,5,341,1,0,5,31.0,32.0,1.04,49.0,3.0,0,0,1,3.0,1,57.0,2.0,0.93,2,2,1,0,8,0,0
