label_row_id,position,predicted_points,official_pts,group_id
0,Back-three,41.24833170044823,37.0,6n-2025-r1
1,Back-three,29.424223548250552,38.0,6n-2025-r1
2,Centre,21.552514296870935,22.0,6n-2025-r1
3,Centre,19.613892075327513,21.0,6n-2025-r1
4,Back-three,29.29965923873426,41.0,6n-2025-r1
5,Fly-half,22.306463807388464,13.0,6n-2025-r1
6,Scrum-half,38.35169225352522,31.0,6n-2025-r1
7,Prop,8.851214074649373,20.0,6n-2025-r1
8,Hooker,23.468265575969372,15.0,6n-2025-r1
9,Prop,5.534131135237874,9.0,6n-2025-r1
10,Second-row,16.17024036691277,8.0,6n-2025-r1
11,Second-row,17.237616398496666,19.0,6n-2025-r1
12,Back-row,16.3835284135673,17.0,6n-2025-r1
13,Back-row,17.845663274253365,18.0,6n-2025-r1
14,Back-row,24.221098506479734,71.0,6n-2025-r1
15,Hooker,7.909247141053833,27.0,6n-2025-r1
16,Prop,5.839848481073348,8.0,6n-2025-r1
17,Second-row,3.491920335643566,7.0,6n-2025-r1
18,Back-row,8.222425729823179,12.0,6n-2025-r1
19,Scrum-half,6.3842997313687935,5.0,6n-2025-r1
20,Fly-half,7.446384124278906,5.0,6n-2025-r1
21,Back-three,12.285203015705605,9.0,6n-2025-r1
22,Centre,19.242655061011924,21.0,6n-2025-r1
23,Back-three,14.427398656650412,10.0,6n-2025-r1
24,Fly-half,20.439386620136897,21.0,6n-2025-r1
25,Scrum-half,15.095113327873403,10.0,6n-2025-r1
26,Prop,13.748881622474673,18.0,6n-2025-r1
27,Hooker,23.238733734725894,8.0,6n-2025-r1
28,Prop,12.113056448344116,16.0,6n-2025-r1
29,Second-row,18.07013780507707,31.0,6n-2025-r1
30,Second-row,20.13495020263004,35.0,6n-2025-r1
31,Back-row,26.724937347578688,18.0,6n-2025-r1
32,Back-row,32.58048170175429,49.0,6n-2025-r1
33,Back-row,19.461977971933873,0.0,6n-2025-r1
34,Hooker,9.603704223175754,14.0,6n-2025-r1
35,Prop,6.568245621534344,11.0,6n-2025-r1
36,Prop,6.61462406115088,6.0,6n-2025-r1
37,Second-row,10.158843198154848,-2.0,6n-2025-r1
38,Back-row,8.329109558645076,29.0,6n-2025-r1
39,Scrum-half,5.771133214026276,1.0,6n-2025-r1
40,Fly-half,5.6591085381675015,9.0,6n-2025-r1
41,Back-three,4.862602521965198,2.0,6n-2025-r1
42,Back-three,25.7854657120969,28.0,6n-2025-r1
43,Back-three,33.78758283751527,41.0,6n-2025-r1
44,Centre,27.729008733677908,66.0,6n-2025-r1
45,Centre,24.054833899483878,7.0,6n-2025-r1
46,Back-three,32.39275852390283,27.0,6n-2025-r1
47,Fly-half,31.62201507602727,19.0,6n-2025-r1
48,Scrum-half,13.011875119822772,17.0,6n-2025-r1
49,Prop,16.12699568361622,10.0,6n-2025-r1
50,Hooker,14.397717604084246,16.0,6n-2025-r1
51,Prop,12.356254856390388,19.0,6n-2025-r1
52,Second-row,16.38796625188581,17.0,6n-2025-r1
53,Second-row,10.544452915238224,22.0,6n-2025-r1
54,Back-row,14.886238556393732,11.0,6n-2025-r1
55,Back-row,24.036134460806384,52.0,6n-2025-r1
56,Back-row,21.785345886107326,20.0,6n-2025-r1
57,Hooker,9.106549653322459,17.0,6n-2025-r1
58,Prop,3.72953254930335,9.0,6n-2025-r1
59,Prop,2.7061217844795293,4.0,6n-2025-r1
60,Second-row,2.7992260934364444,14.0,6n-2025-r1
61,Back-row,10.367411643579784,17.0,6n-2025-r1
62,Scrum-half,5.6980745357948015,2.0,6n-2025-r1
63,Fly-half,6.464628000285471,9.0,6n-2025-r1
64,Back-three,2.7952876640167963,0.0,6n-2025-r1
65,Back-three,17.760104881128168,20.0,6n-2025-r1
66,Back-three,19.46014701094622,14.0,6n-2025-r1
67,Centre,23.491532937465312,39.0,6n-2025-r1
68,Back-three,21.974194415199158,12.0,6n-2025-r1
69,Fly-half,19.08432646206775,17.0,6n-2025-r1
70,Scrum-half,11.352912859484015,3.0,6n-2025-r1
71,Prop,12.991746084412403,26.0,6n-2025-r1
72,Hooker,15.282062622603263,23.0,6n-2025-r1
73,Prop,9.932596444269864,17.0,6n-2025-r1
74,Second-row,15.342675985163194,14.0,6n-2025-r1
75,Second-row,16.432960122843642,15.0,6n-2025-r1
76,Back-row,18.880577624609717,33.0,6n-2025-r1
77,Back-row,19.25100143153447,23.0,6n-2025-r1
78,Back-row,22.391281908984432,22.0,6n-2025-r1
79,Hooker,8.613520354796476,13.0,6n-2025-r1
80,Prop,5.515706955702992,7.0,6n-2025-r1
81,Second-row,5.817899388502819,10.0,6n-2025-r1
82,Back-row,9.020032241184515,11.0,6n-2025-r1
83,Scrum-half,9.64840987884172,5.0,6n-2025-r1
84,Fly-half,3.305527099570228,2.0,6n-2025-r1
85,Back-three,5.363860137464848,9.0,6n-2025-r1
86,Back-three,22.37376463697198,14.0,6n-2025-r1
87,Back-three,28.930727676323908,19.0,6n-2025-r1
88,Centre,21.241096188600373,17.0,6n-2025-r1
89,Centre,26.779159809648757,31.0,6n-2025-r1
90,Back-three,29.775541821747662,41.0,6n-2025-r1
91,Fly-half,26.84435856873798,14.0,6n-2025-r1
92,Scrum-half,20.553265755856533,42.0,6n-2025-r1
93,Prop,10.817067158618986,24.0,6n-2025-r1
94,Hooker,22.458457843808727,23.0,6n-2025-r1
95,Prop,10.346379515261978,9.0,6n-2025-r1
96,Second-row,13.25541001410903,10.0,6n-2025-r1
97,Second-row,17.455872256538548,35.0,6n-2025-r1
98,Back-row,18.150382395649693,16.0,6n-2025-r1
99,Back-row,25.207909795063337,24.0,6n-2025-r1
100,Back-row,28.91906757628834,25.0,6n-2025-r1
101,Hooker,10.837588636528846,25.0,6n-2025-r1
102,Prop,2.7662204486524917,2.0,6n-2025-r1
103,Prop,3.571523570958741,2.0,6n-2025-r1
104,Second-row,5.682526184712542,5.0,6n-2025-r1
105,Back-row,9.267919615288914,15.0,6n-2025-r1
106,Scrum-half,4.04338965856177,1.0,6n-2025-r1
107,Fly-half,5.66647535625266,6.0,6n-2025-r1
108,Back-three,5.0969302120630395,6.0,6n-2025-r1
109,Back-three,15.219819618198857,10.0,6n-2025-r1
110,Back-three,20.823462070290663,32.0,6n-2025-r1
111,Centre,21.01646550867963,28.0,6n-2025-r1
112,Centre,14.567027184912838,12.0,6n-2025-r1
113,Fly-half,25.38269494027486,29.0,6n-2025-r1
114,Scrum-half,14.518801863577355,11.0,6n-2025-r1
115,Prop,14.710397517987797,14.0,6n-2025-r1
116,Hooker,19.489539423848854,14.0,6n-2025-r1
117,Prop,9.851470126771288,9.0,6n-2025-r1
118,Second-row,21.070159133832735,16.0,6n-2025-r1
119,Second-row,19.71915376547555,15.0,6n-2025-r1
120,Back-row,19.915811231330203,50.0,6n-2025-r1
121,Back-row,22.335439176133807,20.0,6n-2025-r1
122,Back-row,28.27663175159841,26.0,6n-2025-r1
123,Hooker,6.357633300191138,13.0,6n-2025-r1
124,Prop,7.366564326650098,4.0,6n-2025-r1
125,Prop,2.6207645093123295,2.0,6n-2025-r1
126,Second-row,5.771974904379915,6.0,6n-2025-r1
127,Back-row,11.007379760886998,4.0,6n-2025-r1
128,Scrum-half,10.954276631715615,5.0,6n-2025-r1
129,Fly-half,4.898820034228443,0.0,6n-2025-r1
130,Back-three,5.428271006464289,9.0,6n-2025-r1
0,Back-three,24.88608861930851,20.0,6n-2025-r2
1,Back-three,27.03691839964721,14.0,6n-2025-r2
2,Centre,27.147742805862926,8.0,6n-2025-r2
3,Back-three,29.675186079487275,8.0,6n-2025-r2
4,Fly-half,22.129561232312785,19.0,6n-2025-r2
5,Scrum-half,14.335842079683227,14.0,6n-2025-r2
6,Prop,11.680907401297329,18.0,6n-2025-r2
7,Hooker,13.231008172812073,12.0,6n-2025-r2
8,Prop,7.468105000681851,9.0,6n-2025-r2
9,Second-row,13.338857074130662,15.0,6n-2025-r2
10,Second-row,13.96287795640473,9.0,6n-2025-r2
11,Back-row,18.58310087212419,23.0,6n-2025-r2
12,Back-row,16.47996383171879,17.0,6n-2025-r2
13,Back-row,21.442303150276683,67.0,6n-2025-r2
14,Hooker,8.542419425155138,7.0,6n-2025-r2
15,Prop,2.3060018873734567,3.0,6n-2025-r2
16,Prop,4.708880480940724,0.0,6n-2025-r2
17,Second-row,7.148985278499311,-2.0,6n-2025-r2
18,Back-row,8.628301075101218,9.0,6n-2025-r2
19,Scrum-half,9.057643931824988,7.0,6n-2025-r2
20,Fly-half,3.7494195786370597,1.0,6n-2025-r2
21,Back-three,5.698683835519868,3.0,6n-2025-r2
22,Back-three,17.38916284393401,20.0,6n-2025-r2
23,Back-three,11.686285645778321,6.0,6n-2025-r2
24,Centre,18.533127549731255,2.0,6n-2025-r2
25,Centre,15.046650175161925,7.0,6n-2025-r2
26,Back-three,13.968427100817332,2.0,6n-2025-r2
27,Fly-half,19.643588131543048,5.0,6n-2025-r2
28,Scrum-half,14.681007128321616,3.0,6n-2025-r2
29,Prop,12.716165996074322,7.0,6n-2025-r2
30,Hooker,15.6875978518031,8.0,6n-2025-r2
31,Prop,7.391630193456201,3.0,6n-2025-r2
32,Second-row,17.13183718019888,8.0,6n-2025-r2
33,Second-row,20.199991495328884,16.0,6n-2025-r2
34,Back-row,24.191582403679483,12.0,6n-2025-r2
35,Back-row,31.345097682905493,23.0,6n-2025-r2
36,Back-row,26.531950386899204,25.0,6n-2025-r2
37,Hooker,7.4205722148558895,8.0,6n-2025-r2
38,Prop,6.379203277374048,2.0,6n-2025-r2
39,Prop,5.977156779155052,3.0,6n-2025-r2
40,Second-row,3.121196120996538,3.0,6n-2025-r2
41,Back-row,6.3384257035007945,22.0,6n-2025-r2
42,Scrum-half,4.3194654647328,0.0,6n-2025-r2
43,Fly-half,8.166148667433703,8.0,6n-2025-r2
44,Back-three,4.223236009634507,1.0,6n-2025-r2
45,Back-three,27.91938247081075,23.0,6n-2025-r2
46,Back-three,22.259429023321378,36.0,6n-2025-r2
47,Centre,21.931428606402037,28.0,6n-2025-r2
48,Centre,15.141474398706539,6.0,6n-2025-r2
49,Back-three,27.44259467117609,18.0,6n-2025-r2
50,Fly-half,24.314634771463666,39.0,6n-2025-r2
51,Scrum-half,15.920461897563312,9.0,6n-2025-r2
52,Prop,14.825809745042559,18.0,6n-2025-r2
53,Hooker,18.83158176583532,15.0,6n-2025-r2
54,Prop,8.720003166290688,11.0,6n-2025-r2
55,Second-row,19.140153253319497,21.0,6n-2025-r2
56,Second-row,17.843717283542084,19.0,6n-2025-r2
57,Back-row,19.23629629574467,34.0,6n-2025-r2
58,Back-row,27.48974506181038,33.0,6n-2025-r2
59,Back-row,31.647494566973943,34.0,6n-2025-r2
60,Hooker,8.021633440020832,3.0,6n-2025-r2
61,Prop,5.695987179707827,21.0,6n-2025-r2
62,Prop,1.4713837958633103,4.0,6n-2025-r2
63,Second-row,4.975691564446524,5.0,6n-2025-r2
64,Scrum-half,8.023904295386622,2.0,6n-2025-r2
65,Back-three,6.185901219206065,17.0,6n-2025-r2
66,Back-three,35.066731541068066,34.0,6n-2025-r2
67,Back-three,33.914306176519446,37.0,6n-2025-r2
68,Centre,20.388920920835766,13.0,6n-2025-r2
69,Centre,18.938428064105413,17.0,6n-2025-r2
70,Back-three,26.696066777788033,56.0,6n-2025-r2
71,Fly-half,26.268067007716187,24.0,6n-2025-r2
72,Scrum-half,33.186016279613284,13.0,6n-2025-r2
73,Prop,10.383587747613467,14.0,6n-2025-r2
74,Hooker,21.515215685369935,17.0,6n-2025-r2
75,Prop,5.772832584110661,8.0,6n-2025-r2
76,Second-row,13.464399910434578,17.0,6n-2025-r2
77,Second-row,15.796339080979726,17.0,6n-2025-r2
78,Back-row,16.910127551376537,19.0,6n-2025-r2
79,Back-row,18.076655329283774,9.0,6n-2025-r2
80,Back-row,24.304943259653673,27.0,6n-2025-r2
81,Hooker,8.187552274964572,4.0,6n-2025-r2
82,Prop,6.542325544540442,7.0,6n-2025-r2
83,Prop,8.019666580458335,7.0,6n-2025-r2
84,Second-row,4.972960501959664,5.0,6n-2025-r2
85,Back-row,8.413704146058855,3.0,6n-2025-r2
86,Scrum-half,5.696525486280987,8.0,6n-2025-r2
87,Fly-half,7.344745356853876,1.0,6n-2025-r2
88,Back-three,19.86677239846977,38.0,6n-2025-r2
89,Back-three,26.248314241698477,5.0,6n-2025-r2
90,Centre,24.085405188831725,24.0,6n-2025-r2
91,Centre,22.074401054815866,11.0,6n-2025-r2
92,Back-three,24.76404793432905,26.0,6n-2025-r2
93,Fly-half,25.73177372062529,1.0,6n-2025-r2
94,Scrum-half,12.856291371813962,23.0,6n-2025-r2
95,Prop,9.824816451864205,8.0,6n-2025-r2
96,Hooker,14.137946585091273,16.0,6n-2025-r2
97,Prop,14.11207408584324,15.0,6n-2025-r2
98,Second-row,17.554833850397905,15.0,6n-2025-r2
99,Second-row,13.092489155777475,9.0,6n-2025-r2
100,Back-row,22.652392373535513,17.0,6n-2025-r2
101,Back-row,26.035275252640268,24.0,6n-2025-r2
102,Back-row,24.96951702703123,20.0,6n-2025-r2
103,Hooker,8.98832652424028,8.0,6n-2025-r2
104,Prop,7.68373533890996,9.0,6n-2025-r2
105,Prop,2.8367352807510313,-1.0,6n-2025-r2
106,Second-row,3.724386608990239,2.0,6n-2025-r2
107,Back-row,5.1692188439930895,4.0,6n-2025-r2
108,Scrum-half,4.114201031252824,11.0,6n-2025-r2
109,Fly-half,6.158904066677758,14.0,6n-2025-r2
110,Back-three,3.839350025177694,18.0,6n-2025-r2
111,Back-three,19.659998344485345,10.0,6n-2025-r2
112,Back-three,17.417238247705097,15.0,6n-2025-r2
113,Centre,16.50902515227247,28.0,6n-2025-r2
114,Centre,24.79047665277729,6.0,6n-2025-r2
115,Back-three,27.475054316419858,25.0,6n-2025-r2
116,Fly-half,22.58593417774974,46.0,6n-2025-r2
117,Scrum-half,19.2489816041278,9.0,6n-2025-r2
118,Prop,11.828014579541952,18.0,6n-2025-r2
119,Hooker,21.532203020017985,8.0,6n-2025-r2
120,Prop,10.718146033248933,22.0,6n-2025-r2
121,Second-row,13.71003725538608,21.0,6n-2025-r2
122,Second-row,18.125591745381058,25.0,6n-2025-r2
123,Back-row,13.212544707393334,18.0,6n-2025-r2
124,Back-row,24.743579301721038,34.0,6n-2025-r2
125,Back-row,27.68945322124777,53.0,6n-2025-r2
126,Hooker,11.535067877991048,10.0,6n-2025-r2
127,Prop,2.678727862393315,6.0,6n-2025-r2
128,Prop,3.8295535037671984,6.0,6n-2025-r2
129,Second-row,5.519223018188311,9.0,6n-2025-r2
130,Back-row,9.102577713748788,30.0,6n-2025-r2
131,Scrum-half,3.5325177239812047,3.0,6n-2025-r2
132,Fly-half,5.674656638734787,0.0,6n-2025-r2
133,Back-three,8.664461394033612,2.0,6n-2025-r2
0,Back-three,17.270555470539406,45.0,6n-2025-r3
1,Back-three,11.582482810891664,21.0,6n-2025-r3
2,Centre,19.528444596385835,21.0,6n-2025-r3
3,Centre,18.879587609394456,19.0,6n-2025-r3
4,Back-three,18.47786204681183,24.0,6n-2025-r3
5,Fly-half,14.277292622309776,16.0,6n-2025-r3
6,Scrum-half,14.655916029894,7.0,6n-2025-r3
7,Prop,13.546555735438567,8.0,6n-2025-r3
8,Hooker,19.82640919404847,8.0,6n-2025-r3
9,Prop,17.092360120325097,14.0,6n-2025-r3
10,Second-row,17.8891459994538,21.0,6n-2025-r3
11,Second-row,21.249872867532066,13.0,6n-2025-r3
12,Back-row,32.59591181971471,37.0,6n-2025-r3
13,Back-row,23.375616946391684,19.0,6n-2025-r3
14,Back-row,27.536600202945703,21.0,6n-2025-r3
15,Hooker,2.7702829234606283,1.0,6n-2025-r3
16,Prop,7.640303494945927,3.0,6n-2025-r3
17,Prop,4.605187818999744,5.0,6n-2025-r3
18,Second-row,4.907145402145416,7.0,6n-2025-r3
19,Back-row,6.5290834951371615,3.0,6n-2025-r3
20,Fly-half,9.22822853480828,15.0,6n-2025-r3
21,Back-three,5.105591588442929,5.0,6n-2025-r3
22,Back-three,13.983034409334572,29.0,6n-2025-r3
23,Back-three,27.266997602452367,10.0,6n-2025-r3
24,Centre,21.179552144318556,4.0,6n-2025-r3
25,Centre,18.146503925409824,18.0,6n-2025-r3
26,Back-three,30.846153470083422,19.0,6n-2025-r3
27,Fly-half,26.868510175282264,37.0,6n-2025-r3
28,Scrum-half,20.939781263611906,33.0,6n-2025-r3
29,Prop,11.459793638165847,16.0,6n-2025-r3
30,Hooker,26.59623731283427,18.0,6n-2025-r3
31,Prop,13.143689639447352,8.0,6n-2025-r3
32,Second-row,16.499974481193206,19.0,6n-2025-r3
33,Second-row,17.307807564607828,16.0,6n-2025-r3
34,Back-row,12.87295127500785,26.0,6n-2025-r3
35,Back-row,25.15848912842724,15.0,6n-2025-r3
36,Back-row,25.548268690080288,38.0,6n-2025-r3
37,Hooker,5.346949398491716,4.0,6n-2025-r3
38,Prop,5.478917007276033,4.0,6n-2025-r3
39,Prop,4.074899180532356,5.0,6n-2025-r3
40,Second-row,5.100531704077653,2.0,6n-2025-r3
41,Back-row,5.32968999977936,7.0,6n-2025-r3
42,Scrum-half,3.6920728843461523,0.0,6n-2025-r3
43,Fly-half,6.135394343261986,1.0,6n-2025-r3
44,Back-three,9.45574534936918,11.0,6n-2025-r3
45,Back-three,31.678784841959352,20.0,6n-2025-r3
46,Back-three,25.17681232651642,22.0,6n-2025-r3
47,Centre,23.66861821693653,17.0,6n-2025-r3
48,Centre,15.931408412023455,16.0,6n-2025-r3
49,Back-three,30.289517487927988,5.0,6n-2025-r3
50,Fly-half,28.18563497810824,26.0,6n-2025-r3
51,Scrum-half,18.3759581658067,9.0,6n-2025-r3
52,Prop,15.391554978628275,13.0,6n-2025-r3
53,Hooker,19.62185010119841,12.0,6n-2025-r3
54,Prop,8.077198028322847,13.0,6n-2025-r3
55,Second-row,17.811119401643595,19.0,6n-2025-r3
56,Second-row,12.96521083251887,14.0,6n-2025-r3
57,Back-row,19.129968889846364,13.0,6n-2025-r3
58,Back-row,28.342461888289716,34.0,6n-2025-r3
59,Back-row,25.155151587995377,10.0,6n-2025-r3
60,Hooker,6.877167730491713,18.0,6n-2025-r3
61,Prop,5.599023344034207,5.0,6n-2025-r3
62,Prop,1.998497306572665,7.0,6n-2025-r3
63,Second-row,7.101728463216283,4.0,6n-2025-r3
64,Back-row,8.127884794832562,11.0,6n-2025-r3
65,Scrum-half,8.108519586544302,19.0,6n-2025-r3
66,Fly-half,4.814241423623054,4.0,6n-2025-r3
67,Back-three,4.609552647510131,13.0,6n-2025-r3
68,Back-three,20.832133803346913,44.0,6n-2025-r3
69,Back-three,18.34228762997612,21.0,6n-2025-r3
70,Centre,23.857223854499246,22.0,6n-2025-r3
71,Centre,22.055718486693728,27.0,6n-2025-r3
72,Back-three,24.997722269427747,62.0,6n-2025-r3
73,Fly-half,24.392147933119922,10.0,6n-2025-r3
74,Scrum-half,13.643732891546767,19.0,6n-2025-r3
75,Prop,15.869099360114852,5.0,6n-2025-r3
76,Hooker,13.166660433468351,6.0,6n-2025-r3
77,Prop,13.93204745890055,10.0,6n-2025-r3
78,Second-row,16.198343891241706,11.0,6n-2025-r3
79,Second-row,12.620005621127945,9.0,6n-2025-r3
80,Back-row,16.19161096239264,26.0,6n-2025-r3
81,Back-row,25.96163084882555,12.0,6n-2025-r3
82,Back-row,24.23751076508193,10.0,6n-2025-r3
83,Hooker,9.252110721493757,1.0,6n-2025-r3
84,Prop,4.441859364135839,1.0,6n-2025-r3
85,Prop,2.7580769633105673,0.0,6n-2025-r3
86,Second-row,3.5089903292596274,0.0,6n-2025-r3
87,Back-row,6.225950143526273,5.0,6n-2025-r3
88,Scrum-half,7.741980112741896,13.0,6n-2025-r3
89,Fly-half,7.963392064935878,3.0,6n-2025-r3
90,Back-three,7.413336576953621,16.0,6n-2025-r3
91,Back-three,18.863947548389532,9.0,6n-2025-r3
92,Back-three,20.493185143088986,22.0,6n-2025-r3
93,Centre,23.932798782385614,38.0,6n-2025-r3
94,Back-three,7.163158708500397,12.0,6n-2025-r3
95,Fly-half,19.214533292070918,31.0,6n-2025-r3
96,Scrum-half,11.693342588066905,9.0,6n-2025-r3
97,Prop,13.318729084091864,7.0,6n-2025-r3
98,Hooker,18.66478118913559,17.0,6n-2025-r3
99,Prop,10.017975753065006,9.0,6n-2025-r3
100,Second-row,16.341246394102598,16.0,6n-2025-r3
101,Second-row,15.521485991431852,19.0,6n-2025-r3
102,Back-row,19.586315775722074,17.0,6n-2025-r3
103,Back-row,18.72409449078339,19.0,6n-2025-r3
104,Back-row,23.279496653362248,11.0,6n-2025-r3
105,Hooker,8.614161031807612,6.0,6n-2025-r3
106,Prop,5.716433393799196,10.0,6n-2025-r3
107,Prop,6.165401501265486,7.0,6n-2025-r3
108,Second-row,2.9913755122863366,0.0,6n-2025-r3
109,Back-row,8.416423513055264,13.0,6n-2025-r3
110,Scrum-half,8.668157413954049,9.0,6n-2025-r3
111,Fly-half,3.0541427252018254,9.0,6n-2025-r3
112,Back-three,2.0655214545037976,7.0,6n-2025-r3
113,Back-three,22.096735888160964,56.0,6n-2025-r3
114,Back-three,27.745509007349025,42.0,6n-2025-r3
115,Centre,20.233357713280714,23.0,6n-2025-r3
116,Centre,19.091091073715262,39.0,6n-2025-r3
117,Back-three,29.51718279084215,37.0,6n-2025-r3
118,Fly-half,37.01261366646559,36.0,6n-2025-r3
119,Scrum-half,34.096364158913104,90.0,6n-2025-r3
120,Prop,10.15822276953332,4.0,6n-2025-r3
121,Hooker,21.418386852669755,22.0,6n-2025-r3
122,Prop,5.663466777702351,3.0,6n-2025-r3
123,Second-row,16.305278663709814,9.0,6n-2025-r3
124,Second-row,16.878060939192405,31.0,6n-2025-r3
125,Back-row,16.539114461509914,15.0,6n-2025-r3
126,Back-row,16.60898964541176,23.0,6n-2025-r3
127,Back-row,24.58602898304003,47.0,6n-2025-r3
128,Hooker,7.90997679476751,13.0,6n-2025-r3
129,Prop,5.869275268321042,7.0,6n-2025-r3
130,Prop,2.2449318487604444,5.0,6n-2025-r3
131,Second-row,5.966748015215925,12.0,6n-2025-r3
132,Back-row,4.747858236346731,2.0,6n-2025-r3
133,Scrum-half,7.254830216830015,12.0,6n-2025-r3
134,Fly-half,5.0156708204296265,11.0,6n-2025-r3
135,Back-three,3.0214104185677266,10.0,6n-2025-r3
0,Back-three,20.201724722719508,37.0,6n-2025-r4
1,Back-three,16.35512369993587,21.0,6n-2025-r4
2,Centre,17.56699325989843,17.0,6n-2025-r4
3,Centre,24.352178587703232,13.0,6n-2025-r4
4,Back-three,17.97408145255902,9.0,6n-2025-r4
5,Fly-half,26.568155475460618,29.0,6n-2025-r4
6,Scrum-half,19.57424878623991,7.0,6n-2025-r4
7,Prop,11.854175289288946,11.0,6n-2025-r4
8,Hooker,25.425771107509657,30.0,6n-2025-r4
9,Prop,10.614195193605834,14.0,6n-2025-r4
10,Second-row,15.833311142341119,7.0,6n-2025-r4
11,Second-row,17.17425247307926,13.0,6n-2025-r4
12,Back-row,13.525472205353356,7.0,6n-2025-r4
13,Back-row,24.49077691933202,15.0,6n-2025-r4
14,Back-row,28.57687952407794,30.0,6n-2025-r4
15,Hooker,6.945559373025001,0.0,6n-2025-r4
16,Prop,2.6567248346934758,21.0,6n-2025-r4
17,Prop,3.673592898140446,-1.0,6n-2025-r4
18,Second-row,4.307707517014622,8.0,6n-2025-r4
19,Back-row,9.16909073864818,27.0,6n-2025-r4
20,Scrum-half,5.403842263910614,4.0,6n-2025-r4
21,Fly-half,3.2851974864845213,4.0,6n-2025-r4
22,Back-three,5.336497626788241,8.0,6n-2025-r4
23,Back-three,27.0594844472999,36.0,6n-2025-r4
24,Back-three,27.32687636895055,37.0,6n-2025-r4
25,Centre,18.74558953001883,17.0,6n-2025-r4
26,Centre,18.856082929594002,19.0,6n-2025-r4
27,Back-three,23.659494568108787,47.0,6n-2025-r4
28,Fly-half,18.124953136871035,10.0,6n-2025-r4
29,Scrum-half,28.691460608661174,14.0,6n-2025-r4
30,Prop,11.633279557413063,13.0,6n-2025-r4
31,Hooker,19.92073178448178,13.0,6n-2025-r4
32,Prop,6.176996769961694,10.0,6n-2025-r4
33,Second-row,15.79700641328994,15.0,6n-2025-r4
34,Second-row,15.715314545618895,23.0,6n-2025-r4
35,Back-row,18.64549722827529,18.0,6n-2025-r4
36,Back-row,16.60088149935714,33.0,6n-2025-r4
37,Back-row,23.33220988093733,14.0,6n-2025-r4
38,Hooker,7.688520172196264,24.0,6n-2025-r4
39,Prop,6.250826333780148,19.0,6n-2025-r4
40,Prop,3.1030726324327307,10.0,6n-2025-r4
41,Second-row,6.5518768788499075,8.0,6n-2025-r4
42,Back-row,5.781510436376301,5.0,6n-2025-r4
43,Scrum-half,7.703359415451538,26.0,6n-2025-r4
44,Fly-half,7.962606797814585,9.0,6n-2025-r4
45,Back-three,2.8472259565806826,17.0,6n-2025-r4
46,Back-three,29.744138603281797,71.0,6n-2025-r4
47,Back-three,33.959744353508555,33.0,6n-2025-r4
48,Centre,29.75621271471598,26.0,6n-2025-r4
49,Centre,26.544944880719964,52.0,6n-2025-r4
50,Back-three,34.867399631043874,28.0,6n-2025-r4
51,Fly-half,30.214064558507044,26.0,6n-2025-r4
52,Scrum-half,15.077977817808282,6.0,6n-2025-r4
53,Prop,15.642297610140593,15.0,6n-2025-r4
54,Hooker,13.01839314303394,14.0,6n-2025-r4
55,Prop,12.26882781577887,14.0,6n-2025-r4
56,Second-row,13.893837575639694,18.0,6n-2025-r4
57,Second-row,10.235197914724113,13.0,6n-2025-r4
58,Back-row,14.30625669362129,25.0,6n-2025-r4
59,Back-row,24.971783639334145,5.0,6n-2025-r4
60,Back-row,25.35050071514217,36.0,6n-2025-r4
61,Hooker,9.721840950197477,13.0,6n-2025-r4
62,Prop,3.731379419800951,4.0,6n-2025-r4
63,Prop,2.1482452240117467,4.0,6n-2025-r4
64,Second-row,4.336613784848755,5.0,6n-2025-r4
65,Back-row,7.809321844704735,25.0,6n-2025-r4
66,Scrum-half,6.380672562305895,14.0,6n-2025-r4
67,Fly-half,7.972779486442024,7.0,6n-2025-r4
68,Back-three,2.9301317224059455,2.0,6n-2025-r4
69,Back-three,18.9378578497608,30.0,6n-2025-r4
70,Back-three,11.940849907540615,1.0,6n-2025-r4
71,Centre,19.660490206973336,26.0,6n-2025-r4
72,Centre,18.90289346514606,38.0,6n-2025-r4
73,Back-three,20.510330921443,13.0,6n-2025-r4
74,Fly-half,13.608737302365501,12.0,6n-2025-r4
75,Scrum-half,14.40404909205587,9.0,6n-2025-r4
76,Prop,9.855851262909882,17.0,6n-2025-r4
77,Hooker,19.584946281574556,18.0,6n-2025-r4
78,Prop,11.090475595653434,8.0,6n-2025-r4
79,Second-row,17.821536720061346,14.0,6n-2025-r4
80,Second-row,20.83720240944747,42.0,6n-2025-r4
81,Back-row,32.270019869292234,39.0,6n-2025-r4
82,Back-row,22.714301673950335,15.0,6n-2025-r4
83,Back-row,26.550108258243775,41.0,6n-2025-r4
84,Hooker,9.909535157278649,16.0,6n-2025-r4
85,Prop,5.843331820272092,16.0,6n-2025-r4
86,Prop,6.393631631356647,9.0,6n-2025-r4
87,Second-row,4.0384739720682585,9.0,6n-2025-r4
88,Back-row,6.4581330917998585,13.0,6n-2025-r4
89,Scrum-half,3.1033573973654556,4.0,6n-2025-r4
90,Fly-half,7.878476879583015,11.0,6n-2025-r4
91,Back-three,4.1541159680408475,27.0,6n-2025-r4
92,Back-three,23.210451846689008,20.0,6n-2025-r4
93,Back-three,27.098008208823583,43.0,6n-2025-r4
94,Centre,25.000511475158792,6.0,6n-2025-r4
95,Centre,19.89185662139957,12.0,6n-2025-r4
96,Back-three,28.701917763374425,43.0,6n-2025-r4
97,Fly-half,29.214012771692005,30.0,6n-2025-r4
98,Scrum-half,19.99003180205126,13.0,6n-2025-r4
99,Prop,15.738357442893808,9.0,6n-2025-r4
100,Hooker,17.155484499576794,14.0,6n-2025-r4
101,Prop,7.800830575697621,17.0,6n-2025-r4
102,Second-row,17.020240350732628,14.0,6n-2025-r4
103,Second-row,12.764657427166282,46.0,6n-2025-r4
104,Back-row,17.71843745520528,34.0,6n-2025-r4
105,Back-row,29.11911614435302,34.0,6n-2025-r4
106,Back-row,21.99642886400281,40.0,6n-2025-r4
107,Hooker,10.168715468300162,2.0,6n-2025-r4
108,Prop,5.078939980054629,2.0,6n-2025-r4
109,Prop,1.7371591674368674,2.0,6n-2025-r4
110,Second-row,1.79252619468154,1.0,6n-2025-r4
111,Back-row,8.780206411679329,18.0,6n-2025-r4
112,Scrum-half,9.414136136092221,23.0,6n-2025-r4
113,Fly-half,6.5698303973736145,0.0,6n-2025-r4
114,Back-three,10.729181813134517,36.0,6n-2025-r4
115,Back-three,19.74599922831122,25.0,6n-2025-r4
116,Back-three,20.77379813357379,13.0,6n-2025-r4
117,Centre,24.07876810002923,39.0,6n-2025-r4
118,Back-three,11.555365472465896,2.0,6n-2025-r4
119,Fly-half,18.99354731176452,25.0,6n-2025-r4
120,Scrum-half,10.356034018136253,5.0,6n-2025-r4
121,Prop,13.345542342209681,17.0,6n-2025-r4
122,Hooker,16.15675308142189,14.0,6n-2025-r4
123,Prop,9.25254419244779,8.0,6n-2025-r4
124,Second-row,17.21696868141809,14.0,6n-2025-r4
125,Second-row,16.417986917424756,13.0,6n-2025-r4
126,Back-row,19.883066669021414,23.0,6n-2025-r4
127,Back-row,19.60717968421768,12.0,6n-2025-r4
128,Back-row,27.616782510194227,39.0,6n-2025-r4
129,Hooker,9.202965398156815,5.0,6n-2025-r4
130,Prop,7.250550407133599,1.0,6n-2025-r4
131,Prop,6.569926918725653,5.0,6n-2025-r4
132,Second-row,2.57001257030286,1.0,6n-2025-r4
133,Back-row,8.624406774815835,22.0,6n-2025-r4
134,Scrum-half,6.394880619665426,7.0,6n-2025-r4
135,Fly-half,4.8968121306756585,8.0,6n-2025-r4
136,Back-three,7.466103860482698,3.0,6n-2025-r4
0,Back-three,16.48575334255561,9.0,6n-2025-r5
1,Back-three,19.654532509164376,12.0,6n-2025-r5
2,Centre,24.02172124787891,45.0,6n-2025-r5
3,Back-three,20.395947149290468,22.0,6n-2025-r5
4,Fly-half,19.18397046235365,25.0,6n-2025-r5
5,Scrum-half,11.393076031947174,9.0,6n-2025-r5
6,Prop,13.414491068019908,15.0,6n-2025-r5
7,Hooker,18.4413944374979,26.0,6n-2025-r5
8,Prop,10.519823766822093,12.0,6n-2025-r5
9,Second-row,14.572572158376136,4.0,6n-2025-r5
10,Second-row,16.55203993812939,25.0,6n-2025-r5
11,Back-row,19.96744251099311,10.0,6n-2025-r5
12,Back-row,16.806336157365752,34.0,6n-2025-r5
13,Back-row,22.70910074897589,15.0,6n-2025-r5
14,Hooker,9.208835310836637,-4.0,6n-2025-r5
15,Prop,6.824363289681472,9.0,6n-2025-r5
16,Prop,6.7381001035685255,6.0,6n-2025-r5
17,Second-row,6.658732314592824,20.0,6n-2025-r5
18,Back-row,8.852278713256368,7.0,6n-2025-r5
19,Scrum-half,9.041920249887626,-4.0,6n-2025-r5
20,Fly-half,4.8687047629041995,18.0,6n-2025-r5
21,Back-three,2.097076521770501,8.0,6n-2025-r5
22,Back-three,21.82501309149996,22.0,6n-2025-r5
23,Back-three,25.900221042982828,23.0,6n-2025-r5
24,Centre,19.682633769126216,14.0,6n-2025-r5
25,Centre,17.567763578998076,10.0,6n-2025-r5
26,Back-three,29.581649763072686,7.0,6n-2025-r5
27,Fly-half,25.82016052208639,19.0,6n-2025-r5
28,Scrum-half,19.614413708215135,8.0,6n-2025-r5
29,Prop,11.370986260538007,10.0,6n-2025-r5
30,Hooker,26.487525452212843,84.0,6n-2025-r5
31,Prop,10.361731299981678,11.0,6n-2025-r5
32,Second-row,12.869901476567566,7.0,6n-2025-r5
33,Second-row,16.792617597588848,22.0,6n-2025-r5
34,Back-row,24.456628527396695,23.0,6n-2025-r5
35,Back-row,23.802537541452402,7.0,6n-2025-r5
36,Back-row,28.402854062857983,20.0,6n-2025-r5
37,Hooker,3.650861063199866,6.0,6n-2025-r5
38,Prop,2.3264237799343364,6.0,6n-2025-r5
39,Prop,4.27345516396648,6.0,6n-2025-r5
40,Second-row,5.712560322956978,10.0,6n-2025-r5
41,Back-row,4.087127479809949,6.0,6n-2025-r5
42,Scrum-half,3.31875240514032,2.0,6n-2025-r5
43,Fly-half,7.503212400488593,1.0,6n-2025-r5
44,Back-three,9.465946196178153,10.0,6n-2025-r5
45,Back-three,19.63338540410484,26.0,6n-2025-r5
46,Back-three,19.644328149482348,11.0,6n-2025-r5
47,Centre,19.60973328248443,19.0,6n-2025-r5
48,Centre,19.466060449455544,37.0,6n-2025-r5
49,Back-three,15.827238566251843,17.0,6n-2025-r5
50,Fly-half,13.231207859038491,8.0,6n-2025-r5
51,Scrum-half,14.031919952769574,7.0,6n-2025-r5
52,Prop,10.080470644580094,11.0,6n-2025-r5
53,Hooker,17.84896664695425,9.0,6n-2025-r5
54,Prop,10.27665614994189,5.0,6n-2025-r5
55,Second-row,16.561334174207918,9.0,6n-2025-r5
56,Second-row,21.264145194642598,21.0,6n-2025-r5
57,Back-row,17.378853950366253,9.0,6n-2025-r5
58,Back-row,31.32169919735328,24.0,6n-2025-r5
59,Back-row,26.206991137590727,12.0,6n-2025-r5
60,Hooker,10.666701425486574,16.0,6n-2025-r5
61,Prop,5.828191664551961,4.0,6n-2025-r5
62,Prop,5.413208035863741,7.0,6n-2025-r5
63,Second-row,4.361736541167136,7.0,6n-2025-r5
64,Back-row,8.50013883110025,7.0,6n-2025-r5
65,Scrum-half,2.9598916436124445,4.0,6n-2025-r5
66,Fly-half,7.319303105886416,15.0,6n-2025-r5
67,Back-three,5.634476635607468,8.0,6n-2025-r5
68,Back-three,34.055763890406865,18.0,6n-2025-r5
69,Back-three,23.034883594248537,24.0,6n-2025-r5
70,Centre,27.19613226586959,28.0,6n-2025-r5
71,Centre,18.490484850399124,13.0,6n-2025-r5
72,Back-three,22.521806013066723,11.0,6n-2025-r5
73,Fly-half,28.99388895149532,28.0,6n-2025-r5
74,Scrum-half,19.24859524556041,23.0,6n-2025-r5
75,Prop,15.276626681684517,18.0,6n-2025-r5
76,Hooker,18.450358974200068,9.0,6n-2025-r5
77,Prop,8.428367063907286,23.0,6n-2025-r5
78,Second-row,17.06603792390248,32.0,6n-2025-r5
79,Second-row,14.134080651607391,10.0,6n-2025-r5
80,Back-row,18.720410453139525,19.0,6n-2025-r5
81,Back-row,20.757869283033372,46.0,6n-2025-r5
82,Back-row,28.76713034504676,36.0,6n-2025-r5
83,Hooker,7.725083394043871,14.0,6n-2025-r5
84,Prop,4.970289822972598,5.0,6n-2025-r5
85,Prop,2.0370649462722987,29.0,6n-2025-r5
86,Second-row,8.943448994998006,50.0,6n-2025-r5
87,Back-row,9.096168822019424,40.0,6n-2025-r5
88,Scrum-half,11.764603619302411,22.0,6n-2025-r5
89,Fly-half,5.208482209989566,7.0,6n-2025-r5
90,Back-three,3.8426161459091897,11.0,6n-2025-r5
91,Back-three,41.130800129627204,36.0,6n-2025-r5
92,Back-three,39.55140956094761,10.0,6n-2025-r5
93,Centre,22.33475669945116,22.0,6n-2025-r5
94,Centre,20.71789968571603,63.0,6n-2025-r5
95,Back-three,33.0321530291727,25.0,6n-2025-r5
96,Fly-half,21.832435121918085,32.0,6n-2025-r5
97,Scrum-half,18.151097596052775,14.0,6n-2025-r5
98,Prop,9.673049623615263,6.0,6n-2025-r5
99,Hooker,22.098574769685822,0.0,6n-2025-r5
100,Prop,5.492648122482723,9.0,6n-2025-r5
101,Second-row,16.338682150900283,21.0,6n-2025-r5
102,Second-row,14.101342942080258,13.0,6n-2025-r5
103,Back-row,16.22423226618469,25.0,6n-2025-r5
104,Back-row,17.901719539860853,9.0,6n-2025-r5
105,Back-row,25.052054681042613,16.0,6n-2025-r5
106,Hooker,8.496495138734382,14.0,6n-2025-r5
107,Prop,6.400315823951945,7.0,6n-2025-r5
108,Prop,2.3396380270446637,5.0,6n-2025-r5
109,Second-row,3.348488948668482,2.0,6n-2025-r5
110,Back-row,10.572790439432342,8.0,6n-2025-r5
111,Scrum-half,8.93663263564001,13.0,6n-2025-r5
112,Fly-half,8.716626527460253,12.0,6n-2025-r5
113,Back-three,7.659796480992736,1.0,6n-2025-r5
114,Back-three,19.525792617109914,29.0,6n-2025-r5
115,Back-three,22.0433565187387,29.0,6n-2025-r5
116,Centre,21.991413891231584,15.0,6n-2025-r5
117,Centre,22.0726366031366,20.0,6n-2025-r5
118,Back-three,22.703286112611195,24.0,6n-2025-r5
119,Fly-half,22.071905771278036,30.0,6n-2025-r5
120,Scrum-half,13.43177514287865,12.0,6n-2025-r5
121,Prop,15.99665315117873,27.0,6n-2025-r5
122,Hooker,13.8418796509968,20.0,6n-2025-r5
123,Prop,15.034140397534658,24.0,6n-2025-r5
124,Second-row,18.846576966315453,16.0,6n-2025-r5
125,Second-row,13.817109879038888,12.0,6n-2025-r5
126,Back-row,17.397053222991882,16.0,6n-2025-r5
127,Back-row,25.342674207977666,29.0,6n-2025-r5
128,Back-row,23.510122539667886,36.0,6n-2025-r5
129,Hooker,9.186816505759039,19.0,6n-2025-r5
130,Prop,4.677735461002562,3.0,6n-2025-r5
131,Second-row,4.082298776713735,1.0,6n-2025-r5
132,Back-row,3.9135469251629256,4.0,6n-2025-r5
133,Scrum-half,6.4078653253292295,3.0,6n-2025-r5
134,Fly-half,6.927685462791528,2.0,6n-2025-r5
135,Back-three,6.3558135508815194,1.0,6n-2025-r5
0,Back-three,34.02373675935166,46.0,6n-2026-r1
1,Back-three,25.520509317148093,32.0,6n-2026-r1
2,Centre,24.532655357561772,36.0,6n-2026-r1
3,Centre,21.093913298598746,15.0,6n-2026-r1
4,Back-three,28.701310913767593,51.0,6n-2026-r1
5,Fly-half,30.39756672262631,52.0,6n-2026-r1
6,Scrum-half,32.83480003922016,30.0,6n-2026-r1
7,Prop,10.2300669214731,9.0,6n-2026-r1
8,Hooker,18.30431628940797,12.0,6n-2026-r1
9,Prop,5.232212514437524,6.0,6n-2026-r1
10,Second-row,18.87034684905479,23.0,6n-2026-r1
11,Second-row,17.24807229681137,42.0,6n-2026-r1
12,Back-row,18.201057605098303,10.0,6n-2026-r1
13,Back-row,21.908657419532823,31.0,6n-2026-r1
14,Back-row,20.67656972685381,30.0,6n-2026-r1
15,Hooker,10.925613002220034,20.0,6n-2026-r1
16,Prop,3.328843296278448,5.0,6n-2026-r1
17,Back-row,9.082728535961346,11.0,6n-2026-r1
18,Scrum-half,7.3308538811283075,17.0,6n-2026-r1
19,Fly-half,3.707611852359176,6.0,6n-2026-r1
20,Back-three,6.222580899732216,6.0,6n-2026-r1
21,Back-three,17.07742398917488,21.0,6n-2026-r1
22,Back-three,18.467141904096056,7.0,6n-2026-r1
23,Centre,17.642728317121676,12.0,6n-2026-r1
24,Centre,16.525873421236984,27.0,6n-2026-r1
25,Back-three,16.96138522171651,13.0,6n-2026-r1
26,Fly-half,22.88463701373917,32.0,6n-2026-r1
27,Scrum-half,15.607368001143483,12.0,6n-2026-r1
28,Prop,13.616344969571719,14.0,6n-2026-r1
29,Hooker,24.82905769076205,13.0,6n-2026-r1
30,Prop,10.890851812410189,8.0,6n-2026-r1
31,Second-row,14.481552324315626,12.0,6n-2026-r1
32,Second-row,16.178479908295415,39.0,6n-2026-r1
33,Back-row,22.658319387889467,15.0,6n-2026-r1
34,Back-row,24.285299506671677,14.0,6n-2026-r1
35,Back-row,27.759954185288322,34.0,6n-2026-r1
36,Hooker,7.742396673608606,4.0,6n-2026-r1
37,Prop,7.372640451934554,18.0,6n-2026-r1
38,Prop,4.916655042321373,0.0,6n-2026-r1
39,Second-row,4.415475861540435,9.0,6n-2026-r1
40,Back-row,8.613929249921963,5.0,6n-2026-r1
41,Scrum-half,9.901248307461648,33.0,6n-2026-r1
42,Fly-half,2.773922516750837,1.0,6n-2026-r1
43,Back-three,6.982308673582437,6.0,6n-2026-r1
44,Back-three,21.348773104704907,9.0,6n-2026-r1
45,Back-three,21.0860466526428,17.0,6n-2026-r1
46,Centre,23.269203131716086,34.0,6n-2026-r1
47,Back-three,24.80158729725132,17.0,6n-2026-r1
48,Fly-half,19.67413758694463,15.0,6n-2026-r1
49,Scrum-half,14.047287926483815,11.0,6n-2026-r1
50,Prop,12.512852030319246,19.0,6n-2026-r1
51,Hooker,14.060617716409961,20.0,6n-2026-r1
52,Prop,8.431340681615131,33.0,6n-2026-r1
53,Second-row,14.522682003122112,31.0,6n-2026-r1
54,Second-row,12.31265451869583,30.0,6n-2026-r1
55,Back-row,15.520774968065401,37.0,6n-2026-r1
56,Back-row,18.98570425406268,32.0,6n-2026-r1
57,Back-row,20.3885918703342,44.0,6n-2026-r1
58,Hooker,6.662280791503776,12.0,6n-2026-r1
59,Prop,5.681164416096254,5.0,6n-2026-r1
60,Prop,6.809658687527541,7.0,6n-2026-r1
61,Second-row,4.235277580942117,8.0,6n-2026-r1
62,Back-row,3.193523707527815,13.0,6n-2026-r1
63,Scrum-half,3.501441229593287,5.0,6n-2026-r1
64,Back-three,6.2625017075320155,2.0,6n-2026-r1
65,Back-three,23.541879162338024,6.0,6n-2026-r1
66,Back-three,23.450485873736586,12.0,6n-2026-r1
67,Centre,22.48151763646059,7.0,6n-2026-r1
68,Centre,17.520344852160296,11.0,6n-2026-r1
69,Fly-half,24.9569009012824,14.0,6n-2026-r1
70,Scrum-half,15.776691189159637,26.0,6n-2026-r1
71,Prop,16.716888512161056,10.0,6n-2026-r1
72,Hooker,24.09251744804223,14.0,6n-2026-r1
73,Prop,13.449411652084484,13.0,6n-2026-r1
74,Second-row,14.12039788913068,9.0,6n-2026-r1
75,Second-row,13.692852855734337,3.0,6n-2026-r1
76,Back-row,22.780105994257692,17.0,6n-2026-r1
77,Back-row,24.076585915472712,22.0,6n-2026-r1
78,Back-row,24.27270541879693,40.0,6n-2026-r1
79,Hooker,8.27203625914653,-2.0,6n-2026-r1
80,Prop,5.402973206718542,6.0,6n-2026-r1
81,Prop,5.750854181519466,3.0,6n-2026-r1
82,Second-row,5.025584198638673,3.0,6n-2026-r1
83,Back-row,5.124064138583418,14.0,6n-2026-r1
84,Scrum-half,6.78502057930487,15.0,6n-2026-r1
85,Back-three,10.515113598157516,1.0,6n-2026-r1
86,Back-three,23.680836468233252,16.0,6n-2026-r1
87,Back-three,28.386361125295807,17.0,6n-2026-r1
88,Centre,30.014139362896636,50.0,6n-2026-r1
89,Centre,18.136958818600046,20.0,6n-2026-r1
90,Back-three,24.333005966114513,46.0,6n-2026-r1
91,Fly-half,24.480422979499092,55.0,6n-2026-r1
92,Scrum-half,22.748062787063745,6.0,6n-2026-r1
93,Prop,16.1395215596089,11.0,6n-2026-r1
94,Hooker,18.549741706517633,12.0,6n-2026-r1
95,Prop,9.984910264679948,9.0,6n-2026-r1
96,Second-row,21.031341724548398,22.0,6n-2026-r1
97,Second-row,14.349520252283881,30.0,6n-2026-r1
98,Back-row,18.735159804239103,32.0,6n-2026-r1
99,Back-row,18.824070528459558,10.0,6n-2026-r1
100,Back-row,28.924247782206564,50.0,6n-2026-r1
101,Hooker,10.286652147673474,5.0,6n-2026-r1
102,Prop,5.3548354990477565,17.0,6n-2026-r1
103,Prop,2.174612464586476,6.0,6n-2026-r1
104,Second-row,2.462420136093527,0.0,6n-2026-r1
105,Back-row,8.885477379452345,-1.0,6n-2026-r1
106,Scrum-half,12.998813970445688,3.0,6n-2026-r1
107,Fly-half,2.542777538097979,3.0,6n-2026-r1
108,Back-three,12.167906827342374,9.0,6n-2026-r1
109,Back-three,21.951323861562177,21.0,6n-2026-r1
110,Back-three,16.635522304535787,8.0,6n-2026-r1
111,Centre,16.225079211371956,11.0,6n-2026-r1
112,Centre,20.42442506795244,0.0,6n-2026-r1
113,Back-three,13.621479785234056,20.0,6n-2026-r1
114,Fly-half,16.73596124327069,17.0,6n-2026-r1
115,Scrum-half,16.317758825302654,20.0,6n-2026-r1
116,Prop,10.71637009590442,-3.0,6n-2026-r1
117,Hooker,23.692002729918407,6.0,6n-2026-r1
118,Prop,17.037828835855997,14.0,6n-2026-r1
119,Second-row,23.202375400926268,14.0,6n-2026-r1
120,Second-row,13.582593609035413,14.0,6n-2026-r1
121,Back-row,24.57403213086749,13.0,6n-2026-r1
122,Back-row,20.288059835153494,18.0,6n-2026-r1
123,Back-row,19.099394915375644,24.0,6n-2026-r1
124,Hooker,5.19433770795739,4.0,6n-2026-r1
125,Prop,6.686154766371272,4.0,6n-2026-r1
126,Prop,5.330063978027903,5.0,6n-2026-r1
127,Second-row,5.260067436359008,3.0,6n-2026-r1
128,Scrum-half,8.86470758281287,13.0,6n-2026-r1
129,Fly-half,2.8226321157868624,0.0,6n-2026-r1
130,Back-three,4.2470815444787595,6.0,6n-2026-r1
0,Back-three,21.764723072987948,29.0,6n-2026-r2
1,Back-three,27.185880423358594,45.0,6n-2026-r2
2,Centre,20.563838649799063,14.0,6n-2026-r2
3,Centre,19.89395328136301,40.0,6n-2026-r2
4,Back-three,27.07684507635072,47.0,6n-2026-r2
5,Fly-half,28.780233872855867,10.0,6n-2026-r2
6,Scrum-half,17.54880386835183,4.0,6n-2026-r2
7,Prop,10.911765591876229,8.0,6n-2026-r2
8,Hooker,27.98159045235654,4.0,6n-2026-r2
9,Prop,9.968316136925251,11.0,6n-2026-r2
10,Second-row,14.869812248618683,11.0,6n-2026-r2
11,Second-row,10.027409560448245,10.0,6n-2026-r2
12,Back-row,20.279495556275673,20.0,6n-2026-r2
13,Back-row,28.68725150885194,38.0,6n-2026-r2
14,Back-row,24.634824613774146,43.0,6n-2026-r2
15,Hooker,7.473140879684036,12.0,6n-2026-r2
16,Prop,4.129517411795479,10.0,6n-2026-r2
17,Prop,4.560880265450249,7.0,6n-2026-r2
18,Second-row,5.867342055818982,8.0,6n-2026-r2
19,Back-row,4.487663012449982,11.0,6n-2026-r2
20,Scrum-half,10.143720764503602,7.0,6n-2026-r2
21,Fly-half,4.778746759627762,4.0,6n-2026-r2
22,Back-three,8.736829467842448,9.0,6n-2026-r2
23,Back-three,10.145739866812407,19.0,6n-2026-r2
24,Back-three,18.143223049953107,10.0,6n-2026-r2
25,Centre,22.327152500495867,24.0,6n-2026-r2
26,Centre,17.321518954814994,15.0,6n-2026-r2
27,Back-three,20.18165030233307,32.0,6n-2026-r2
28,Fly-half,18.082778993544,25.0,6n-2026-r2
29,Scrum-half,12.883774289694124,13.0,6n-2026-r2
30,Prop,14.319194241072882,12.0,6n-2026-r2
31,Hooker,16.79397476006994,31.0,6n-2026-r2
32,Prop,11.0713728829392,14.0,6n-2026-r2
33,Second-row,17.713883803805913,15.0,6n-2026-r2
34,Second-row,15.109515924984375,16.0,6n-2026-r2
35,Back-row,18.79180859849622,22.0,6n-2026-r2
36,Back-row,20.44936401324148,41.0,6n-2026-r2
37,Back-row,22.0091197141335,28.0,6n-2026-r2
38,Hooker,7.411587538713258,6.0,6n-2026-r2
39,Prop,6.154063724820498,6.0,6n-2026-r2
40,Prop,7.611582968273154,4.0,6n-2026-r2
41,Second-row,4.242938124301312,4.0,6n-2026-r2
42,Back-row,4.24298602537856,2.0,6n-2026-r2
43,Scrum-half,4.449576518043858,4.0,6n-2026-r2
44,Fly-half,3.2160672838955127,0.0,6n-2026-r2
45,Back-three,3.878287205491352,4.0,6n-2026-r2
46,Back-three,21.234963161710077,4.0,6n-2026-r2
47,Back-three,21.664287102566874,44.0,6n-2026-r2
48,Centre,19.960352916675063,49.0,6n-2026-r2
49,Centre,16.396619632228507,18.0,6n-2026-r2
50,Fly-half,22.74897680864028,36.0,6n-2026-r2
51,Scrum-half,15.596453175894275,28.0,6n-2026-r2
52,Prop,14.030151619399435,8.0,6n-2026-r2
53,Prop,14.259192528841684,8.0,6n-2026-r2
54,Second-row,15.676071803001822,25.0,6n-2026-r2
55,Second-row,14.689441916299234,23.0,6n-2026-r2
56,Back-row,23.72735703854397,38.0,6n-2026-r2
57,Back-row,24.10746252029698,16.0,6n-2026-r2
58,Prop,7.629542464343179,10.0,6n-2026-r2
59,Prop,5.699343499016115,11.0,6n-2026-r2
60,Second-row,4.7823818517677745,5.0,6n-2026-r2
61,Back-row,10.842375708846957,19.0,6n-2026-r2
62,Scrum-half,6.117976248136427,8.0,6n-2026-r2
63,Fly-half,2.9228362184949566,0.0,6n-2026-r2
64,Back-three,9.281064904528487,5.0,6n-2026-r2
65,Back-three,21.962878541379467,21.0,6n-2026-r2
66,Back-three,25.71132519794679,2.0,6n-2026-r2
67,Centre,29.12807395486649,8.0,6n-2026-r2
68,Centre,18.090152634522774,12.0,6n-2026-r2
69,Back-three,26.858487031009307,-1.0,6n-2026-r2
70,Fly-half,24.305126836522902,29.0,6n-2026-r2
71,Scrum-half,21.043462832498957,14.0,6n-2026-r2
72,Prop,15.16549396427165,4.0,6n-2026-r2
73,Hooker,17.347522326552998,11.0,6n-2026-r2
74,Prop,9.905919351060701,11.0,6n-2026-r2
75,Second-row,18.602308344293988,11.0,6n-2026-r2
76,Second-row,14.955513279278847,16.0,6n-2026-r2
77,Back-row,19.49936412024779,7.0,6n-2026-r2
78,Back-row,17.906082924888842,6.0,6n-2026-r2
79,Back-row,28.80013917194178,40.0,6n-2026-r2
80,Hooker,8.486602849465049,7.0,6n-2026-r2
81,Prop,7.058816169010058,9.0,6n-2026-r2
82,Prop,3.4307817146114017,2.0,6n-2026-r2
83,Second-row,3.36980020060297,5.0,6n-2026-r2
84,Back-row,8.69504700556957,9.0,6n-2026-r2
85,Scrum-half,11.684886717868526,22.0,6n-2026-r2
86,Fly-half,2.4322931254272175,2.0,6n-2026-r2
87,Back-three,6.884399700896469,3.0,6n-2026-r2
88,Back-three,21.82984866632715,37.0,6n-2026-r2
89,Back-three,15.233901521723233,10.0,6n-2026-r2
90,Centre,9.83012196622885,19.0,6n-2026-r2
91,Centre,15.061008212869375,17.0,6n-2026-r2
92,Back-three,13.713100888262566,12.0,6n-2026-r2
93,Fly-half,17.074736655327488,10.0,6n-2026-r2
94,Scrum-half,16.553099466709476,15.0,6n-2026-r2
95,Prop,10.958003499620387,29.0,6n-2026-r2
96,Hooker,22.820458504394633,21.0,6n-2026-r2
97,Prop,12.994210940115558,10.0,6n-2026-r2
98,Second-row,22.70047415541847,21.0,6n-2026-r2
99,Second-row,13.332959964092321,14.0,6n-2026-r2
100,Back-row,19.256343763964274,28.0,6n-2026-r2
101,Back-row,21.960784836449083,27.0,6n-2026-r2
102,Back-row,26.977761734211665,15.0,6n-2026-r2
103,Hooker,6.787712884556632,10.0,6n-2026-r2
104,Prop,6.885758843781671,6.0,6n-2026-r2
105,Prop,10.058107056060274,13.0,6n-2026-r2
106,Second-row,3.7635658984306533,5.0,6n-2026-r2
107,Scrum-half,2.4537119516978487,0.0,6n-2026-r2
108,Fly-half,4.924829238264319,3.0,6n-2026-r2
109,Back-three,4.645171496482581,13.0,6n-2026-r2
110,Back-three,41.607483691339944,48.0,6n-2026-r2
111,Back-three,29.187066114491316,49.0,6n-2026-r2
112,Centre,21.67613168156019,33.0,6n-2026-r2
113,Centre,25.72885938989457,56.0,6n-2026-r2
114,Back-three,34.716476066930994,39.0,6n-2026-r2
115,Fly-half,37.71960066889686,87.0,6n-2026-r2
116,Scrum-half,38.35612960739087,33.0,6n-2026-r2
117,Prop,9.150689696126868,11.0,6n-2026-r2
118,Hooker,18.94174072777032,31.0,6n-2026-r2
119,Prop,4.560767592201713,9.0,6n-2026-r2
120,Second-row,19.822305060101364,39.0,6n-2026-r2
121,Second-row,17.03693257670647,31.0,6n-2026-r2
122,Back-row,16.50127334787056,15.0,6n-2026-r2
123,Back-row,22.681700509159388,25.0,6n-2026-r2
124,Back-row,21.96317501381669,18.0,6n-2026-r2
125,Hooker,7.729765947323814,10.0,6n-2026-r2
126,Prop,3.3503487927289735,7.0,6n-2026-r2
127,Second-row,4.832145272541882,11.0,6n-2026-r2
128,Back-row,5.4190805484399895,4.0,6n-2026-r2
129,Scrum-half,6.509257018349937,16.0,6n-2026-r2
130,Fly-half,3.182809523576155,13.0,6n-2026-r2
0,Back-three,20.80785150969187,3.0,6n-2026-r3
1,Back-three,27.337392545649575,18.0,6n-2026-r3
2,Centre,22.941740251277288,31.0,6n-2026-r3
3,Centre,17.782764380433072,22.0,6n-2026-r3
4,Back-three,24.814891032023876,12.0,6n-2026-r3
5,Fly-half,23.890383774994046,31.0,6n-2026-r3
6,Scrum-half,19.93093535782554,1.0,6n-2026-r3
7,Prop,14.652039128771117,13.0,6n-2026-r3
8,Hooker,16.946450124689164,6.0,6n-2026-r3
9,Prop,10.857989916494013,21.0,6n-2026-r3
10,Second-row,18.66875222743599,16.0,6n-2026-r3
11,Second-row,15.376577645968121,14.0,6n-2026-r3
12,Back-row,19.974294948357368,9.0,6n-2026-r3
13,Back-row,28.888435600687036,12.0,6n-2026-r3
14,Back-row,38.580602629581406,26.0,6n-2026-r3
15,Hooker,8.263184919607777,11.0,6n-2026-r3
16,Prop,6.984814390716325,8.0,6n-2026-r3
17,Prop,3.0559138383403184,2.0,6n-2026-r3
18,Second-row,4.300019396916715,4.0,6n-2026-r3
19,Back-row,2.7484504951439668,5.0,6n-2026-r3
20,Scrum-half,6.544949502367791,19.0,6n-2026-r3
21,Fly-half,5.452558190087586,11.0,6n-2026-r3
22,Back-three,10.444491332428814,18.0,6n-2026-r3
23,Back-three,17.949180725350715,18.0,6n-2026-r3
24,Back-three,22.791601800507596,41.0,6n-2026-r3
25,Centre,17.195525405212013,8.0,6n-2026-r3
26,Centre,18.926306111963722,35.0,6n-2026-r3
27,Back-three,21.50131453854454,7.0,6n-2026-r3
28,Fly-half,22.752094783203,41.0,6n-2026-r3
29,Scrum-half,15.204447743609792,63.0,6n-2026-r3
30,Prop,13.582638948821932,8.0,6n-2026-r3
31,Hooker,23.13132947383135,43.0,6n-2026-r3
32,Prop,10.494300479152379,13.0,6n-2026-r3
33,Second-row,13.828103715425996,17.0,6n-2026-r3
34,Second-row,12.104640627372158,15.0,6n-2026-r3
35,Back-row,17.155216952199485,35.0,6n-2026-r3
36,Back-row,23.727648483877605,27.0,6n-2026-r3
37,Back-row,27.698143123430704,38.0,6n-2026-r3
38,Hooker,7.772006320036053,6.0,6n-2026-r3
39,Prop,4.383560371623864,7.0,6n-2026-r3
40,Prop,4.8841299491555095,2.0,6n-2026-r3
41,Second-row,9.5313553024876,16.0,6n-2026-r3
42,Back-row,6.245637677269694,6.0,6n-2026-r3
43,Scrum-half,2.495170122412018,0.0,6n-2026-r3
44,Fly-half,6.453372524132754,2.0,6n-2026-r3
45,Back-three,5.932811153762875,22.0,6n-2026-r3
46,Back-three,24.48794172954667,14.0,6n-2026-r3
47,Back-three,17.756634508458145,4.0,6n-2026-r3
48,Centre,12.333751274865028,17.0,6n-2026-r3
49,Centre,14.718554920241376,6.0,6n-2026-r3
50,Back-three,14.583738838523459,18.0,6n-2026-r3
51,Fly-half,19.3055627344083,20.0,6n-2026-r3
52,Scrum-half,16.97723367893203,11.0,6n-2026-r3
53,Prop,11.244037426803835,29.0,6n-2026-r3
54,Hooker,21.51792130085915,19.0,6n-2026-r3
55,Prop,11.100717663260967,12.0,6n-2026-r3
56,Second-row,20.322584467586516,24.0,6n-2026-r3
57,Second-row,11.922488075150026,27.0,6n-2026-r3
58,Back-row,20.971053750982716,36.0,6n-2026-r3
59,Back-row,19.35938145588084,29.0,6n-2026-r3
60,Hooker,6.680046173554746,8.0,6n-2026-r3
61,Prop,6.157136335233721,24.0,6n-2026-r3
62,Prop,9.130931649884058,10.0,6n-2026-r3
63,Second-row,3.63478845191036,0.0,6n-2026-r3
64,Back-row,6.243586931950947,27.0,6n-2026-r3
65,Fly-half,5.3987917049627745,6.0,6n-2026-r3
66,Back-three,4.477821483372148,3.0,6n-2026-r3
67,Back-three,22.76767831020432,19.0,6n-2026-r3
68,Back-three,26.03720349072615,36.0,6n-2026-r3
69,Centre,25.31872294826052,14.0,6n-2026-r3
70,Centre,18.477721451166392,23.0,6n-2026-r3
71,Back-three,31.075952681851625,5.0,6n-2026-r3
72,Fly-half,27.511153512532278,35.0,6n-2026-r3
73,Scrum-half,17.199179291426955,12.0,6n-2026-r3
74,Prop,10.642123205974542,8.0,6n-2026-r3
75,Hooker,13.467666954626324,14.0,6n-2026-r3
76,Prop,12.302978031640656,19.0,6n-2026-r3
77,Second-row,12.292398821281942,6.0,6n-2026-r3
78,Second-row,13.269661562982268,14.0,6n-2026-r3
79,Back-row,15.970561666501183,16.0,6n-2026-r3
80,Back-row,23.487619447698528,45.0,6n-2026-r3
81,Back-row,22.234598637892244,18.0,6n-2026-r3
82,Hooker,8.244019054781175,17.0,6n-2026-r3
83,Prop,7.576842884470049,8.0,6n-2026-r3
84,Prop,5.306442083169927,6.0,6n-2026-r3
85,Second-row,4.532081092711473,0.0,6n-2026-r3
86,Back-row,6.766022288742865,19.0,6n-2026-r3
87,Scrum-half,7.58061346691621,5.0,6n-2026-r3
88,Fly-half,3.5341218988506364,0.0,6n-2026-r3
89,Back-three,9.00326987926307,14.0,6n-2026-r3
90,Back-three,31.04039110660022,20.0,6n-2026-r3
91,Back-three,22.04610423247527,22.0,6n-2026-r3
92,Centre,21.791093023820245,45.0,6n-2026-r3
93,Centre,32.25802320402875,22.0,6n-2026-r3
94,Back-three,35.37313044587726,27.0,6n-2026-r3
95,Fly-half,42.25557488364244,56.0,6n-2026-r3
96,Scrum-half,38.105929643216136,41.0,6n-2026-r3
97,Prop,9.151032857804957,11.0,6n-2026-r3
98,Hooker,19.534177082903202,9.0,6n-2026-r3
99,Prop,4.706424209438729,10.0,6n-2026-r3
100,Second-row,15.892806427120934,27.0,6n-2026-r3
101,Second-row,16.211781772113014,61.0,6n-2026-r3
102,Back-row,16.02492446382068,11.0,6n-2026-r3
103,Back-row,22.566642638363277,22.0,6n-2026-r3
104,Back-row,21.188559600340525,27.0,6n-2026-r3
105,Hooker,11.559780175781485,9.0,6n-2026-r3
106,Prop,3.5041444388688125,12.0,6n-2026-r3
107,Prop,8.198155414129609,5.0,6n-2026-r3
108,Second-row,7.611417607966527,8.0,6n-2026-r3
109,Back-row,8.63725760149764,7.0,6n-2026-r3
110,Scrum-half,8.639813851619246,9.0,6n-2026-r3
111,Fly-half,4.9991757060316155,1.0,6n-2026-r3
112,Back-three,9.344531205930858,3.0,6n-2026-r3
113,Back-three,21.0096162345831,26.0,6n-2026-r3
114,Back-three,17.970921348823047,5.0,6n-2026-r3
115,Centre,22.96347743698092,28.0,6n-2026-r3
116,Centre,17.51816010265041,26.0,6n-2026-r3
117,Back-three,20.54919252197085,8.0,6n-2026-r3
118,Fly-half,18.61465183047587,15.0,6n-2026-r3
119,Scrum-half,13.463174494778665,12.0,6n-2026-r3
120,Prop,14.59687771080171,6.0,6n-2026-r3
121,Hooker,17.748491969383153,7.0,6n-2026-r3
122,Prop,11.701290148241906,4.0,6n-2026-r3
123,Second-row,17.888577868506438,10.0,6n-2026-r3
124,Second-row,15.638254796462745,5.0,6n-2026-r3
125,Back-row,19.47544437628611,15.0,6n-2026-r3
126,Back-row,22.564340255512022,18.0,6n-2026-r3
127,Back-row,22.655751658190333,25.0,6n-2026-r3
128,Hooker,8.538754317144937,11.0,6n-2026-r3
129,Prop,6.274927399932956,11.0,6n-2026-r3
130,Prop,5.815806325712706,8.0,6n-2026-r3
131,Second-row,4.455393085252505,17.0,6n-2026-r3
132,Back-row,4.094404328372962,9.0,6n-2026-r3
133,Scrum-half,4.59743731768502,1.0,6n-2026-r3
134,Fly-half,3.1815983591402732,5.0,6n-2026-r3
135,Back-three,3.4985741729677486,7.0,6n-2026-r3
0,Back-three,23.260017815953702,22.0,6n-2026-r4
1,Back-three,31.134914965136794,16.0,6n-2026-r4
2,Centre,20.061659265178214,16.0,6n-2026-r4
3,Centre,22.854152643367385,32.0,6n-2026-r4
4,Back-three,23.55248174293836,30.0,6n-2026-r4
5,Fly-half,28.920139892803984,39.0,6n-2026-r4
6,Scrum-half,19.414647730555494,26.0,6n-2026-r4
7,Prop,10.13895324931023,14.0,6n-2026-r4
8,Hooker,18.432056282232747,35.0,6n-2026-r4
9,Prop,9.001851846479227,13.0,6n-2026-r4
10,Second-row,10.105829641570619,10.0,6n-2026-r4
11,Second-row,15.905147935233627,32.0,6n-2026-r4
12,Back-row,25.966657854034057,68.0,6n-2026-r4
13,Back-row,23.563828485626455,19.0,6n-2026-r4
14,Back-row,29.280658920608357,30.0,6n-2026-r4
15,Hooker,11.518536488413096,3.0,6n-2026-r4
16,Prop,7.65845999010628,6.0,6n-2026-r4
17,Prop,3.7387818715756413,3.0,6n-2026-r4
18,Second-row,7.1072163537542705,15.0,6n-2026-r4
19,Back-row,8.54102123116998,10.0,6n-2026-r4
20,Scrum-half,4.722917568250818,3.0,6n-2026-r4
21,Fly-half,5.696371692234112,2.0,6n-2026-r4
22,Back-three,7.665566304062242,2.0,6n-2026-r4
23,Back-three,21.80753194314726,18.0,6n-2026-r4
24,Back-three,14.902356289111161,5.0,6n-2026-r4
25,Centre,14.147710721141017,22.0,6n-2026-r4
26,Centre,15.379826848922857,15.0,6n-2026-r4
27,Back-three,13.939590775930741,7.0,6n-2026-r4
28,Fly-half,16.819671886966894,17.0,6n-2026-r4
29,Scrum-half,16.735819316546053,9.0,6n-2026-r4
30,Prop,11.809697973566305,37.0,6n-2026-r4
31,Hooker,22.692746368944537,32.0,6n-2026-r4
32,Prop,12.67755055422309,16.0,6n-2026-r4
33,Second-row,23.314369298174654,32.0,6n-2026-r4
34,Second-row,16.177922824669196,24.0,6n-2026-r4
35,Back-row,24.06828329864672,43.0,6n-2026-r4
36,Back-row,23.585608626397946,53.0,6n-2026-r4
37,Back-row,20.577287766888535,23.0,6n-2026-r4
38,Hooker,7.388759718109041,7.0,6n-2026-r4
39,Prop,7.343197792966077,7.0,6n-2026-r4
40,Prop,10.27471845315644,6.0,6n-2026-r4
41,Second-row,5.992858355634564,5.0,6n-2026-r4
42,Back-row,9.03751186326399,9.0,6n-2026-r4
43,Back-three,6.117240603407955,0.0,6n-2026-r4
44,Back-three,18.721663362442868,29.0,6n-2026-r4
45,Back-three,22.41275147863227,47.0,6n-2026-r4
46,Centre,21.971647392973708,15.0,6n-2026-r4
47,Centre,17.278628339828344,23.0,6n-2026-r4
48,Back-three,23.77528438132244,61.0,6n-2026-r4
49,Fly-half,24.86499402822232,27.0,6n-2026-r4
50,Scrum-half,15.94160284688629,21.0,6n-2026-r4
51,Prop,16.1874560546898,24.0,6n-2026-r4
52,Hooker,18.40429263095114,12.0,6n-2026-r4
53,Prop,7.202535915607205,5.0,6n-2026-r4
54,Second-row,17.29136360700637,9.0,6n-2026-r4
55,Second-row,14.308228771674491,16.0,6n-2026-r4
56,Back-row,22.9505994922801,16.0,6n-2026-r4
57,Back-row,23.985624929807596,23.0,6n-2026-r4
58,Back-row,24.266896983049286,23.0,6n-2026-r4
59,Hooker,10.11863692390745,9.0,6n-2026-r4
60,Prop,3.525331525142863,5.0,6n-2026-r4
61,Prop,7.813064121371716,9.0,6n-2026-r4
62,Second-row,2.8135614742926687,9.0,6n-2026-r4
63,Back-row,3.837668076909044,6.0,6n-2026-r4
64,Scrum-half,7.336165809347044,1.0,6n-2026-r4
65,Fly-half,6.182866160766275,6.0,6n-2026-r4
66,Back-three,3.2793047664576784,19.0,6n-2026-r4
67,Back-three,37.059216225433,45.0,6n-2026-r4
68,Back-three,27.687805431123078,25.0,6n-2026-r4
69,Centre,25.53282708917731,8.0,6n-2026-r4
70,Centre,20.696215221891457,14.0,6n-2026-r4
71,Back-three,31.08646096720226,49.0,6n-2026-r4
72,Fly-half,35.33913102795062,14.0,6n-2026-r4
73,Scrum-half,34.21906049606223,21.0,6n-2026-r4
74,Prop,9.641099982946189,25.0,6n-2026-r4
75,Hooker,18.125479872915893,12.0,6n-2026-r4
76,Prop,5.3592265704704385,8.0,6n-2026-r4
77,Second-row,20.667378737158565,12.0,6n-2026-r4
78,Second-row,17.383966487076318,14.0,6n-2026-r4
79,Back-row,16.084531623387726,20.0,6n-2026-r4
80,Back-row,20.82584904509913,47.0,6n-2026-r4
81,Back-row,20.56210828935745,21.0,6n-2026-r4
82,Hooker,10.456797133172396,5.0,6n-2026-r4
83,Prop,4.275622487090872,7.0,6n-2026-r4
84,Prop,6.985955597899397,6.0,6n-2026-r4
85,Second-row,5.609686579363218,17.0,6n-2026-r4
86,Back-row,4.736088832703277,18.0,6n-2026-r4
87,Scrum-half,8.574326187637848,9.0,6n-2026-r4
88,Fly-half,3.7249859524200426,7.0,6n-2026-r4
89,Back-three,5.899991710659412,12.0,6n-2026-r4
90,Back-three,13.208328478022931,10.0,6n-2026-r4
91,Back-three,18.514187964346917,18.0,6n-2026-r4
92,Centre,23.02312856971268,54.0,6n-2026-r4
93,Back-three,22.2709830150287,23.0,6n-2026-r4
94,Fly-half,19.464356248626856,30.0,6n-2026-r4
95,Scrum-half,9.241069782070694,12.0,6n-2026-r4
96,Prop,13.046927023032028,15.0,6n-2026-r4
97,Hooker,15.169913471569958,12.0,6n-2026-r4
98,Prop,9.804077150034388,8.0,6n-2026-r4
99,Second-row,15.39086390746892,10.0,6n-2026-r4
100,Second-row,13.274019760048912,9.0,6n-2026-r4
101,Back-row,17.280129214098668,16.0,6n-2026-r4
102,Back-row,21.125760979075874,22.0,6n-2026-r4
103,Back-row,21.567129268488635,32.0,6n-2026-r4
104,Hooker,7.026281729223179,3.0,6n-2026-r4
105,Prop,5.809023161354189,11.0,6n-2026-r4
106,Prop,6.283402274492612,1.0,6n-2026-r4
107,Second-row,4.446392826231425,7.0,6n-2026-r4
108,Back-row,4.158635832561295,1.0,6n-2026-r4
109,Scrum-half,5.420924521792392,9.0,6n-2026-r4
110,Fly-half,2.229093989123828,14.0,6n-2026-r4
111,Back-three,4.165961267994652,2.0,6n-2026-r4
112,Back-three,19.1354962179067,13.0,6n-2026-r4
113,Back-three,23.12734915973234,36.0,6n-2026-r4
114,Centre,26.7017828619873,21.0,6n-2026-r4
115,Centre,21.786086028127844,9.0,6n-2026-r4
116,Back-three,29.12098100975448,16.0,6n-2026-r4
117,Fly-half,27.03867904941214,19.0,6n-2026-r4
118,Scrum-half,10.245152923891055,12.0,6n-2026-r4
119,Prop,14.438717292068342,8.0,6n-2026-r4
120,Hooker,17.835274967976762,13.0,6n-2026-r4
121,Prop,11.680989074414608,11.0,6n-2026-r4
122,Second-row,18.608895269963558,23.0,6n-2026-r4
123,Second-row,19.673808536344147,24.0,6n-2026-r4
124,Back-row,18.76189083774586,32.0,6n-2026-r4
125,Back-row,18.10391816096898,15.0,6n-2026-r4
126,Back-row,28.120761761778766,26.0,6n-2026-r4
127,Hooker,9.505261100673373,1.0,6n-2026-r4
128,Prop,7.184153314902051,4.0,6n-2026-r4
129,Prop,2.7032500207439694,2.0,6n-2026-r4
130,Second-row,7.111131926547109,11.0,6n-2026-r4
131,Back-row,7.787042377170656,2.0,6n-2026-r4
132,Scrum-half,11.000881915117969,0.0,6n-2026-r4
133,Fly-half,7.784590153210901,8.0,6n-2026-r4
134,Back-three,10.767682433072972,0.0,6n-2026-r4
0,Back-three,22.80500076744518,22.0,6n-2026-r5
1,Back-three,29.475061900768743,15.0,6n-2026-r5
2,Centre,19.50544765873133,13.0,6n-2026-r5
3,Centre,22.937673812858268,36.0,6n-2026-r5
4,Back-three,21.639713618952616,33.0,6n-2026-r5
5,Fly-half,29.063965646017383,32.0,6n-2026-r5
6,Scrum-half,19.037398481564487,12.0,6n-2026-r5
7,Prop,11.023794677942007,32.0,6n-2026-r5
8,Hooker,27.104820292816928,43.0,6n-2026-r5
9,Prop,9.218621130743301,24.0,6n-2026-r5
10,Second-row,14.650319658842388,31.0,6n-2026-r5
11,Second-row,15.941695980214792,35.0,6n-2026-r5
12,Back-row,26.783676963022856,24.0,6n-2026-r5
13,Back-row,23.947413039694062,28.0,6n-2026-r5
14,Back-row,28.680264077871332,54.0,6n-2026-r5
15,Hooker,7.682676852815063,8.0,6n-2026-r5
16,Prop,6.8277700548968205,4.0,6n-2026-r5
17,Prop,4.388258038291847,4.0,6n-2026-r5
18,Second-row,3.689769720648602,26.0,6n-2026-r5
19,Back-row,10.03291495541005,10.0,6n-2026-r5
20,Scrum-half,2.9403759047312343,2.0,6n-2026-r5
21,Fly-half,6.593205097119208,9.0,6n-2026-r5
22,Back-three,9.359124843527121,3.0,6n-2026-r5
23,Back-three,16.707842393748226,19.0,6n-2026-r5
24,Back-three,20.855532284874453,31.0,6n-2026-r5
25,Centre,19.77716816187159,14.0,6n-2026-r5
26,Centre,16.67992141274075,19.0,6n-2026-r5
27,Back-three,22.371404325523166,22.0,6n-2026-r5
28,Fly-half,23.037352679314672,37.0,6n-2026-r5
29,Scrum-half,15.5405041280889,20.0,6n-2026-r5
30,Prop,16.79371094884621,16.0,6n-2026-r5
31,Hooker,17.970829212165025,4.0,6n-2026-r5
32,Prop,14.681873025223295,17.0,6n-2026-r5
33,Second-row,10.891580563171523,12.0,6n-2026-r5
34,Second-row,14.49786970525794,24.0,6n-2026-r5
35,Back-row,23.305104205671203,18.0,6n-2026-r5
36,Back-row,24.482416304262163,48.0,6n-2026-r5
37,Back-row,24.048378269529014,16.0,6n-2026-r5
38,Hooker,10.013445392008977,14.0,6n-2026-r5
39,Prop,3.81848288950541,0.0,6n-2026-r5
40,Prop,3.77064393822997,0.0,6n-2026-r5
41,Second-row,2.421446896297287,5.0,6n-2026-r5
42,Back-row,9.849240058262499,8.0,6n-2026-r5
43,Scrum-half,5.607346850421439,3.0,6n-2026-r5
44,Fly-half,2.138036798197741,1.0,6n-2026-r5
45,Back-three,3.7547553077286944,0.0,6n-2026-r5
46,Back-three,23.28685953225679,19.0,6n-2026-r5
47,Back-three,14.485956718886726,19.0,6n-2026-r5
48,Centre,14.512592100724698,11.0,6n-2026-r5
49,Centre,14.8293426781215,20.0,6n-2026-r5
50,Back-three,14.422772698136738,28.0,6n-2026-r5
51,Fly-half,17.714942557611195,35.0,6n-2026-r5
52,Scrum-half,17.007926618326483,23.0,6n-2026-r5
53,Prop,12.330416417722056,16.0,6n-2026-r5
54,Hooker,21.50138441154383,32.0,6n-2026-r5
55,Prop,11.795885225967787,6.0,6n-2026-r5
56,Second-row,21.28171746003252,15.0,6n-2026-r5
57,Second-row,14.445217634072414,12.0,6n-2026-r5
58,Back-row,22.969778803622916,17.0,6n-2026-r5
59,Back-row,24.006833350761013,25.0,6n-2026-r5
60,Back-row,19.752599837859506,68.0,6n-2026-r5
61,Hooker,6.590413574887418,10.0,6n-2026-r5
62,Prop,6.604634203968996,6.0,6n-2026-r5
63,Prop,8.814681805029558,3.0,6n-2026-r5
64,Second-row,4.32894307693252,3.0,6n-2026-r5
65,Back-row,10.039535685117249,6.0,6n-2026-r5
66,Scrum-half,1.9806918336547528,1.0,6n-2026-r5
67,Fly-half,4.81173733264882,1.0,6n-2026-r5
68,Back-three,2.6028717573725735,0.0,6n-2026-r5
69,Back-three,15.593070797184303,3.0,6n-2026-r5
70,Back-three,20.663035076925585,10.0,6n-2026-r5
71,Centre,25.05589464661193,44.0,6n-2026-r5
72,Back-three,25.794214414325317,13.0,6n-2026-r5
73,Fly-half,20.94468727102435,34.0,6n-2026-r5
74,Scrum-half,15.818911722470514,6.0,6n-2026-r5
75,Prop,12.24991678544945,15.0,6n-2026-r5
76,Hooker,14.008015953139182,19.0,6n-2026-r5
77,Prop,8.42804934084214,12.0,6n-2026-r5
78,Second-row,13.778574092737534,12.0,6n-2026-r5
79,Second-row,14.835684837203297,25.0,6n-2026-r5
80,Back-row,15.708297745380852,26.0,6n-2026-r5
81,Back-row,20.628605592399108,18.0,6n-2026-r5
82,Back-row,21.923873358330532,25.0,6n-2026-r5
83,Hooker,6.410822232696528,18.0,6n-2026-r5
84,Prop,5.369817071998603,6.0,6n-2026-r5
85,Prop,4.427010214941267,8.0,6n-2026-r5
86,Second-row,3.4385502523635996,8.0,6n-2026-r5
87,Back-row,3.835826602355421,9.0,6n-2026-r5
88,Scrum-half,5.37569033570158,6.0,6n-2026-r5
89,Fly-half,3.3366259247017327,3.0,6n-2026-r5
90,Back-three,4.297053366394209,13.0,6n-2026-r5
91,Back-three,39.32174341158327,30.0,6n-2026-r5
92,Back-three,28.520112221283256,30.0,6n-2026-r5
93,Centre,16.90792884436205,12.0,6n-2026-r5
94,Centre,21.101659497226752,14.0,6n-2026-r5
95,Back-three,33.12958731088515,68.0,6n-2026-r5
96,Fly-half,36.55273341514809,44.0,6n-2026-r5
97,Scrum-half,35.3774818846454,30.0,6n-2026-r5
98,Prop,9.862432073358544,18.0,6n-2026-r5
99,Hooker,17.855695482658746,18.0,6n-2026-r5
100,Prop,5.233388302328501,8.0,6n-2026-r5
101,Second-row,16.102231411427333,16.0,6n-2026-r5
102,Second-row,17.572074048895892,17.0,6n-2026-r5
103,Back-row,15.972176187751336,18.0,6n-2026-r5
104,Back-row,20.573202763656955,14.0,6n-2026-r5
105,Back-row,20.08497407985523,28.0,6n-2026-r5
106,Hooker,10.807971470131847,12.0,6n-2026-r5
107,Prop,4.174377067966476,6.0,6n-2026-r5
108,Prop,6.761493638700721,1.0,6n-2026-r5
109,Second-row,3.2917981986679097,0.0,6n-2026-r5
110,Back-row,7.025147075246769,10.0,6n-2026-r5
111,Scrum-half,6.077001258764053,6.0,6n-2026-r5
112,Back-three,15.592837500379225,6.0,6n-2026-r5
113,Back-three,20.336025319701253,20.0,6n-2026-r5
114,Centre,22.861487201602912,33.0,6n-2026-r5
115,Centre,21.236743302014485,14.0,6n-2026-r5
116,Back-three,24.40935522158876,19.0,6n-2026-r5
117,Fly-half,24.95282862347973,27.0,6n-2026-r5
118,Scrum-half,8.879121083084001,7.0,6n-2026-r5
119,Prop,13.614732483157727,20.0,6n-2026-r5
120,Hooker,18.489429365827874,7.0,6n-2026-r5
121,Prop,13.327909162980955,11.0,6n-2026-r5
122,Second-row,19.59505629792348,29.0,6n-2026-r5
123,Second-row,20.420369654645913,24.0,6n-2026-r5
124,Back-row,17.191219590052707,53.0,6n-2026-r5
125,Back-row,20.126351680938924,13.0,6n-2026-r5
126,Back-row,26.778842208053714,13.0,6n-2026-r5
127,Hooker,8.358225734012786,9.0,6n-2026-r5
128,Prop,7.2318706548871505,9.0,6n-2026-r5
129,Prop,2.971916227641866,1.0,6n-2026-r5
130,Second-row,6.764765901756796,4.0,6n-2026-r5
131,Back-row,3.2947690273573276,5.0,6n-2026-r5
132,Scrum-half,9.427610183588886,8.0,6n-2026-r5
133,Fly-half,6.635085529370786,9.0,6n-2026-r5
134,Back-three,8.549460270515798,21.0,6n-2026-r5
