engine,fold,target,tier,cohort,n,fixtures,mae,loss,naive_loss,relative_loss,calibration_intercept,calibration_slope,actual_positive_rate,predicted_positive_rate,actual_mean,predicted_mean,team_total_mae,tournament,calendar_year,fold_hemisphere
six_nations_champion_components,six_nations_2026,minutes,minutes,all,690,15,10.737467140099337,10.737467140099337,9.997739189752183,1.073989522661822,-0.3964429668702687,1.0106583822661224,0.9840579710144928,1.0,51.505797101449275,51.354880124719394,26.81583471087174,six_nations,2026,north
six_nations_champion_components,six_nations_2026,minutes,minutes,starter,450,15,10.875445489510092,10.875445489510092,10.200679955778647,1.066149074047676,-46.32446375235725,1.6929939730865051,1.0,1.0,67.38,67.1617652277061,32.44721570906183,six_nations,2026,north
six_nations_champion_components,six_nations_2026,minutes,minutes,bench,240,15,10.478757734954172,10.478757734954172,9.617225253452565,1.089582229676103,29.11663211555083,-0.33959457787432046,0.9541666666666667,1.0,21.741666666666667,21.71697055661929,30.337940166080966,six_nations,2026,north
six_nations_champion_components,six_nations_2026,minutes,minutes,zero_minute,11,7,22.867733505634504,22.867733505634504,19.41624934532534,1.1777626615173309,0.0,0.0,0.0,1.0,0.0,22.867733505634504,27.949452062442173,six_nations,2026,north
six_nations_champion_components,six_nations_2026,minutes,minutes,north,690,15,10.737467140099337,10.737467140099337,9.997739189752183,1.073989522661822,-0.3964429668702687,1.0106583822661224,0.9840579710144928,1.0,51.505797101449275,51.354880124719394,26.81583471087174,six_nations,2026,north
six_nations_champion_components,six_nations_2026,minutes,minutes,position:Back-row,120,15,12.893358398377236,12.893358398377236,12.715621903853757,1.0139778058727598,2.2457375616202424,0.9952814398398535,0.9916666666666667,1.0,57.95,55.96835247660491,20.086447053592057,six_nations,2026,north
six_nations_champion_components,six_nations_2026,minutes,minutes,position:Back-three,120,15,10.070443613356199,10.070443613356199,9.097058475002203,1.1069999869769727,-11.726425774109924,1.192021908510786,0.9833333333333333,1.0,60.516666666666666,60.60550726876422,11.482188371327158,six_nations,2026,north
six_nations_champion_components,six_nations_2026,minutes,minutes,position:Centre,60,15,10.124780026811646,10.124780026811646,9.093859067815337,1.1133645189911625,146.28594917231197,-1.0046800862558627,1.0,1.0,74.56666666666666,71.38519364200933,15.19413556654657,six_nations,2026,north
six_nations_champion_components,six_nations_2026,minutes,minutes,position:Fly-half,60,15,11.505341907390061,11.505341907390061,10.101120537614793,1.1390163957103763,-15.314492037893476,1.3217716747459223,0.9166666666666666,1.0,45.916666666666664,46.32506496731388,10.559113466152075,six_nations,2026,north
six_nations_champion_components,six_nations_2026,minutes,minutes,position:Hooker,60,15,10.792634292596478,10.792634292596478,8.814726617815507,1.2243867292246373,16.53529724422999,0.5901850000624429,1.0,1.0,39.6,39.08046248774483,3.0915910669100852,six_nations,2026,north
six_nations_champion_components,six_nations_2026,minutes,minutes,position:Prop,120,15,9.631799612156525,9.631799612156525,8.258293621541661,1.1663183768414447,12.6762349660834,0.6773646581142441,1.0,1.0,39.40833333333333,39.46485552061575,5.104299364149512,six_nations,2026,north
six_nations_champion_components,six_nations_2026,minutes,minutes,position:Scrum-half,60,15,9.577925226746043,9.577925226746043,10.309312552340838,0.929055664780604,-8.948298999340821,1.081774864948901,0.95,1.0,39.583333333333336,44.86296909382029,14.579959879782644,six_nations,2026,north
six_nations_champion_components,six_nations_2026,minutes,minutes,position:Second-row,90,15,10.859324939878816,10.859324939878816,11.008689270512257,0.9864321421957538,-4.694671040773038,1.0922837447507188,1.0,1.0,51.266666666666666,51.23333380760989,12.38150837738984,six_nations,2026,north
six_nations_champion_components,six_nations_2026,tries,stable,all,690,15,0.18787312800216502,0.5586452154050262,0.5437168891548037,1.0274560649999824,0.04577202530722128,1.1271017809176214,0.13768115942028986,1.0,0.15797101449275364,0.09954645719234564,1.6694489720811938,six_nations,2026,north
six_nations_champion_components,six_nations_2026,tries,stable,starter,450,15,0.2447396296114082,0.6548370760207061,0.6701022717300269,0.9772196031063883,0.05617709095754376,1.1189433009398209,0.18,1.0,0.2111111111111111,0.13846458531315695,1.5599757605159459,six_nations,2026,north
six_nations_champion_components,six_nations_2026,tries,stable,bench,240,15,0.08124843748483407,0.3782854767506264,0.3067442968262598,1.2332274166612707,0.053386419197519255,0.1861493992514031,0.058333333333333334,1.0,0.058333333333333334,0.026574966965824377,0.5623909301601696,six_nations,2026,north
six_nations_champion_components,six_nations_2026,tries,stable,zero_minute,11,7,0.029364609047306187,0.05872921809461237,0.15264744062630456,0.3847376533379756,0.0,0.0,0.0,1.0,0.0,0.029364609047306187,0.035890077724485346,six_nations,2026,north
six_nations_champion_components,six_nations_2026,tries,stable,north,690,15,0.18787312800216502,0.5586452154050262,0.5437168891548037,1.0274560649999824,0.04577202530722128,1.1271017809176214,0.13768115942028986,1.0,0.15797101449275364,0.09954645719234564,1.6694489720811938,six_nations,2026,north
six_nations_champion_components,six_nations_2026,tries,stable,position:Back-row,120,15,0.14431058356246176,0.5140398803268851,0.4945702889206768,1.0393666822337784,0.04458658481800621,1.156472444229332,0.09166666666666666,1.0,0.10833333333333334,0.05512171849265955,0.44994341641255403,six_nations,2026,north
six_nations_champion_components,six_nations_2026,tries,stable,position:Back-three,120,15,0.419948220023232,0.9428155695848406,1.0028403538350623,0.9401452244909422,0.09939465117673704,1.22333212011865,0.3333333333333333,1.0,0.425,0.26616267444337405,1.1060893879409972,six_nations,2026,north
six_nations_champion_components,six_nations_2026,tries,stable,position:Centre,60,15,0.2910881210969186,0.6631166765001674,0.6900795023860893,0.9609279426606754,0.06373649903509446,0.6047757640076734,0.18333333333333332,1.0,0.2,0.22531243656645042,0.47917619398650724,six_nations,2026,north
six_nations_champion_components,six_nations_2026,tries,stable,position:Fly-half,60,15,0.17775151355489321,0.6567345146964029,0.5395645319477878,1.217156569438766,0.055562711404408376,1.6776312937533795,0.15,1.0,0.15,0.05629204041867052,0.31658384899580305,six_nations,2026,north
six_nations_champion_components,six_nations_2026,tries,stable,position:Hooker,60,15,0.14048522483305917,0.5399081383855188,0.518283280020267,1.041724013100338,0.056327077818234365,1.490334836544486,0.11666666666666667,1.0,0.11666666666666667,0.04048726995360095,0.2704642771492811,six_nations,2026,north
six_nations_champion_components,six_nations_2026,tries,stable,position:Prop,120,15,0.05885363486349597,0.2580642660314336,0.2564438385986692,1.0063188394060048,0.02555285166012142,0.8176779946890713,0.041666666666666664,1.0,0.041666666666666664,0.019706797921928514,0.22761346345578773,six_nations,2026,north
six_nations_champion_components,six_nations_2026,tries,stable,position:Scrum-half,60,15,0.19002026019919735,0.7036428056310161,0.5223238988797247,1.347138829259359,0.10369454781752147,0.12957834882083846,0.11666666666666667,1.0,0.11666666666666667,0.10011023421112723,0.3477646202107615,six_nations,2026,north
six_nations_champion_components,six_nations_2026,tries,stable,position:Second-row,90,15,0.07664731696163327,0.2874522733722517,0.31652269955837076,0.908156899247101,-0.00231199332243921,2.1379691658268825,0.05555555555555555,1.0,0.05555555555555555,0.02706659656413423,0.20267894448887597,six_nations,2026,north
six_nations_champion_components,six_nations_2026,try_assists,stable,all,690,15,0.16078128111915016,0.4605402074998839,0.45742901453004203,1.0068014771057718,0.05235680947750868,0.9143596793220978,0.11304347826086956,1.0,0.1318840579710145,0.0869758917546177,1.355487223051867,six_nations,2026,north
six_nations_champion_components,six_nations_2026,try_assists,stable,starter,450,15,0.2130336577547798,0.6124764073014329,0.5763453432914686,1.0626899556498928,0.08112573856065596,0.8670131876808415,0.15333333333333332,1.0,0.18,0.11404008940604582,1.3148975135984913,six_nations,2026,north
six_nations_champion_components,six_nations_2026,try_assists,stable,bench,240,15,0.06280807492734457,0.17565983287197937,0.2344608981023674,0.7492073701572403,0.007235475645962772,0.9503366200659992,0.0375,1.0,0.041666666666666664,0.03623052115818997,0.39295743778956144,six_nations,2026,north
six_nations_champion_components,six_nations_2026,try_assists,stable,zero_minute,11,7,0.155861639680264,0.6032700116917632,0.4428753944021587,1.3621664678529333,0.13265393739876075,-0.5946804737326522,0.09090909090909091,1.0,0.09090909090909091,0.07019710303862585,0.19049755960921153,six_nations,2026,north
six_nations_champion_components,six_nations_2026,try_assists,stable,north,690,15,0.16078128111915016,0.4605402074998839,0.45742901453004203,1.0068014771057718,0.05235680947750868,0.9143596793220978,0.11304347826086956,1.0,0.1318840579710145,0.0869758917546177,1.355487223051867,six_nations,2026,north
six_nations_champion_components,six_nations_2026,try_assists,stable,position:Back-row,120,15,0.07675744690408302,0.37374606265373284,0.33353269420999326,1.1205679957072547,0.04767442089659783,0.49973760993388167,0.058333333333333334,1.0,0.058333333333333334,0.02132901791831462,0.2810697748906105,six_nations,2026,north
six_nations_champion_components,six_nations_2026,try_assists,stable,position:Back-three,120,15,0.22164645047095385,0.4616345407946696,0.591205242246419,0.7808363454975196,-0.013288171693077583,1.1283844517795352,0.13333333333333333,1.0,0.15,0.14470969662472896,0.5310971808304403,six_nations,2026,north
six_nations_champion_components,six_nations_2026,try_assists,stable,position:Centre,60,15,0.34004319954996537,1.2236228310079589,0.9045693108545123,1.3527131822016478,0.3138311468509381,-0.4335842324521872,0.21666666666666667,1.0,0.26666666666666666,0.10877812580389976,0.5456062074003948,six_nations,2026,north
six_nations_champion_components,six_nations_2026,try_assists,stable,position:Fly-half,60,15,0.45161014593839877,0.9835109344980332,1.1165668057430906,0.8808348317712106,0.14916384047950185,1.2638123866298414,0.38333333333333336,1.0,0.48333333333333334,0.26441384527409806,0.7736228964260445,six_nations,2026,north
six_nations_champion_components,six_nations_2026,try_assists,stable,position:Hooker,60,15,0.027618226552818623,0.1438272549085324,0.13833500105439966,1.0397025612626623,0.01889011276365165,-0.19721881524171253,0.016666666666666666,1.0,0.016666666666666666,0.011274005952524972,0.05505561795125632,six_nations,2026,north
six_nations_champion_components,six_nations_2026,try_assists,stable,position:Prop,120,15,0.0028564075805439927,0.005712815161087985,0.01857292316146554,0.30758836998479255,0.0,0.0,0.0,1.0,0.0,0.0028564075805439927,0.011425630322175969,six_nations,2026,north
six_nations_champion_components,six_nations_2026,try_assists,stable,position:Scrum-half,60,15,0.312397989627008,0.5464896692583292,0.6047752227402134,0.9036244355087918,0.1002459192173188,0.5113287251886515,0.2,1.0,0.23333333333333334,0.26027760139411843,0.5826784329281484,six_nations,2026,north
six_nations_champion_components,six_nations_2026,try_assists,stable,position:Second-row,90,15,0.07652970752724951,0.4777165729045535,0.4063770716450082,1.1755500155822376,0.04991820969877189,1.4202488161969473,0.06666666666666667,1.0,0.06666666666666667,0.011792621670858126,0.22184832554356196,six_nations,2026,north
six_nations_champion_components,six_nations_2026,conversion_goals,stable,all,690,15,0.09819905813780572,0.13717151911590394,0.3263575084923112,0.4203105966508983,-0.017345696040448257,0.8463472091784676,0.043478260869565216,0.12753623188405797,0.12318840579710146,0.16604781148148773,1.625637299220198,six_nations,2026,north
six_nations_champion_components,six_nations_2026,conversion_goals,stable,starter,450,15,0.1154151717827866,0.14388009286309716,0.42114120204079103,0.34164335421439285,-0.007630810815364666,0.8676968815799885,0.06222222222222222,0.11555555555555555,0.18222222222222223,0.21880110101569533,1.4578655475535753,six_nations,2026,north
six_nations_champion_components,six_nations_2026,conversion_goals,stable,bench,240,15,0.06591884505346655,0.12459294333991668,0.14863808308891163,0.8382302889723642,-0.0018166409956559236,0.21325027272383484,0.008333333333333333,0.15,0.0125,0.06713539360484848,0.5273507604277324,six_nations,2026,north
six_nations_champion_components,six_nations_2026,conversion_goals,stable,zero_minute,11,7,0.32218989894283945,0.6443798051584061,0.2784757703864207,2.3139528593968763,0.0,0.0,0.0,0.6363636363636364,0.0,0.32218989894283945,0.3937876542634704,six_nations,2026,north
six_nations_champion_components,six_nations_2026,conversion_goals,stable,north,690,15,0.09819905813780572,0.13717151911590394,0.3263575084923112,0.4203105966508983,-0.017345696040448257,0.8463472091784676,0.043478260869565216,0.12753623188405797,0.12318840579710146,0.16604781148148773,1.625637299220198,six_nations,2026,north
six_nations_champion_components,six_nations_2026,conversion_goals,stable,position:Back-row,120,15,0.0,2.0000000000000004e-08,2.0000000000000004e-08,1.0,0.0,,0.0,0.0,0.0,0.0,0.0,six_nations,2026,north
six_nations_champion_components,six_nations_2026,conversion_goals,stable,position:Back-three,120,15,0.15930087382776142,0.2504375738387672,1.2994657806000007,0.19272348497174968,-0.06923099989014225,0.8719838328469833,0.05,0.23333333333333334,0.2,0.308756871112067,0.6372028695167854,six_nations,2026,north
six_nations_champion_components,six_nations_2026,conversion_goals,stable,position:Centre,60,15,0.07602870007247081,0.15205741847827492,0.046449900464499,3.273578994953719,0.0,0.0,0.0,0.08333333333333333,0.0,0.07602870007247081,0.15205740014494162,six_nations,2026,north
six_nations_champion_components,six_nations_2026,conversion_goals,stable,position:Fly-half,60,15,0.692682117535572,0.8405865493680195,1.049351058025233,0.801053701656254,0.014058562531043326,0.8539879155924811,0.4,0.8,1.0166666666666666,1.174030786419304,1.2562223090775109,six_nations,2026,north
six_nations_champion_components,six_nations_2026,conversion_goals,stable,position:Hooker,60,15,0.0,2e-08,0.0013245133112582783,1.509988599586073e-05,0.0,,0.0,0.0,0.0,0.0,0.0,six_nations,2026,north
six_nations_champion_components,six_nations_2026,conversion_goals,stable,position:Prop,120,15,0.0,2.0000000000000004e-08,2.0000000000000004e-08,1.0,0.0,,0.0,0.0,0.0,0.0,0.0,six_nations,2026,north
six_nations_champion_components,six_nations_2026,conversion_goals,stable,position:Scrum-half,60,15,0.04197660332120012,0.0839532243090669,0.05705420466058763,1.4714642822295059,0.0,0.0,0.0,0.11666666666666667,0.0,0.04197660332120012,0.08395320664240026,six_nations,2026,north
six_nations_champion_components,six_nations_2026,conversion_goals,stable,position:Second-row,90,15,0.0,1.9999999999999997e-08,1.9999999999999997e-08,1.0,0.0,,0.0,0.0,0.0,0.0,0.0,six_nations,2026,north
six_nations_champion_components,six_nations_2026,penalty_goals,stable,all,690,15,0.044694798503954504,0.09769006809043936,0.13177606295846286,0.7413339410605418,0.0028944380691728424,1.2180791410713514,0.028985507246376812,0.1289855072463768,0.043478260869565216,0.03331788668895289,0.7815821098268484,six_nations,2026,north
six_nations_champion_components,six_nations_2026,penalty_goals,stable,starter,450,15,0.0559976719275879,0.1212791747786162,0.1670523110682763,0.7259951927815469,0.0047966420499099376,1.3739424879579971,0.04,0.11333333333333333,0.06222222222222222,0.0417962037535212,0.7625006141993562,six_nations,2026,north
six_nations_champion_components,six_nations_2026,penalty_goals,stable,bench,240,15,0.023501910834641888,0.05346049305010774,0.0656330977525626,0.8145355755057351,0.005918479261404722,0.13861708416701782,0.008333333333333333,0.15833333333333333,0.008333333333333333,0.017421042192887322,0.18801528667713507,six_nations,2026,north
six_nations_champion_components,six_nations_2026,penalty_goals,stable,zero_minute,11,7,0.06479072003783407,0.12958144734839538,0.10268026103741064,1.2619898512060028,0.0,0.0,0.0,0.6363636363636364,0.0,0.06479072003783407,0.07918865782401942,six_nations,2026,north
six_nations_champion_components,six_nations_2026,penalty_goals,stable,north,690,15,0.044694798503954504,0.09769006809043936,0.13177606295846286,0.7413339410605418,0.0028944380691728424,1.2180791410713514,0.028985507246376812,0.1289855072463768,0.043478260869565216,0.03331788668895289,0.7815821098268484,six_nations,2026,north
six_nations_champion_components,six_nations_2026,penalty_goals,stable,position:Back-row,120,15,0.0,2.0000000000000004e-08,2.0000000000000004e-08,1.0,0.0,,0.0,0.0,0.0,0.0,0.0,six_nations,2026,north
six_nations_champion_components,six_nations_2026,penalty_goals,stable,position:Back-three,120,15,0.06476531646341475,0.1331600732027747,0.304680768771453,0.4370478443378902,0.0125374442563151,0.459470866051385,0.025,0.20833333333333334,0.03333333333333333,0.04526051728966971,0.2530121674743385,six_nations,2026,north
six_nations_champion_components,six_nations_2026,penalty_goals,stable,position:Centre,60,15,0.007289840604319923,0.014579698875306513,0.06901128069011281,0.21126544427968189,0.0,0.0,0.0,0.11666666666666667,0.0,0.007289840604319923,0.014579681208639844,six_nations,2026,north
six_nations_champion_components,six_nations_2026,penalty_goals,stable,position:Fly-half,60,15,0.37313316506772254,0.8344627016993204,0.7945337638563988,1.050254551359932,0.0767195042758699,1.2676976026890647,0.2833333333333333,0.8333333333333334,0.43333333333333335,0.28130827754269405,0.7114007477775872,six_nations,2026,north
six_nations_champion_components,six_nations_2026,penalty_goals,stable,position:Hooker,60,15,0.0,2e-08,2e-08,1.0,0.0,,0.0,0.0,0.0,0.0,0.0,six_nations,2026,north
six_nations_champion_components,six_nations_2026,penalty_goals,stable,position:Prop,120,15,0.0,2.0000000000000004e-08,2.0000000000000004e-08,1.0,0.0,,0.0,0.0,0.0,0.0,0.0,six_nations,2026,north
six_nations_champion_components,six_nations_2026,penalty_goals,stable,position:Scrum-half,60,15,0.004036544196604788,0.008073106059876243,0.042518011932905546,0.18987496575841317,0.0,0.0,0.0,0.11666666666666667,0.0,0.004036544196604788,0.008073088393209577,six_nations,2026,north
six_nations_champion_components,six_nations_2026,penalty_goals,stable,position:Second-row,90,15,0.0,1.9999999999999997e-08,1.9999999999999997e-08,1.0,0.0,,0.0,0.0,0.0,0.0,0.0,six_nations,2026,north
six_nations_champion_components,six_nations_2026,drop_goals_converted,stable,all,690,15,0.0014492753623188406,0.05049474679406486,0.010881632443910216,4.640365042133332,0.0014492753623188406,,0.0014492753623188406,0.0,0.0014492753623188406,0.0,0.03333333333333333,six_nations,2026,north
six_nations_champion_components,six_nations_2026,drop_goals_converted,stable,starter,450,15,0.0022222222222222222,0.07742526775089943,0.01580332619882812,4.899302006222008,0.0022222222222222222,,0.0022222222222222222,0.0,0.0022222222222222222,0.0,0.03333333333333333,six_nations,2026,north
six_nations_champion_components,six_nations_2026,drop_goals_converted,stable,bench,240,15,0.0,2.0000000000000004e-08,0.0016534566534391537,1.2095871977290993e-05,0.0,,0.0,0.0,0.0,0.0,0.0,six_nations,2026,north
six_nations_champion_components,six_nations_2026,drop_goals_converted,stable,zero_minute,11,7,0.0,1.9999999999999997e-08,0.006012516921596922,3.32639396459079e-06,0.0,,0.0,0.0,0.0,0.0,0.0,six_nations,2026,north
six_nations_champion_components,six_nations_2026,drop_goals_converted,stable,north,690,15,0.0014492753623188406,0.05049474679406486,0.010881632443910216,4.640365042133332,0.0014492753623188406,,0.0014492753623188406,0.0,0.0014492753623188406,0.0,0.03333333333333333,six_nations,2026,north
six_nations_champion_components,six_nations_2026,drop_goals_converted,stable,position:Back-row,120,15,0.0,2.0000000000000004e-08,2.0000000000000004e-08,1.0,0.0,,0.0,0.0,0.0,0.0,0.0,six_nations,2026,north
six_nations_champion_components,six_nations_2026,drop_goals_converted,stable,position:Back-three,120,15,0.0,2.0000000000000004e-08,0.001991155442477876,1.0044419221791734e-05,0.0,,0.0,0.0,0.0,0.0,0.0,six_nations,2026,north
six_nations_champion_components,six_nations_2026,drop_goals_converted,stable,position:Centre,60,15,0.0,2e-08,2e-08,1.0,0.0,,0.0,0.0,0.0,0.0,0.0,six_nations,2026,north
six_nations_champion_components,six_nations_2026,drop_goals_converted,stable,position:Fly-half,60,15,0.016666666666666666,0.5806893781317457,0.12115629222001179,4.792894925153803,0.016666666666666666,,0.016666666666666666,0.0,0.016666666666666666,0.0,0.03333333333333333,six_nations,2026,north
six_nations_champion_components,six_nations_2026,drop_goals_converted,stable,position:Hooker,60,15,0.0,2e-08,2e-08,1.0,0.0,,0.0,0.0,0.0,0.0,0.0,six_nations,2026,north
six_nations_champion_components,six_nations_2026,drop_goals_converted,stable,position:Prop,120,15,0.0,2.0000000000000004e-08,2.0000000000000004e-08,1.0,0.0,,0.0,0.0,0.0,0.0,0.0,six_nations,2026,north
six_nations_champion_components,six_nations_2026,drop_goals_converted,stable,position:Scrum-half,60,15,0.0,2e-08,2e-08,1.0,0.0,,0.0,0.0,0.0,0.0,0.0,six_nations,2026,north
six_nations_champion_components,six_nations_2026,drop_goals_converted,stable,position:Second-row,90,15,0.0,1.9999999999999997e-08,1.9999999999999997e-08,1.0,0.0,,0.0,0.0,0.0,0.0,0.0,six_nations,2026,north
six_nations_champion_components,six_nations_2026,defenders_beaten,stable,all,690,15,0.8520281575384672,1.3051184522448547,1.4575658954977648,0.8954095703502662,-0.021173324837863543,1.156861049205499,0.43333333333333335,1.0,1.0043478260869565,0.8864687350560553,5.308933610264489,six_nations,2026,north
six_nations_champion_components,six_nations_2026,defenders_beaten,stable,starter,450,15,1.0707385826008657,1.5360064068021448,1.761502870439057,0.8719863206463542,0.07817653337687834,1.1255845249083327,0.5533333333333333,1.0,1.3888888888888888,1.1644726153451284,5.497319297182714,six_nations,2026,north
six_nations_champion_components,six_nations_2026,defenders_beaten,stable,bench,240,15,0.4419461105464696,0.8722035374499361,0.8876840674828422,0.9825607661554595,0.047189261184950676,0.6465954613324582,0.20833333333333334,1.0,0.2833333333333333,0.3652114595140427,1.5550379215439682,six_nations,2026,north
six_nations_champion_components,six_nations_2026,defenders_beaten,stable,zero_minute,11,7,0.48011484738987986,0.9602296947797597,1.0709231079112191,0.896637384781657,0.0,0.0,0.0,1.0,0.0,0.48011484738987986,0.586807035698742,six_nations,2026,north
six_nations_champion_components,six_nations_2026,defenders_beaten,stable,north,690,15,0.8520281575384672,1.3051184522448547,1.4575658954977648,0.8954095703502662,-0.021173324837863543,1.156861049205499,0.43333333333333335,1.0,1.0043478260869565,0.8864687350560553,5.308933610264489,six_nations,2026,north
six_nations_champion_components,six_nations_2026,defenders_beaten,stable,position:Back-row,120,15,0.9437760724971674,1.503678096716024,1.6887622117088523,0.8904025008911454,-0.25680750722944196,1.5283589234296184,0.475,1.0,1.0333333333333334,0.8441347256753772,2.197803994727331,six_nations,2026,north
six_nations_champion_components,six_nations_2026,defenders_beaten,stable,position:Back-three,120,15,1.4324341825830638,1.7228061448460144,1.8050465551018466,0.9544386209744091,0.3108543569060173,0.9013617911552346,0.725,1.0,2.05,1.929464572560814,3.366512733232839,six_nations,2026,north
six_nations_champion_components,six_nations_2026,defenders_beaten,stable,position:Centre,60,15,1.4630176736774583,1.902790806140655,2.3729117121097443,0.8018801527381282,0.017673372351021045,1.3728171653564123,0.75,1.0,2.15,1.5532488094256751,2.1335856930631447,six_nations,2026,north
six_nations_champion_components,six_nations_2026,defenders_beaten,stable,position:Fly-half,60,15,0.9933085427717354,1.7053210746375203,1.6078366089553175,1.0606308284929167,-0.5084353824779808,1.9841721266964505,0.43333333333333335,1.0,1.0333333333333334,0.7770337538095967,1.5034830600467588,six_nations,2026,north
six_nations_champion_components,six_nations_2026,defenders_beaten,stable,position:Hooker,60,15,0.4292607737350591,0.7631956983320706,0.9940602598315699,0.7677559693024886,-0.08656191267369899,1.016412016034158,0.18333333333333332,1.0,0.2833333333333333,0.3639225433897286,0.7590218705404406,six_nations,2026,north
six_nations_champion_components,six_nations_2026,defenders_beaten,stable,position:Prop,120,15,0.3863293061920431,0.8612599358307919,0.9530373286952171,0.9037001069096887,0.05370751780969696,1.0417908071019042,0.23333333333333334,1.0,0.31666666666666665,0.2524107019032735,0.9602620721998929,six_nations,2026,north
six_nations_champion_components,six_nations_2026,defenders_beaten,stable,position:Scrum-half,60,15,0.7638362034607996,1.12562786350178,1.5474395691080212,0.7274131319716848,-0.13130606234148656,1.1965889832553434,0.4666666666666667,1.0,0.9166666666666666,0.8758000814591514,1.1783529203837826,six_nations,2026,north
six_nations_champion_components,six_nations_2026,defenders_beaten,stable,position:Second-row,90,15,0.41588099700184766,0.8909589356120948,0.897378304805207,0.9928465295419577,0.04208638358157871,0.5303206011464473,0.18888888888888888,1.0,0.24444444444444444,0.38157684318770213,0.8314683601871964,six_nations,2026,north
six_nations_champion_components,six_nations_2026,offload,stable,all,690,15,0.3976168422650379,0.959451246142969,0.8865284817719037,1.0822565387017398,0.0639144301317794,1.523551535247938,0.2565217391304348,1.0,0.36376811594202896,0.19681230261859997,4.127889888724413,six_nations,2026,north
six_nations_champion_components,six_nations_2026,offload,stable,starter,450,15,0.5294478067236589,1.2272674196875732,1.1183123268239108,1.097428142612988,0.13012188151934895,1.4507172860847724,0.3466666666666667,1.0,0.5088888888888888,0.26108947001780375,4.090653309553092,six_nations,2026,north
six_nations_champion_components,six_nations_2026,offload,stable,bench,240,15,0.15043378390512369,0.45729592074683556,0.4519337722993902,1.0118648987442636,0.06907828862527425,0.2960755561064433,0.0875,1.0,0.09166666666666666,0.07629261374509287,0.6607984232566475,six_nations,2026,north
six_nations_champion_components,six_nations_2026,offload,stable,zero_minute,11,7,0.27395394496475073,0.9580034262921354,0.6387394309083926,1.4998344863878168,0.3604204069276423,-1.6268097496441878,0.18181818181818182,1.0,0.18181818181818182,0.10978679292309623,0.334832599401362,six_nations,2026,north
six_nations_champion_components,six_nations_2026,offload,stable,north,690,15,0.3976168422650379,0.959451246142969,0.8865284817719037,1.0822565387017398,0.0639144301317794,1.523551535247938,0.2565217391304348,1.0,0.36376811594202896,0.19681230261859997,4.127889888724413,six_nations,2026,north
six_nations_champion_components,six_nations_2026,offload,stable,position:Back-row,120,15,0.37277470655531153,1.0361457698098073,0.8866953493806401,1.1685476534116919,0.15300038904489352,1.148315966369537,0.26666666666666666,1.0,0.325,0.14978421966812203,1.0332162868567634,six_nations,2026,north
six_nations_champion_components,six_nations_2026,offload,stable,position:Back-three,120,15,0.6558281062196396,1.3326993254923176,1.2465105302595763,1.0691440570620716,0.10144635769273873,1.2749825266255816,0.35833333333333334,1.0,0.6083333333333333,0.39756386072375527,1.7170351848810443,six_nations,2026,north
six_nations_champion_components,six_nations_2026,offload,stable,position:Centre,60,15,0.7214422524960042,1.535500087222427,1.1587709190513,1.3251109964681886,0.5627813528439368,0.8126658574789315,0.6166666666666667,1.0,0.8333333333333334,0.3329190933758533,1.1680350497173924,six_nations,2026,north
six_nations_champion_components,six_nations_2026,offload,stable,position:Fly-half,60,15,0.5101480064663969,1.107255513553839,1.2392829983231985,0.8934646203102938,-0.29984098885738125,2.866563317345316,0.26666666666666666,1.0,0.4666666666666667,0.26739603164736625,0.8495752228133147,six_nations,2026,north
six_nations_champion_components,six_nations_2026,offload,stable,position:Hooker,60,15,0.2484152540754601,0.7754012394405668,0.7748509425903786,1.0007101970455745,0.04703509343289146,1.866246646156697,0.16666666666666666,1.0,0.21666666666666667,0.09089450935282878,0.4339896196656626,six_nations,2026,north
six_nations_champion_components,six_nations_2026,offload,stable,position:Prop,120,15,0.13380042736472939,0.46141617943611374,0.4190818827518431,1.1010167664760127,0.0765110159327911,0.27647928718276343,0.09166666666666666,1.0,0.09166666666666666,0.05481658640076386,0.4243665393297564,six_nations,2026,north
six_nations_champion_components,six_nations_2026,offload,stable,position:Scrum-half,60,15,0.38743239129751067,0.8476387847605352,0.8791675676285171,0.9641379140576941,-0.017296426812185413,1.6201735715347585,0.21666666666666667,1.0,0.31666666666666665,0.2061279725495682,0.619607708239269,six_nations,2026,north
six_nations_champion_components,six_nations_2026,offload,stable,position:Second-row,90,15,0.2535662009554688,0.7382474374601978,0.6922863919995861,1.0663902194117363,0.06714627167228462,1.2326034326797282,0.16666666666666666,1.0,0.2,0.10778302640200046,0.5245260792232452,six_nations,2026,north
six_nations_champion_components,six_nations_2026,tackles,stable,all,690,15,2.846838157365819,2.1367359226927145,2.307284820389265,0.9260824254598194,0.4762714520703536,1.0384495951419959,0.9347826086956522,1.0,6.8478260869565215,6.135641695748305,30.50875480906302,six_nations,2026,north
six_nations_champion_components,six_nations_2026,tackles,stable,starter,450,15,3.1515931568585946,1.9212750909928415,2.2247904255134716,0.8635757637933109,0.18645101491625488,1.0636179099273428,0.9866666666666667,1.0,8.568888888888889,7.881061230480084,26.152354547026437,six_nations,2026,north
six_nations_champion_components,six_nations_2026,tackles,stable,bench,240,15,2.2754225333168643,2.540724982129977,2.461961810781379,1.031992036189871,-0.8501689638677892,1.5616602948016123,0.8375,1.0,3.620833333333333,2.8629800681262174,10.007376298708717,six_nations,2026,north
six_nations_champion_components,six_nations_2026,tackles,stable,zero_minute,11,7,1.9243901021863188,3.153898773686645,2.8828177251031577,1.094033364032333,-2.152837482252368,1.3919891170722474,0.36363636363636365,1.0,1.1818181818181819,2.3956046948731093,2.3520323471166114,six_nations,2026,north
six_nations_champion_components,six_nations_2026,tackles,stable,north,690,15,2.846838157365819,2.1367359226927145,2.307284820389265,0.9260824254598194,0.4762714520703536,1.0384495951419959,0.9347826086956522,1.0,6.8478260869565215,6.135641695748305,30.50875480906302,six_nations,2026,north
six_nations_champion_components,six_nations_2026,tackles,stable,position:Back-row,120,15,3.6494900024954733,2.2219778669401533,2.4780219686490232,0.8966739984761067,1.384114250005276,1.0303265396119938,0.9916666666666667,1.0,10.783333333333333,9.122563305869683,10.006857125231445,six_nations,2026,north
six_nations_champion_components,six_nations_2026,tackles,stable,position:Back-three,120,15,1.7859677616678453,1.6525449388398585,1.7138887334655706,0.9642078313323924,0.836130603401942,0.7585028281439543,0.8666666666666667,1.0,3.45,3.446090508316442,3.917892160707576,six_nations,2026,north
six_nations_champion_components,six_nations_2026,tackles,stable,position:Centre,60,15,3.009704282109722,1.8647567122111695,2.1202650718119824,0.8794922564175172,3.059651676857,0.7272276425983071,1.0,1.0,8.266666666666667,7.1600894751546535,4.942066692862018,six_nations,2026,north
six_nations_champion_components,six_nations_2026,tackles,stable,position:Fly-half,60,15,2.2354222760400817,2.066598095000815,1.771747431941499,1.166417999396345,-0.28448503566077965,1.0726788176846314,0.8,1.0,4.15,4.134028716286749,3.083532459847789,six_nations,2026,north
six_nations_champion_components,six_nations_2026,tackles,stable,position:Hooker,60,15,3.506862993378815,3.10097343390986,2.648867466582732,1.1706789686651946,3.5183476939150347,0.5495685521301372,1.0,1.0,7.25,6.790148911579848,4.024818188135158,six_nations,2026,north
six_nations_champion_components,six_nations_2026,tackles,stable,position:Prop,120,15,2.955138142037423,2.355247226142792,2.358625305587729,0.998567776137679,2.47174797099809,0.7120094602814652,0.975,1.0,6.591666666666667,5.786325780053445,5.686026259179524,six_nations,2026,north
six_nations_champion_components,six_nations_2026,tackles,stable,position:Scrum-half,60,15,1.8943307143117327,1.625754939005655,2.624828670385982,0.6193756405314588,-1.1448995200384189,1.288927064951728,0.85,1.0,3.95,3.952822202728151,2.868310972297152,six_nations,2026,north
six_nations_champion_components,six_nations_2026,tackles,stable,position:Second-row,90,15,3.5407511543100574,2.303226577995408,2.844663185566475,0.8096658295722812,-0.7465317378342132,1.236209248365892,0.9555555555555556,1.0,8.988888888888889,7.875220671251303,7.4968062938471585,six_nations,2026,north
six_nations_champion_components,six_nations_2026,penalties_conceded,stable,all,690,15,0.4880768112125417,0.9507986277917587,0.8969362273956512,1.060051538505143,0.1878554868075825,0.5914881769396957,0.3159420289855073,1.0,0.39565217391304347,0.35131164950850163,2.5588981895366922,six_nations,2026,north
six_nations_champion_components,six_nations_2026,penalties_conceded,stable,starter,450,15,0.565038473839775,0.9788876558205526,0.9465707368637106,1.0341410501067445,0.23994292208117513,0.49645222808509043,0.36666666666666664,1.0,0.46444444444444444,0.45221173289767297,1.9428507268928432,six_nations,2026,north
six_nations_champion_components,six_nations_2026,penalties_conceded,stable,bench,240,15,0.3437736937864794,0.8981317002377703,0.8038715221430391,1.1172577650759952,0.11696201413716313,0.9233960354497326,0.22083333333333333,1.0,0.26666666666666666,0.16212399315380552,1.246915971858972,six_nations,2026,north
six_nations_champion_components,six_nations_2026,penalties_conceded,stable,zero_minute,11,7,0.239444967398323,0.5077927043913704,0.49214574192937427,1.03179335129601,-0.17101742876586024,2.7485478910874557,0.18181818181818182,1.0,0.18181818181818182,0.1283716437061766,0.2926549601535059,six_nations,2026,north
six_nations_champion_components,six_nations_2026,penalties_conceded,stable,north,690,15,0.4880768112125417,0.9507986277917587,0.8969362273956512,1.060051538505143,0.1878554868075825,0.5914881769396957,0.3159420289855073,1.0,0.39565217391304347,0.35131164950850163,2.5588981895366922,six_nations,2026,north
six_nations_champion_components,six_nations_2026,penalties_conceded,stable,position:Back-row,120,15,0.5790394071073692,1.065126182473661,1.0496423251376303,1.0147515558064033,0.25322188979439963,0.3899876127428625,0.325,1.0,0.43333333333333335,0.4618388832203492,1.0240101271155668,six_nations,2026,north
six_nations_champion_components,six_nations_2026,penalties_conceded,stable,position:Back-three,120,15,0.44209446109250233,0.839211166949725,0.8348943685756548,1.0051704725011317,0.1909611880153169,0.4148909920584412,0.275,1.0,0.31666666666666665,0.3029843526553184,0.747105717837493,six_nations,2026,north
six_nations_champion_components,six_nations_2026,penalties_conceded,stable,position:Centre,60,15,0.5417132081791041,0.9846709252421394,0.9349102440365848,1.053225089277776,0.31207720805868533,0.4519170252071858,0.4,1.0,0.48333333333333334,0.37895479860740827,0.7034891787335809,six_nations,2026,north
six_nations_champion_components,six_nations_2026,penalties_conceded,stable,position:Fly-half,60,15,0.26822244604401896,0.595847060075514,0.5321365811941272,1.119725801857897,0.13001640284943328,-0.14947985462949626,0.1,1.0,0.1,0.20080567327170956,0.4836079672827716,six_nations,2026,north
six_nations_champion_components,six_nations_2026,penalties_conceded,stable,position:Hooker,60,15,0.4415702236505708,0.9722518708973664,0.9012265037135274,1.0788096742507873,0.25021307822865185,0.47303868562793644,0.31666666666666665,1.0,0.36666666666666664,0.2461819550412209,0.7076653985508835,six_nations,2026,north
six_nations_champion_components,six_nations_2026,penalties_conceded,stable,position:Prop,120,15,0.6115067214070261,1.2621736924424305,1.0416540146645574,1.2117014619762079,0.3891540210122503,0.6422382829844194,0.4583333333333333,1.0,0.6416666666666667,0.39317594784448917,1.1414219053146615,six_nations,2026,north
six_nations_champion_components,six_nations_2026,penalties_conceded,stable,position:Scrum-half,60,15,0.28121362678385436,0.5522334133600656,0.6231945013089452,0.8861333214592967,0.03892388036697626,0.6325285351080621,0.18333333333333332,1.0,0.18333333333333332,0.22830504072308141,0.43728198404427204,six_nations,2026,north
six_nations_champion_components,six_nations_2026,penalties_conceded,stable,position:Second-row,90,15,0.5432550967152573,0.9974392441990046,0.9806115786940788,1.017160378146193,0.2448740394062571,0.3971441167890984,0.34444444444444444,1.0,0.4222222222222222,0.4465587561760236,0.7274510676232193,six_nations,2026,north
six_nations_champion_components,six_nations_2026,yellow_cards,stable,all,690,15,0.06152373396931766,0.16431594723370962,0.16037888768390868,1.0245484901825763,0.0368043360126367,-0.02100433532816628,0.036231884057971016,1.0,0.036231884057971016,0.027253990460628968,0.701030034165375,six_nations,2026,north
six_nations_champion_components,six_nations_2026,yellow_cards,stable,starter,450,15,0.07029666721444239,0.16651398613053625,0.162999971108152,1.021558378191691,0.04367217719529394,-0.16803527368516905,0.03777777777777778,1.0,0.03777777777777778,0.035078345684489476,0.632446518226353,six_nations,2026,north
six_nations_champion_components,six_nations_2026,yellow_cards,stable,bench,240,15,0.045074484134708784,0.16019462430215967,0.15546435626345237,1.0304267045668738,0.03278743082470209,0.04338301156265693,0.03333333333333333,1.0,0.03333333333333333,0.012583324415890522,0.31827425809070664,six_nations,2026,north
six_nations_champion_components,six_nations_2026,yellow_cards,stable,zero_minute,11,7,0.01267077326270575,0.012781252686059959,0.013427986698665987,0.9518368593059242,0.0,0.0,0.0,1.0,0.0,0.01267077326270575,0.015486500654418141,six_nations,2026,north
six_nations_champion_components,six_nations_2026,yellow_cards,stable,north,690,15,0.06152373396931766,0.16431594723370962,0.16037888768390868,1.0245484901825763,0.0368043360126367,-0.02100433532816628,0.036231884057971016,1.0,0.036231884057971016,0.027253990460628968,0.701030034165375,six_nations,2026,north
six_nations_champion_components,six_nations_2026,yellow_cards,stable,position:Back-row,120,15,0.05742405315114929,0.16014723318880808,0.15790183386482032,1.014220223217357,0.09499811209777019,-2.431413593809496,0.03333333333333333,1.0,0.03333333333333333,0.025361698610815765,0.20958321857421147,six_nations,2026,north
six_nations_champion_components,six_nations_2026,yellow_cards,stable,position:Back-three,120,15,0.060714001957750834,0.17487351846267007,0.16556809927226906,1.0562029716551777,-0.03717862014206003,3.738818774757293,0.041666666666666664,1.0,0.041666666666666664,0.021088287921589604,0.22201028497083936,six_nations,2026,north
six_nations_champion_components,six_nations_2026,yellow_cards,stable,position:Centre,60,15,0.055664587767358734,0.14829118412743753,0.15048847656874434,0.985398932254437,0.7983514094194831,-32.00258309802773,0.03333333333333333,1.0,0.03333333333333333,0.023904885232007934,0.10808658087827996,six_nations,2026,north
six_nations_champion_components,six_nations_2026,yellow_cards,stable,position:Fly-half,60,15,0.046668539623284225,0.07979520786225375,0.08349780918780683,0.9556563056974939,-0.006817749622942545,0.7370214550036334,0.016666666666666666,1.0,0.016666666666666666,0.031863952033110696,0.09301210038807922,six_nations,2026,north
six_nations_champion_components,six_nations_2026,yellow_cards,stable,position:Hooker,60,15,0.09028966434841838,0.2000030347049035,0.20761887251959396,0.9633181814241298,0.021960837530166668,0.6146140724731792,0.05,1.0,0.05,0.04562076224028679,0.17273324642664362,six_nations,2026,north
six_nations_champion_components,six_nations_2026,yellow_cards,stable,position:Prop,120,15,0.05101130693278456,0.15667856059620658,0.1499107766550019,1.045145413106489,0.032739786381111,0.031326030702762235,0.03333333333333333,1.0,0.03333333333333333,0.018947403769542973,0.188901707369372,six_nations,2026,north
six_nations_champion_components,six_nations_2026,yellow_cards,stable,position:Scrum-half,60,15,0.07763382283404477,0.30034864140588763,0.2932748986108379,1.0241198371512739,0.03345538948124149,2.5939713016494683,0.06666666666666667,1.0,0.06666666666666667,0.012803255442458679,0.15194032915520317,six_nations,2026,north
six_nations_champion_components,six_nations_2026,yellow_cards,stable,position:Second-row,90,15,0.06597840132711834,0.11853113372787259,0.10847715459585598,1.0926829171494574,0.032238715184070316,-0.21955319089607073,0.022222222222222223,1.0,0.022222222222222223,0.0456221698303149,0.18406217667706096,six_nations,2026,north
six_nations_champion_components,six_nations_2026,red_cards,stable,all,690,15,0.0014492753623188406,0.023359658769509753,0.011433195026728137,2.043143558287979,0.0014492753623188406,,0.0014492753623188406,0.0,0.0014492753623188406,0.0,0.03333333333333333,six_nations,2026,north
six_nations_champion_components,six_nations_2026,red_cards,stable,starter,450,15,0.0022222222222222222,0.035818090113245646,0.01673761112525915,2.1399762394522157,0.0022222222222222222,,0.0022222222222222222,0.0,0.0022222222222222222,0.0,0.03333333333333333,six_nations,2026,north
six_nations_champion_components,six_nations_2026,red_cards,stable,bench,240,15,0.0,1.0000000494736474e-07,0.001487414841982491,6.723074298094296e-05,0.0,,0.0,0.0,0.0,0.0,0.0,six_nations,2026,north
six_nations_champion_components,six_nations_2026,red_cards,stable,zero_minute,11,7,0.0,1.0000000494736474e-07,0.0004802716053208083,0.00020821552604711552,0.0,,0.0,0.0,0.0,0.0,0.0,six_nations,2026,north
six_nations_champion_components,six_nations_2026,red_cards,stable,north,690,15,0.0014492753623188406,0.023359658769509753,0.011433195026728137,2.043143558287979,0.0014492753623188406,,0.0014492753623188406,0.0,0.0014492753623188406,0.0,0.03333333333333333,six_nations,2026,north
six_nations_champion_components,six_nations_2026,red_cards,stable,position:Back-row,120,15,0.0,1.0000000494736474e-07,0.004650026797490325,2.1505253475385546e-05,0.0,,0.0,0.0,0.0,0.0,0.0,six_nations,2026,north
six_nations_champion_components,six_nations_2026,red_cards,stable,position:Back-three,120,15,0.008333333333333333,0.13431756292465755,0.04846682762962257,2.7713297835603257,0.008333333333333333,,0.008333333333333333,0.0,0.008333333333333333,0.0,0.03333333333333333,six_nations,2026,north
six_nations_champion_components,six_nations_2026,red_cards,stable,position:Centre,60,15,0.0,1.0000000494736471e-07,0.00398406901487446,2.509996804122023e-05,0.0,,0.0,0.0,0.0,0.0,0.0,six_nations,2026,north
six_nations_champion_components,six_nations_2026,red_cards,stable,position:Fly-half,60,15,0.0,1.0000000494736471e-07,0.0019934081219131457,5.016534439088725e-05,0.0,,0.0,0.0,0.0,0.0,0.0,six_nations,2026,north
six_nations_champion_components,six_nations_2026,red_cards,stable,position:Hooker,60,15,0.0,1.0000000494736471e-07,0.0006601161024638959,0.00015148851023950605,0.0,,0.0,0.0,0.0,0.0,0.0,six_nations,2026,north
six_nations_champion_components,six_nations_2026,red_cards,stable,position:Prop,120,15,0.0,1.0000000494736474e-07,0.002651869118724865,3.77092535379156e-05,0.0,,0.0,0.0,0.0,0.0,0.0,six_nations,2026,north
six_nations_champion_components,six_nations_2026,red_cards,stable,position:Scrum-half,60,15,0.0,1.0000000494736471e-07,0.001324508732989144,7.549969468429646e-05,0.0,,0.0,0.0,0.0,0.0,0.0,six_nations,2026,north
six_nations_champion_components,six_nations_2026,red_cards,stable,position:Second-row,90,15,0.0,1.0000000494736472e-07,0.007988129162304935,1.2518576366948756e-05,0.0,,0.0,0.0,0.0,0.0,0.0,six_nations,2026,north
six_nations_champion_components,six_nations_2026,metres,stable,all,690,15,10.383198019198595,1.0217846926490397,1.3718617390716101,0.7448160871812923,3.1039623315714184,0.9544647540049426,0.8449275362318841,1.0,17.650724637681158,15.240753778566882,79.41014044619264,six_nations,2026,north
six_nations_champion_components,six_nations_2026,metres,stable,starter,450,15,12.665525675371727,0.8371684085074922,1.18960788609847,0.7037347501563178,4.126619735935855,0.9253024820480408,0.9311111111111111,1.0,23.282222222222224,20.701989736251296,63.385022810488614,six_nations,2026,north
six_nations_champion_components,six_nations_2026,metres,stable,bench,240,15,6.103833663873972,1.3679402254144413,1.713587713396248,0.7982901690531207,1.8639049404798131,1.0453565796572355,0.6833333333333333,1.0,7.091666666666667,5.000936357908612,25.71228837012897,six_nations,2026,north
six_nations_champion_components,six_nations_2026,metres,stable,zero_minute,11,7,7.632050724835891,2.865122726736084,4.318174624636919,0.663503210451335,-23.364080641088428,4.323361489969657,0.2727272727272727,1.0,5.0,6.560654413676496,9.328061997021644,six_nations,2026,north
six_nations_champion_components,six_nations_2026,metres,stable,north,690,15,10.383198019198595,1.0217846926490397,1.3718617390716101,0.7448160871812923,3.1039623315714184,0.9544647540049426,0.8449275362318841,1.0,17.650724637681158,15.240753778566882,79.41014044619264,six_nations,2026,north
six_nations_champion_components,six_nations_2026,metres,stable,position:Back-row,120,15,9.949926565055604,0.9940376446147116,1.5685560702063412,0.6337278363813589,1.5922099873730484,1.1040755643774423,0.9083333333333333,1.0,17.783333333333335,14.6648688444527,24.176622336176642,six_nations,2026,north
six_nations_champion_components,six_nations_2026,metres,stable,position:Back-three,120,15,19.467909079738185,1.1101758711172183,1.3437535350689593,0.8261752189996998,9.491948611326574,0.7816121691330807,0.925,1.0,36.68333333333333,34.78884515342931,41.944343789622934,six_nations,2026,north
six_nations_champion_components,six_nations_2026,metres,stable,position:Centre,60,15,19.88596406552672,0.8335199367513393,0.8308700538397967,1.0031892868196373,21.457523073674867,0.47819780960492675,1.0,1.0,34.25,26.75143354774861,29.401644436093783,six_nations,2026,north
six_nations_champion_components,six_nations_2026,metres,stable,position:Fly-half,60,15,9.842506152042466,1.4984827697540462,1.960698761654936,0.7642595584082714,1.3733256463324708,1.0553401608708841,0.7666666666666667,1.0,16.433333333333334,14.270287671581736,16.77103155003822,six_nations,2026,north
six_nations_champion_components,six_nations_2026,metres,stable,position:Hooker,60,15,5.561052113122678,0.9031370112100852,1.0538250848527935,0.857008458226483,3.6376729778574832,0.7124264638495917,0.8833333333333333,1.0,8.516666666666667,6.848417256211361,7.998242480894903,six_nations,2026,north
six_nations_champion_components,six_nations_2026,metres,stable,position:Prop,120,15,3.4991586028404114,0.7575112531726708,1.1480528677248503,0.6598226218221692,1.6990580795108792,0.8444485679360781,0.6916666666666667,1.0,4.341666666666667,3.129389624775613,7.914482313368394,six_nations,2026,north
six_nations_champion_components,six_nations_2026,metres,stable,position:Scrum-half,60,15,10.034325417541776,1.544893510233472,2.01910236961636,0.7651387732891473,4.014907309168222,0.7330901975922264,0.7666666666666667,1.0,13.7,13.21132477646225,15.332385922952373,six_nations,2026,north
six_nations_champion_components,six_nations_2026,metres,stable,position:Second-row,90,15,5.499293984854523,0.8313607998038752,1.1941258555728869,0.696208691842642,3.069711981088431,0.8715331422540178,0.8333333333333334,1.0,8.311111111111112,6.013998637466634,10.575551892591681,six_nations,2026,north
six_nations_champion_components,six_nations_2026,tackle_turnover,extended,all,690,15,0.12942362487196213,0.5317122573104963,0.4421394403106484,1.2025895200322183,0.059493767089713545,0.9307358886157514,0.08985507246376812,1.0,0.09855072463768116,0.04196352372965392,1.576097136465448,six_nations,2026,north
six_nations_champion_components,six_nations_2026,tackle_turnover,extended,starter,450,15,0.17451546869193202,0.6404694893243843,0.5464161787681352,1.1721276093403512,0.09632394536757133,0.5785452457428005,0.11777777777777777,1.0,0.13111111111111112,0.060128686562580275,1.3782355274601719,six_nations,2026,north
six_nations_champion_components,six_nations_2026,tackle_turnover,extended,bench,240,15,0.044876417709518696,0.3277924472844565,0.24662055570286084,1.3291367637635003,0.04212934245497766,-0.5857077639574072,0.0375,1.0,0.0375,0.007903843417917012,0.3334711124452918,six_nations,2026,north
six_nations_champion_components,six_nations_2026,tackle_turnover,extended,zero_minute,11,7,0.09948030903970796,0.8370945215725737,0.528514866199732,1.583861826993956,0.12659683059605442,-3.831994633919446,0.09090909090909091,1.0,0.09090909090909091,0.009313097510906821,0.12158704438186528,six_nations,2026,north
six_nations_champion_components,six_nations_2026,tackle_turnover,extended,north,690,15,0.12942362487196213,0.5317122573104963,0.4421394403106484,1.2025895200322183,0.059493767089713545,0.9307358886157514,0.08985507246376812,1.0,0.09855072463768116,0.04196352372965392,1.576097136465448,six_nations,2026,north
six_nations_champion_components,six_nations_2026,tackle_turnover,extended,position:Back-row,120,15,0.16679156366815395,0.7400736629621855,0.5474364422121091,1.3518896549372164,0.08669589674271443,1.430671050960305,0.13333333333333333,1.0,0.14166666666666666,0.0384230671942753,0.5667311982720423,six_nations,2026,north
six_nations_champion_components,six_nations_2026,tackle_turnover,extended,position:Back-three,120,15,0.21880637054775462,0.7209057438309981,0.6356767648994729,1.1340759701119538,0.08640992304059317,1.2144891814779486,0.15833333333333333,1.0,0.175,0.07294431132898106,0.6608406226438277,six_nations,2026,north
six_nations_champion_components,six_nations_2026,tackle_turnover,extended,position:Centre,60,15,0.20076493558848263,0.7503377596145572,0.6155437650284662,1.2189836080621455,0.2502682326065404,-1.5426871794515629,0.13333333333333333,1.0,0.15,0.06499582931789613,0.36081947350192206,six_nations,2026,north
six_nations_champion_components,six_nations_2026,tackle_turnover,extended,position:Fly-half,60,15,0.10173800140050812,0.5830558299694052,0.42841509572865555,1.3609600496867043,0.055987797351644074,1.2037279426422698,0.06666666666666667,1.0,0.08333333333333333,0.022717372433561554,0.20075063928466583,six_nations,2026,north
six_nations_champion_components,six_nations_2026,tackle_turnover,extended,position:Hooker,60,15,0.0554611427613141,0.2668561017112236,0.25952602796200785,1.028244079435026,0.013418765317275441,0.6748064651191786,0.03333333333333333,1.0,0.03333333333333333,0.029511525223073754,0.10807988727890734,six_nations,2026,north
six_nations_champion_components,six_nations_2026,tackle_turnover,extended,position:Prop,120,15,0.047895600188812566,0.23316437260730466,0.21158717625029216,1.101977807631821,0.031539897029127954,-0.2766126054913839,0.025,1.0,0.025,0.02364280187994421,0.16356828523030176,six_nations,2026,north
six_nations_champion_components,six_nations_2026,tackle_turnover,extended,position:Scrum-half,60,15,0.13354710943852807,0.711509788029952,0.5085038511281617,1.3992220244771074,0.09077791620095191,1.1121125084538268,0.11666666666666667,1.0,0.11666666666666667,0.023278895137784146,0.2582100999232272,six_nations,2026,north
six_nations_champion_components,six_nations_2026,tackle_turnover,extended,position:Second-row,90,15,0.08658228535285968,0.2764292806297288,0.3221427046676118,0.8580957340472749,0.0215086643245831,0.4774538188069522,0.03333333333333333,1.0,0.044444444444444446,0.048037693314868936,0.2472452358068749,six_nations,2026,north
