engine,fold,slate_id,rubric,tier,n,mae,spearman,allowed_events,top_10_overlap,top_10_capture,top_25_overlap,top_25_capture,top_50_overlap,top_50_capture,top_100_overlap,top_100_capture,tournament,calendar_year,fold_hemisphere,raw_path
six_nations_champion_allrugby,six_nations_2025,six_nations_2025_r1,six_nations,stable,138,5.844562191261911,0.6961083317695415,"tries,try_assists,conversion_goals,penalty_goals,drop_goals_converted,defenders_beaten,offload,tackles,penalties_conceded,yellow_cards,red_cards,metres",0.3,0.6847545219638242,0.6,0.8365261813537676,0.65,0.8607491856677525,0.86,0.929384965831435,six_nations,2025,north,c23_cov_shrink960
six_nations_champion_allrugby,six_nations_2025,six_nations_2025_r2,six_nations,stable,138,5.677592367741449,0.6119730655189711,"tries,try_assists,conversion_goals,penalty_goals,drop_goals_converted,defenders_beaten,offload,tackles,penalties_conceded,yellow_cards,red_cards,metres",0.2,0.5071633237822349,0.488,0.7811094452773614,0.6533333333333333,0.8343137254901961,0.83,0.9252405625462621,six_nations,2025,north,c23_cov_shrink960
six_nations_champion_allrugby,six_nations_2025,six_nations_2025_r3,six_nations,stable,138,5.820777729544188,0.7002378261594007,"tries,try_assists,conversion_goals,penalty_goals,drop_goals_converted,defenders_beaten,offload,tackles,penalties_conceded,yellow_cards,red_cards,metres",0.6,0.8802816901408451,0.52,0.7853598014888338,0.66,0.8375510204081633,0.8925,0.9624105011933174,six_nations,2025,north,c23_cov_shrink960
six_nations_champion_allrugby,six_nations_2025,six_nations_2025_r4,six_nations,stable,138,6.7707526268132385,0.5929177974118712,"tries,try_assists,conversion_goals,penalty_goals,drop_goals_converted,defenders_beaten,offload,tackles,penalties_conceded,yellow_cards,red_cards,metres",0.55,0.8903743315508021,0.6133333333333334,0.8034825870646766,0.6466666666666667,0.8205928237129485,0.838,0.9069383259911894,six_nations,2025,north,c23_cov_shrink960
six_nations_champion_allrugby,six_nations_2025,six_nations_2025_r5,six_nations,stable,138,6.384815527876054,0.5629717584484322,"tries,try_assists,conversion_goals,penalty_goals,drop_goals_converted,defenders_beaten,offload,tackles,penalties_conceded,yellow_cards,red_cards,metres",0.2,0.5261780104712042,0.3466666666666666,0.632088520055325,0.64,0.7979363714531384,0.8177777777777777,0.9035469819539514,six_nations,2025,north,c23_cov_shrink960
six_nations_champion_allrugby,six_nations_2025,six_nations_2025_r1,ncr,stable,138,5.968180777175485,0.6240422333740671,"tries,try_assists,conversion_goals,missed_conversion_goals,penalty_goals,missed_penalty_goals,drop_goals_converted,defenders_beaten,clean_breaks,offload,tackles,missed_tackles,turnovers_conceded,penalties_conceded,yellow_cards,red_cards",0.4,0.704,0.5771428571428572,0.8158640226628895,0.5527272727272727,0.84375,0.82,0.9086727989487516,six_nations,2025,north,c23_cov_shrink960
six_nations_champion_allrugby,six_nations_2025,six_nations_2025_r2,ncr,stable,138,5.786661925877541,0.47848592626273595,"tries,try_assists,conversion_goals,missed_conversion_goals,penalty_goals,missed_penalty_goals,drop_goals_converted,defenders_beaten,clean_breaks,offload,tackles,missed_tackles,turnovers_conceded,penalties_conceded,yellow_cards,red_cards",0.2,0.4966887417218543,0.4,0.6643717728055077,0.644,0.7749419953596288,0.7954545454545454,0.8899821109123435,six_nations,2025,north,c23_cov_shrink960
six_nations_champion_allrugby,six_nations_2025,six_nations_2025_r3,ncr,stable,138,5.79164335661756,0.6251392085201392,"tries,try_assists,conversion_goals,missed_conversion_goals,penalty_goals,missed_penalty_goals,drop_goals_converted,defenders_beaten,clean_breaks,offload,tackles,missed_tackles,turnovers_conceded,penalties_conceded,yellow_cards,red_cards",0.5,0.7699757869249395,0.52,0.7546666666666667,0.5760000000000001,0.7818515123739689,0.87,0.9525120440467997,six_nations,2025,north,c23_cov_shrink960
six_nations_champion_allrugby,six_nations_2025,six_nations_2025_r4,ncr,stable,138,6.566093997700959,0.5010007281944898,"tries,try_assists,conversion_goals,missed_conversion_goals,penalty_goals,missed_penalty_goals,drop_goals_converted,defenders_beaten,clean_breaks,offload,tackles,missed_tackles,turnovers_conceded,penalties_conceded,yellow_cards,red_cards",0.5,0.7817679558011049,0.58,0.7760778859527121,0.5533333333333333,0.7600716204118174,0.8275,0.8886027044430135,six_nations,2025,north,c23_cov_shrink960
six_nations_champion_allrugby,six_nations_2025,six_nations_2025_r5,ncr,stable,138,6.171276242350541,0.4642966910860968,"tries,try_assists,conversion_goals,missed_conversion_goals,penalty_goals,missed_penalty_goals,drop_goals_converted,defenders_beaten,clean_breaks,offload,tackles,missed_tackles,turnovers_conceded,penalties_conceded,yellow_cards,red_cards",0.1,0.4434782608695652,0.4,0.642089093701997,0.6,0.7507389162561576,0.785,0.8425655976676385,six_nations,2025,north,c23_cov_shrink960
six_nations_champion_allrugby,six_nations_2026,six_nations_2026_r1,six_nations,stable,138,6.061425628494543,0.641040138252517,"tries,try_assists,conversion_goals,penalty_goals,drop_goals_converted,defenders_beaten,offload,tackles,penalties_conceded,yellow_cards,red_cards,metres",0.6,0.7884130982367759,0.52,0.789544235924933,0.5866666666666667,0.8233246301131418,0.86,0.9254852849092048,six_nations,2026,north,c23_cov_shrink960
six_nations_champion_allrugby,six_nations_2026,six_nations_2026_r2,six_nations,stable,138,6.276371690422603,0.6600795168915408,"tries,try_assists,conversion_goals,penalty_goals,drop_goals_converted,defenders_beaten,offload,tackles,penalties_conceded,yellow_cards,red_cards,metres",0.5,0.7083333333333334,0.52,0.7771428571428571,0.7233333333333333,0.881203007518797,0.845,0.9571508069003896,six_nations,2026,north,c23_cov_shrink960
six_nations_champion_allrugby,six_nations_2026,six_nations_2026_r3,six_nations,stable,138,6.55979996660105,0.5968898033260329,"tries,try_assists,conversion_goals,penalty_goals,drop_goals_converted,defenders_beaten,offload,tackles,penalties_conceded,yellow_cards,red_cards,metres",0.13333333333333333,0.5721925133689839,0.4,0.6828609986504723,0.6657142857142857,0.8275862068965517,0.8518181818181819,0.933456561922366,six_nations,2026,north,c23_cov_shrink960
six_nations_champion_allrugby,six_nations_2026,six_nations_2026_r4,six_nations,stable,138,6.577674925083346,0.7271556424561508,"tries,try_assists,conversion_goals,penalty_goals,drop_goals_converted,defenders_beaten,offload,tackles,penalties_conceded,yellow_cards,red_cards,metres",0.3,0.6211764705882353,0.504,0.7294398092967819,0.72,0.8854324734446131,0.8744444444444445,0.9620323841429369,six_nations,2026,north,c23_cov_shrink960
six_nations_champion_allrugby,six_nations_2026,six_nations_2026_r5,six_nations,stable,138,5.695577390084293,0.7200795502798392,"tries,try_assists,conversion_goals,penalty_goals,drop_goals_converted,defenders_beaten,offload,tackles,penalties_conceded,yellow_cards,red_cards,metres",0.36666666666666664,0.691358024691358,0.4,0.7207872078720787,0.616,0.8642857142857143,0.858,0.9384180790960452,six_nations,2026,north,c23_cov_shrink960
six_nations_champion_allrugby,six_nations_2026,six_nations_2026_r1,ncr,stable,138,6.246859987185259,0.5533067410019,"tries,try_assists,conversion_goals,missed_conversion_goals,penalty_goals,missed_penalty_goals,drop_goals_converted,defenders_beaten,clean_breaks,offload,tackles,missed_tackles,turnovers_conceded,penalties_conceded,yellow_cards,red_cards",0.5,0.7331536388140162,0.48,0.7236842105263158,0.56,0.7825661116552399,0.862,0.9210526315789473,six_nations,2026,north,c23_cov_shrink960
six_nations_champion_allrugby,six_nations_2026,six_nations_2026_r2,ncr,stable,138,6.389170707612177,0.5481142566644792,"tries,try_assists,conversion_goals,missed_conversion_goals,penalty_goals,missed_penalty_goals,drop_goals_converted,defenders_beaten,clean_breaks,offload,tackles,missed_tackles,turnovers_conceded,penalties_conceded,yellow_cards,red_cards",0.4666666666666667,0.7457212713936431,0.44,0.704516129032258,0.672,0.83078231292517,0.8093333333333333,0.9235255994815295,six_nations,2026,north,c23_cov_shrink960
six_nations_champion_allrugby,six_nations_2026,six_nations_2026_r3,ncr,stable,138,6.60479434889938,0.5081591535588436,"tries,try_assists,conversion_goals,missed_conversion_goals,penalty_goals,missed_penalty_goals,drop_goals_converted,defenders_beaten,clean_breaks,offload,tackles,missed_tackles,turnovers_conceded,penalties_conceded,yellow_cards,red_cards",0.2,0.5393258426966292,0.48,0.6652046783625731,0.594,0.7800947867298578,0.804,0.9072237960339944,six_nations,2026,north,c23_cov_shrink960
six_nations_champion_allrugby,six_nations_2026,six_nations_2026_r4,ncr,stable,138,6.587058993776204,0.6534638040561217,"tries,try_assists,conversion_goals,missed_conversion_goals,penalty_goals,missed_penalty_goals,drop_goals_converted,defenders_beaten,clean_breaks,offload,tackles,missed_tackles,turnovers_conceded,penalties_conceded,yellow_cards,red_cards",0.3,0.5686746987951807,0.45333333333333337,0.7557544757033248,0.7066666666666667,0.8369747899159664,0.84,0.9447268106734434,six_nations,2026,north,c23_cov_shrink960
six_nations_champion_allrugby,six_nations_2026,six_nations_2026_r5,ncr,stable,138,6.3481970836817,0.603027699721036,"tries,try_assists,conversion_goals,missed_conversion_goals,penalty_goals,missed_penalty_goals,drop_goals_converted,defenders_beaten,clean_breaks,offload,tackles,missed_tackles,turnovers_conceded,penalties_conceded,yellow_cards,red_cards",0.4,0.7097560975609756,0.44,0.6802030456852792,0.6266666666666666,0.7854113655640373,0.8140000000000001,0.9170918367346939,six_nations,2026,north,c23_cov_shrink960
