fixture_id,team_id,team,opponent_id,opponent,date,opp_n_prior,h2h_n_prior,h2h_last3_winrate,h2h_last3_margin,opp_concede_tries,opp_concede_metres,opp_concede_db,opp_concede_breaks,opp_concede_offloads,opp_concede_passes,opp_concede_lineout_steal,opp_concede_scrums,opp_turnovers_conceded,opp_missed_tackles,opp_runs,opp_tackles,opp_possession,opp_pens_conceded,opp_scrum_success,opp_scrums_won,opp_lineout_success,opp_lineout_steal,team_wr_pos,team_wr_pts,opp_wr_pos,opp_wr_pts,wr_pts_gap,wr_rank_gap
8289106,2873,Italy,1967,France,2021-02-06,0,1,0.0,-31.0,,,,,,,,,,,,,,,,,,,14,70.88456620118458,4,85.30402572376639,-14.419459522581803,-10
8289106,1967,France,2873,Italy,2021-02-06,0,1,1.0,31.0,,,,,,,,,,,,,,,,,,,4,85.30402572376639,14,70.88456620118458,14.419459522581803,10
8289115,1667,England,2117,Scotland,2021-02-06,0,0,,,,,,,,,,,,,,,,,,,,,2,89.4870925203653,7,80.81608009108159,8.671012429283707,5
8289115,2117,Scotland,1667,England,2021-02-06,0,0,,,,,,,,,,,,,,,,,,,,,7,80.81608009108159,2,89.4870925203653,-8.671012429283707,-5
8289124,1517,Wales,1817,Ireland,2021-02-07,0,1,0.0,-23.0,,,,,,,,,,,,,,,,,,,9,79.36356687892018,5,84.65066173701928,-5.2870948580990955,-4
8289124,1817,Ireland,1517,Wales,2021-02-07,0,1,1.0,23.0,,,,,,,,,,,,,,,,,,,5,84.65066173701928,9,79.36356687892018,5.2870948580990955,4
8289196,1667,England,2873,Italy,2021-02-13,1,1,1.0,29.0,7.0,484.0,28.0,14.0,9.0,104.0,2.0,5.0,11.999999999999998,28.0,150.0,87.0,0.61,11.999999999999998,1.0,2.9999999999999996,0.79,1.0,3,87.4870925203653,14,70.88456620118458,16.60252631918071,11
8289196,2873,Italy,1667,England,2021-02-13,1,1,0.0,-29.0,1.0,340.0,29.0,11.0,4.0,118.0,2.0,5.999999999999999,13.0,29.0,70.0,163.0,0.35,15.0,1.0,5.0,0.85,0.0,14,70.88456620118458,3,87.4870925203653,-16.60252631918071,-11
8289205,2117,Scotland,1517,Wales,2021-02-13,1,1,1.0,4.0,1.0,536.0,26.0,7.0,3.0,262.0,3.0,5.0,13.0,26.0,95.0,245.0,0.36,11.0,1.0,5.0,0.73,1.0,7,82.81608009108159,8,80.5922763647301,2.223803726351491,1
8289205,1517,Wales,2117,Scotland,2021-02-13,1,1,0.0,-4.0,0.0,219.0,11.0,0.0,2.0,85.0,0.0,5.0,11.999999999999998,11.0,134.0,92.0,0.65,5.999999999999999,1.0,5.999999999999999,1.0,2.0,8,80.5922763647301,7,82.81608009108159,-2.223803726351491,-1
8289214,1817,Ireland,1967,France,2021-02-14,1,1,0.0,-8.0,1.0,510.0,19.0,9.0,7.0,198.0,1.0,3.0000000000000004,10.0,19.0,94.0,161.0,0.39,9.0,0.83,5.0,0.92,2.0,5,83.42195225120938,4,85.30402572376639,-1.8820734725570105,-1
8289214,1967,France,1817,Ireland,2021-02-14,1,1,1.0,8.0,2.0,232.0,17.0,2.9999999999999996,5.0,131.0,1.0,5.0,18.0,17.0,189.0,110.0,0.64,11.0,1.0,5.0,0.78,2.9999999999999996,4,85.30402572376639,5,83.42195225120938,1.8820734725570105,1
8289286,2873,Italy,1817,Ireland,2021-02-27,2,1,0.0,-33.0,2.0,304.9133929735076,21.107796787239867,7.107796787239864,8.594322188834882,120.21703343349536,0.486525401595017,5.513474598404983,16.973050803190034,21.107796787239867,160.24542248932093,108.45957620478504,0.6143262700797507,7.919152409570102,1.0,6.026949196809967,0.8929644116490963,1.973050803190034,14,70.88456620118458,6,82.31015959846508,-11.425593397280494,-8
8289286,1817,Ireland,2873,Italy,2021-02-27,2,1,1.0,33.0,6.486525401595018,523.5375440771837,29.540423795214952,14.0,6.432627007975086,152.2666122500684,1.4865254015950171,3.973050803190034,12.513474598404983,29.540423795214952,120.21847329251099,136.80703604528335,0.522709318271153,11.486525401595019,0.9383830481914022,5.0538983936199315,0.8670211897607474,0.48652540159501706,6,82.31015959846508,14,70.88456620118458,11.425593397280494,8
8289295,1517,Wales,1667,England,2021-02-27,2,1,0.0,-11.0,1.513474598404983,332.2978810239253,20.27093182711529,7.919152409570103,4.513474598404984,120.05389839361995,0.9730508031900341,6.513474598404983,13.513474598404983,20.27093182711529,109.5375440771837,130.1376257020811,0.4578296656650465,13.459576204785053,0.8716313503987544,3.973050803190034,0.9270211897607475,0.513474598404983,7,82.11465673736524,3,87.4870925203653,-5.372435783000057,-4
8289295,1667,England,1517,Wales,2021-02-27,2,1,1.0,11.0,2.023100795480948,521.6765888632666,26.51155039774047,9.046201590961896,4.023100795480948,213.91426261239542,1.4653488067785776,5.511550397740473,10.953798409038102,26.51155039774047,87.83829443163334,211.2376737491287,0.3702310079548095,11.511550397740473,0.8311883687456435,3.465348806778577,0.8271945755706901,1.511550397740474,3,87.4870925203653,7,82.11465673736524,5.372435783000057,4
8289376,2873,Italy,1517,Wales,2021-03-13,3,1,0.0,-20.0,2.014715844783867,473.1556793605218,23.785065078408497,9.392404068765526,3.2887710863882837,182.72975830495037,1.2964400432253038,5.325871732793038,10.607595931234474,23.785065078408497,89.71185098250189,174.8541668231554,0.43548218670344113,10.599926974397455,0.8924623281782976,3.296440043225304,0.8681398288622132,1.3258717327930374,15,70.64840521077666,5,83.97052210481525,-13.322116894038587,-10
8289376,1517,Wales,2873,Italy,2021-03-13,3,1,1.0,20.0,6.309507541170691,526.6165320117933,27.88843172447477,12.180795289989033,5.911378647855647,149.25888026183665,1.3095075411706907,2.891333198336995,11.962810574824925,27.88843172447477,115.77289245993515,143.0625402463772,0.49989310083906136,13.856394135186045,0.804350212919803,4.670447009310657,0.8862970499843525,0.3095075411706907,5,83.97052210481525,15,70.64840521077666,13.322116894038587,10
8289385,1667,England,1967,France,2021-03-13,2,1,1.0,3.0,1.0,435.2672320377718,21.576991998697522,6.423008001302477,4.9384064010419815,194.90760960156297,1.0,5.0615935989580185,14.123187197916037,21.576991998697522,95.54619519921852,169.24637439583208,0.4003079679947901,9.0,0.9176177279557157,5.515398399739504,0.8736141440234445,0.9692032005209907,4,85.63122715291529,3,86.41581837651069,-0.7845912235953989,-1
8289385,1967,France,1667,England,2021-03-13,3,1,0.0,-3.0,2.418174342833696,300.17149681538274,16.533946315897357,6.493204305021952,2.871287748818344,122.21733360332604,0.9828560243435747,5.235128690820536,12.962810574824923,16.533946315897357,102.79282657773402,125.72146053296589,0.4549809127339138,13.656204507516458,0.9183371207932209,4.346696966345768,0.8808056804239579,0.6904924588293094,3,86.41581837651069,4,85.63122715291529,0.7845912235953989,1
8289394,2117,Scotland,1817,Ireland,2021-03-14,3,1,0.0,-15.0,1.637939807807988,271.9972724406915,17.81022613200601,6.344647477350094,7.655021398537324,133.5346813779564,0.31037392118722934,4.965505694428747,14.810446881414398,17.81022613200601,150.74299977867685,118.06880714493802,0.5874156864497609,8.672544488083437,0.818969903903994,4.20689100447347,0.9063735238853688,1.6207478423744588,8,81.29369971844645,7,82.546320588873,-1.2526208704265542,-1
8289394,1817,Ireland,2117,Scotland,2021-03-14,2,1,1.0,15.0,2.053898393619932,203.08228744944552,8.432627007975086,3.594322188834881,3.026949196809966,101.94466174736442,1.026949196809966,3.4595762047850505,10.973050803190034,8.432627007975086,139.6482205824548,98.16169518085981,0.6345957620478505,8.567372992024916,0.9281135562233023,6.0,0.907574572287103,0.9730508031900339,7,82.546320588873,8,81.29369971844645,1.2526208704265542,1
8289466,2117,Scotland,2873,Italy,2021-03-20,4,1,1.0,11.0,6.50863875959758,527.0155105417156,24.74831535053383,12.128655710590298,6.225326314460968,161.29660772095417,0.9318584750901874,4.364622343995324,14.280656776471067,24.74831535053383,121.31780073854156,139.00704226427615,0.5085756337709021,12.744248081953423,0.8607736828477665,4.188706558668296,0.8844810428435865,0.22024861734388348,9,80.11896180548909,15,70.64840521077666,9.470556594712434,6
8289466,2873,Italy,2117,Scotland,2021-03-20,3,1,0.0,-11.0,2.0328253613064136,240.19293007467212,10.218364804309687,3.3619558816259234,3.407389681973808,123.86100980539187,1.7983666832944085,3.2798924783598897,12.9384723259498,10.218364804309687,129.22937920859673,117.2563491486287,0.5663328345590969,9.518474204934519,0.8780241021825975,5.218045997358799,0.650478037869615,0.9835873193467933,15,70.64840521077666,9,80.11896180548909,-9.470556594712434,-6
8289475,1817,Ireland,1667,England,2021-03-20,4,1,0.0,-11.0,2.2975769846170406,329.5378333342755,20.12903331119793,7.216139472097624,3.7735775200075032,123.0198271613074,0.6994100356682289,4.590539609719485,12.396755353934106,20.12903331119793,110.0623269067949,115.41974344835405,0.4910351850950076,13.178571453992575,0.9418878901445105,4.823493263409779,0.9151801472023252,1.0681415249098127,6,83.72105850183034,3,86.40968627527482,-2.6886277734444803,-3
8289475,1667,England,1817,Ireland,2021-03-20,4,1,1.0,11.0,2.031526357929827,287.31315995190596,19.887812944308195,6.245056715946141,6.88781542721513,130.49053624843032,0.5096511269890902,4.686509173150464,13.709364380746916,19.887812944308195,139.83662636045673,127.58474092049441,0.573714253459941,8.767167388005507,0.7990400750348886,3.858142785013849,0.8814146729602871,2.019302253978181,3,86.40968627527482,6,83.72105850183034,2.6886277734444803,3
8289484,1967,France,1517,Wales,2021-03-20,4,1,1.0,17.0,1.7225792549749221,437.1233718415707,21.543745624161296,8.127831378481567,4.069333618337948,191.73245774859518,0.9231950849776362,4.6562534945010094,10.432669123650784,21.543745624161296,98.43180604290772,172.01715318438818,0.44541986168501835,9.851408259569917,0.923422413096137,4.650594482418816,0.9061023588905307,0.94415339407454,4,85.63735925415115,5,83.97052210481525,1.6668371493359047,1
8289484,1517,Wales,1967,France,2021-03-20,3,1,0.0,-17.0,1.3882032845196577,473.20741356590634,24.070424801299186,7.81160804389739,6.126927092021844,184.8501904601832,1.3882032845196577,5.425886046056787,14.851772092113574,24.070424801299186,95.33416042889301,159.44564893315706,0.4079524794980788,8.611796715480343,0.9495987965494989,4.5389124790851385,0.8760931542880128,0.5929553347117779,5,83.97052210481525,4,85.63735925415115,-1.6668371493359047,-1
8289304,1967,France,2117,Scotland,2021-03-26,4,1,1.0,7.0,1.7327767804041374,236.65073261999447,8.992877494760824,3.8378280199240926,4.1605751438145075,120.41523930681095,1.5664312570969527,3.4890926471975994,10.632247628949381,8.992877494760824,139.9117007323447,112.82419044756284,0.5964494322357454,10.239388234717813,0.9134596137564992,5.154700930002808,0.7171570153649174,1.569380219104853,3,86.17067553921756,9,80.11896180548909,6.051713733728462,6
8289304,2117,Scotland,1967,France,2021-03-26,4,1,0.0,-7.0,1.856643609158447,439.14314334277003,19.39983890253071,6.994463690524134,5.508773197116542,175.88412600829616,0.9847464521416216,5.883374539811321,14.313587151261265,19.39983890253071,111.51245618389399,161.35055562024726,0.43761079383349255,7.852724005169279,0.9642470185490717,5.25418421663689,0.8917602294613551,0.42062331118739144,9,80.11896180548909,3,86.17067553921756,-6.051713733728462,-6
8289781,1817,Ireland,1517,Wales,2022-02-05,5,2,0.5,9.0,2.2533067612812463,453.17430190583883,23.048303704811623,8.331080549100676,5.917486973962427,188.0661839222849,0.7080547661082564,5.2024374796055906,9.39968501853308,23.048303704811623,103.92411080666959,171.7801169782936,0.45580876575133333,11.051230146393777,0.9412679657131592,5.198097237178543,0.9279841569829275,0.7241289750020268,4,86.52960483571194,8,81.56063515825288,4.968969677459057,4
8289781,1517,Wales,1817,Ireland,2022-02-05,5,2,0.5,-9.0,2.0242020736381687,270.0485361310786,18.28761858426933,5.955801948011145,6.216910744287942,120.15438081629505,0.39124767068307625,4.2946950387002385,11.918305084958392,18.28761858426933,128.95542125932457,119.31760268883347,0.5635584460352181,9.518227347747615,0.8457275999608871,4.123421980335267,0.8880556894162601,1.5501727778794074,8,81.56063515825288,4,86.52960483571194,-4.968969677459057,-4
8289790,2117,Scotland,1667,England,2022-02-05,5,1,1.0,5.0,2.228139455788192,303.0445661030763,17.7654935251496,6.4656755960059575,3.593068562246548,121.14845602542363,0.5362075468151406,4.6860843565384105,12.070832163736911,17.7654935251496,101.88077570742956,115.32179922113733,0.4861267703083786,13.370246117332659,0.8621107183356931,4.3979937369253115,0.9349722725290762,0.8188980962734724,7,83.05443865526541,3,87.83493189995278,-4.780493244687364,-4
8289790,1667,England,2117,Scotland,2022-02-05,5,1,0.0,-5.0,2.0283907694650853,282.9210481025498,11.56058564715247,5.042043842086473,4.822947562024687,124.0508050112834,1.6675728583868858,3.6082755648296274,9.318373985201141,11.56058564715247,141.56523768602963,115.19797243577466,0.5972776979145872,11.349929307942748,0.856666093495129,4.418781865554302,0.7598100722407409,1.4365569285754536,3,87.83493189995278,7,83.05443865526541,4.780493244687364,4
8289799,1967,France,2873,Italy,2022-02-06,5,2,1.0,35.5,6.856637578316503,572.2804479374743,30.173934960344646,13.265350169560092,7.806149508670844,177.09472550629658,1.4144449793619256,4.512883320437465,13.048452082874398,30.173934960344646,111.44323496008434,153.0059835387944,0.46690624615325926,13.503955248016256,0.8465925647743784,4.144673189876063,0.8437670996663923,0.4021982032038161,5,85.52721444250692,14,70.5080543145294,15.019160127977514,9
8289799,2873,Italy,1967,France,2022-02-06,5,2,0.0,-35.5,2.123446768697139,402.00695920728975,18.606483682422912,5.829001457132217,5.856752205048834,169.14399131253867,0.9883058801514607,4.977185878783965,13.77370967581348,18.606483682422912,112.55962824528784,170.1360846082829,0.4288342839823968,9.520546770485986,0.9725900063439926,4.961519292276788,0.8983500032752859,0.7891721679150903,14,70.5080543145294,5,85.52721444250692,-15.019160127977514,-9
8289808,1517,Wales,2117,Scotland,2022-02-12,6,2,0.5,-1.5,1.2810093047855593,381.0894758189939,8.972935315100305,3.557991512024977,6.405117188677839,116.74639739349766,0.45566675968738013,4.619709231556285,10.540493194455902,8.972935315100305,95.36929558398421,121.59483289818634,0.49751133479504644,12.549115733250678,0.6483319357101575,4.11443276660041,0.9343677455883518,1.1192898289646427,8,81.25598060987173,6,84.23248797973416,-2.976507369862432,-2
8289808,2117,Scotland,1517,Wales,2022-02-12,6,2,0.5,1.5,3.538226311310987,502.33327499979646,22.277140288807843,8.823157612664609,5.978186012544359,226.27024523465008,0.9228183721325586,9.467297078214225,14.255073227547951,22.277140288807843,97.35926920315333,182.97631606480368,0.4147541760916633,13.220433043300995,0.859415937396069,5.052371011636902,0.7382033302428748,0.19143814177614796,6,84.23248797973416,8,81.25598060987173,2.976507369862432,2
8289817,1967,France,1817,Ireland,2022-02-12,6,2,1.0,5.0,1.2713821525106397,233.26132783251617,12.195964867164252,4.51822756094446,7.5275360079922224,150.91219369740676,0.10366863899970745,4.813115806440377,17.123567937486335,12.195964867164252,142.95377044693552,119.81918563148969,0.5903441053183329,6.932222395588366,0.9591225432234501,9.177917626884973,0.9262363500526589,1.1457789205437783,5,85.52721444250692,3,86.83425938409307,-1.307044941586156,-2
8289817,1817,Ireland,1967,France,2022-02-12,6,2,0.0,-5.0,1.3051978936393664,301.49125853687286,10.153041578056364,3.0401945263628702,2.3193954392945924,116.59878723302403,0.9968231509981736,5.722140181379715,11.025173845664652,10.153041578056364,120.89208473487477,119.0533151075633,0.5316506269962133,12.783102387762277,0.8468861612913603,4.261208337478071,0.9286852749728314,1.671063984330301,3,86.83425938409307,5,85.52721444250692,1.307044941586156,2
8289826,2873,Italy,1667,England,2022-02-13,6,2,0.0,-26.0,1.324371996234344,307.4270711502001,17.20217953399916,5.387109229874304,3.156639242012043,107.79330818808343,0.8775047221478227,4.181206255744543,10.546941114587458,17.20217953399916,99.7608606355885,100.36732416613337,0.5257711866707779,10.890137887621762,0.6913042897523528,4.841000162987361,0.8945190887677744,0.21628456682898164,14,70.5080543145294,4,86.65688257548405,-16.148828260954645,-10
8289826,1667,England,2873,Italy,2022-02-13,6,2,1.0,26.0,5.4875946582203685,513.0834457036816,24.884036176977613,8.645421438322733,8.686468092058286,162.27732548867138,1.8462201220681258,4.134694659989804,15.962234914021646,24.884036176977613,88.2576985313455,156.6884592997647,0.43969240776415414,10.920217214996336,0.9597117677564593,5.512749578897488,0.8704844279460736,0.8430038440476576,4,86.65688257548405,14,70.5080543145294,16.148828260954645,10
8289835,2117,Scotland,1967,France,2022-02-26,7,2,0.5,-1.5,2.038565081658086,324.6453218425294,10.51953363865651,3.0228017306719437,4.344765712336785,134.08101934039814,0.5654822950623161,4.544227855970783,11.446996259578912,10.51953363865651,112.2844707892139,119.03024483265278,0.504973443394588,10.28066418555538,0.9131408968260193,4.580894961681554,0.898964089958916,1.3806841781441088,7,83.23483724274791,4,86.35791893666553,-3.1230816939176123,-3
8289835,1967,France,2117,Scotland,2022-02-26,7,2,0.5,1.5,1.1590315096453934,416.64440217988005,10.72096451835299,2.447643351624489,5.36112723271353,129.44451765172457,0.2578753495141654,4.3507118552917285,10.739951454512243,10.72096451835299,110.83552638112158,138.69944587132954,0.49859159046406765,12.744831205247031,0.6143303683447011,4.064760900494913,0.9628567583963813,0.6334393495148369,4,86.35791893666553,7,83.23483724274791,3.1230816939176123,3
8289844,1667,England,1517,Wales,2022-02-26,7,2,0.5,-2.5,2.4288780504843777,486.45358166766766,23.46718377375058,7.1522217983223015,6.424776438630812,205.1734216921208,0.5194946213613576,7.0777794539931085,11.084196449821603,23.46718377375058,109.00277326933225,179.92727191181427,0.45201141595007505,10.938808945583506,0.776630474261129,4.5924254400772275,0.8526232615906287,0.10776886111001285,3,86.65688257548405,8,82.25363134685797,4.403251228626075,5
8289844,1517,Wales,1667,England,2022-02-26,7,2,0.5,2.5,0.742923437912531,298.8978644433102,14.040154877236729,5.217153881782171,5.283054734163713,116.2257601697955,0.9312847045930083,6.735873104174831,14.697185514410712,14.040154877236729,119.18348802273788,98.44990644109646,0.5539700243230269,11.377408629538099,0.8268331866136409,4.471769815541322,0.8881446688493735,1.438439165384134,8,82.25363134685797,3,86.65688257548405,-4.403251228626075,-5
8289853,1817,Ireland,2873,Italy,2022-02-27,7,2,1.0,35.5,5.274203515267063,590.9469256076113,22.30894396910445,9.238239802148444,8.823682335610918,182.2874170849677,2.351160860686994,4.075746829121769,14.66584110957275,22.30894396910445,85.51907656461852,166.01525144452964,0.4266978092323448,11.392773832975315,0.8766862253910083,7.476551847715625,0.8615196137946812,0.9117117115214736,5,86.00355488993446,14,70.5080543145294,15.49550057540506,9
8289853,2873,Italy,1817,Ireland,2022-02-27,7,2,0.0,-35.5,1.5896832525968903,277.269624201631,13.857780552465655,3.854980696356857,7.733934751758121,139.5922956356824,0.4952363987399951,4.894757293268804,17.506442568694204,13.857780552465655,129.4314291825449,126.01415989566549,0.5639824190479094,8.272399540121523,0.976980106698649,6.479057060052042,0.9016691614389349,0.6452384903012335,14,70.5080543145294,5,86.00355488993446,-15.49550057540506,-9
8289862,1517,Wales,1967,France,2022-03-11,8,2,0.0,-9.5,2.026022666652722,412.89725443980717,15.228975723737625,3.0153859867753376,4.557865750202071,152.26739499306274,0.7067992882642206,5.017684610076587,11.952075377262032,15.228975723737625,100.15854532016637,130.0781344940023,0.477337765064156,9.864157309201499,0.8698398506365288,5.36765381263279,0.9058055408882817,0.931648075818312,7,81.99395646972059,3,87.83945668257789,-5.845500212857303,-4
8289862,1967,France,1517,Wales,2022-03-11,8,2,1.0,9.5,1.9610324820709626,462.73071246451417,22.004531218391463,5.465272982073802,6.285695448260437,191.0375099499989,1.0042440932799104,5.742626292482066,11.38405033332341,22.004531218391463,123.4084165930892,176.02202520072333,0.47099813217622843,11.613687463127555,0.8497664866031979,4.725874163425785,0.8419417003774843,0.7273262491204517,3,87.83945668257789,7,81.99395646972059,5.845500212857303,4
8289880,2873,Italy,2117,Scotland,2022-03-12,8,2,0.0,-26.5,2.7367690958915376,428.49318683227716,13.419214978624655,3.6054047820201807,6.872999069380951,118.87040731228655,0.17383025971333152,5.214150956585358,12.454272940436125,13.419214978624655,118.71105755971128,115.65753322508536,0.5251237002716964,12.502080567586678,0.6324738597659001,4.695481689474611,0.9521482931817313,0.7529064596729768,14,70.5080543145294,8,81.75329949683555,-11.24524518230615,-6
8289880,2117,Scotland,2873,Italy,2022-03-12,8,2,1.0,26.5,6.4952056318667974,637.17223691802,23.19084536202164,9.487880601835027,9.20918013826819,214.96479903263136,1.908364192236169,4.378639132161029,14.447634503968061,23.19084536202164,84.36581981764304,169.94284207195864,0.417948517177654,10.280908477961434,0.9170980891147655,7.32037831083174,0.8806845562784847,0.9406451724727032,8,81.75329949683555,14,70.5080543145294,11.24524518230615,6
8289871,1667,England,1817,Ireland,2022-03-12,8,2,0.5,-1.5,1.0666478686657979,242.3049395050328,13.246536165930628,2.586620282247841,6.5054007068349655,122.28845130399526,0.6613130203236878,5.587421335356755,17.010794919390502,13.246536165930628,141.13415113234035,119.10011008664613,0.5758328736908525,8.511793636561363,0.9845540801372293,5.992419752905118,0.9175709070610285,0.7619616312956113,4,86.91655745262143,5,86.00355488993446,0.9130025626869696,1
8289871,1817,Ireland,1667,England,2022-03-12,8,2,0.5,1.5,1.48035939398108,351.8601543908182,15.987365778253162,5.14620499014248,8.131070159995813,152.09138956874534,1.2804572133468317,6.168725642855689,13.815956400643223,15.987365778253162,123.37092097125742,119.86654632206098,0.5330696273942,11.907544486993686,0.752721855767247,3.9909106372275973,0.8430098038386388,1.6219132920139396,5,86.00355488993446,4,86.91655745262143,-0.9130025626869696,-1
8289889,1517,Wales,2873,Italy,2022-03-19,9,2,1.0,30.5,6.09761950993983,636.8605305411297,27.660522617745002,9.889964218023884,8.887650288701655,203.80605180132426,1.6668235045933641,3.7461415760630854,13.796790573483193,27.660522617745002,95.43665307664092,161.449006553924,0.4424256802467026,9.408490898500228,0.9391423140338779,6.969280053246497,0.8911388205401563,0.6905207358988429,8,81.27850649100631,14,70.33257883276,10.945927658246305,6
8289889,2873,Italy,1517,Wales,2022-03-19,9,2,0.0,-30.5,1.7056553073909473,414.70476163751,19.34600617973188,5.075902923019609,7.272705377706639,166.31445753131896,0.7373842066314799,5.545286652089807,11.547727928571799,19.34600617973188,120.64256624773174,159.54078251726963,0.48667682211312685,10.919146818266393,0.8232553291222637,5.861646575632952,0.8839428634446705,0.7997844161523956,14,70.33257883276,8,81.27850649100631,-10.945927658246305,-6
8289898,1817,Ireland,2117,Scotland,2022-03-19,9,2,1.0,9.0,2.8068765759315255,458.7239709626993,17.568916088351983,4.50950271571226,7.439492869922574,146.33737926747466,0.12753325859002562,5.4234496949391735,13.664957036116219,17.568916088351983,120.91868917748555,126.66845982598298,0.5157690459461775,11.303021039984829,0.7303587628623053,3.977581831237871,0.9222793298379848,0.8187160024588378,4,88.0905052743375,7,81.92877497860493,6.161730295732568,3
8289898,2117,Scotland,1817,Ireland,2022-03-19,9,2,0.0,-9.0,0.782191493981593,234.75650603061123,11.580693965995454,2.1634963378357237,5.837254054942284,108.07735116892374,0.4849523770234402,5.964131417197805,17.007916102749103,11.580693965995454,141.63174046823525,107.33938022730383,0.5742773480550436,10.242085061279912,0.9886732374494944,4.661028517304987,0.9395533078464503,0.8254423107086671,7,81.92877497860493,4,88.0905052743375,-6.161730295732568,-3
8289907,1967,France,1667,England,2022-03-19,9,2,0.0,-3.0,2.152646650148359,406.06166594631816,18.658923925024123,5.907650893283547,8.896554318992719,162.73975352199545,1.2056259814708017,4.789612934473335,11.730512996389697,18.658923925024123,106.19555487604913,124.43807233029214,0.5055687223724662,10.86493850769759,0.7386546782225051,4.79379197928405,0.850211293161121,1.1891564797032628,3,88.55490666129215,5,84.8296070682184,3.725299593073757,2
8289907,1667,England,1967,France,2022-03-19,9,2,1.0,3.0,1.4902975488291086,401.2898513273079,13.317474961635238,2.4824734419176417,4.939197881183057,153.78322230503036,0.7843280288977733,6.070696709394426,12.758013930916759,13.317474961635238,99.58777828729585,130.32189608411034,0.4753974979989055,9.371232965090542,0.8593053146574268,5.270438028558463,0.9122030899738099,0.6852997582980028,5,84.8296070682184,3,88.55490666129215,-3.725299593073757,-2
8380528,1517,Wales,1817,Ireland,2023-02-04,10,3,0.3333333333333333,-13.333333333333334,0.8300302330417869,274.12495353979347,13.649519154350466,2.786496610038565,5.653362346607951,117.06546625620307,0.5980757315221236,5.532736096303796,16.566904058499283,13.649519154350466,138.1984367511922,111.21830027680782,0.5601596841616662,10.188914300005957,0.9472336723058555,4.515842402544032,0.9418477847202483,0.6441448947670763,9,78.09406817448142,1,90.62804122667698,-12.533973052195563,-8
8380528,1817,Ireland,1517,Wales,2023-02-04,10,3,0.6666666666666666,13.333333333333334,1.5501672695957678,425.56675021089546,19.490110836465266,5.2795236422673675,7.212615949296365,158.31272681945327,0.5749048456893774,6.086171922587368,11.867729680653866,19.490110836465266,123.14512673304611,151.048490904162,0.4962228934742105,11.157308054513324,0.862200238595337,4.790404173597107,0.8940913505522512,0.8439010378831708,1,90.62804122667698,9,78.09406817448142,12.533973052195563,8
8380537,1667,England,2117,Scotland,2023-02-04,10,2,0.0,-4.0,3.0686633113749506,478.09287529682257,16.785849665386873,4.178298265177042,6.904236532085484,154.82045910739757,0.0995508095380247,5.111126391927163,13.738469802674217,16.785849665386873,118.52298732683495,133.10417971278227,0.5101149834429555,12.114186115971012,0.7171152683785192,3.9825006678782957,0.9217792153441714,0.8584920599455031,5,83.6559289025483,7,81.55200885402107,2.103920048527229,2
8380537,2117,Scotland,1667,England,2023-02-04,10,2,1.0,4.0,2.3388306770119978,383.855973444214,18.294418212412612,5.268769661363037,9.798180589827556,148.95431211528773,0.9407207914919555,5.05556424978102,11.350277433192707,18.294418212412612,110.10762212618775,119.72760929223773,0.5153313487771873,10.235442220023467,0.7587254548904282,4.839100869223764,0.8831234951637948,0.927870037629355,7,81.55200885402107,5,83.6559289025483,-2.103920048527229,-2
8380546,2873,Italy,1967,France,2023-02-05,10,3,0.0,-32.666666666666664,1.3826783366241684,442.27231016033346,14.345278704407697,2.3765716036298876,4.733046052933353,156.02578209230936,0.6121697858435088,5.835681183311076,12.591631573345428,14.345278704407697,99.23926451470416,130.25124061567786,0.46982280415606226,9.289748161948127,0.8177532227118447,5.430575244844215,0.9117195166662045,0.534877998514797,12,75.94782538536053,2,90.00591294387475,-14.058087558514217,-10
8380546,1967,France,2873,Italy,2023-02-05,10,3,1.0,32.666666666666664,5.418812961069714,589.557257397443,26.639224403444935,9.037524730994594,9.78882291701057,204.28682950832282,1.520697048323953,3.1443572445870953,12.964768984744305,26.639224403444935,95.99838012963073,164.41854592613407,0.4484682651313582,9.318974966615754,0.9524785535721185,7.195150095600708,0.8886978802293517,0.5392013126595919,2,90.00591294387475,12,75.94782538536053,14.058087558514217,10
8380555,1817,Ireland,1967,France,2023-02-11,11,3,0.0,-5.333333333333333,1.1050981673485134,410.15887657290017,13.369465195373964,2.8287826206481337,4.926684194222598,187.92299100740215,0.8934869292320048,5.229510145853613,12.887846347344865,13.369465195373964,105.59396559457205,157.63274099607943,0.440936871348407,15.60783034284398,0.9499480360787474,2.9421677076494697,0.8161752377408441,1.5976212328702906,1,90.69794526884765,2,90.00591294387475,0.6920323249728995,1
8380555,1967,France,1817,Ireland,2023-02-11,11,3,1.0,5.333333333333333,0.9530800410338843,400.7259442608538,16.07510361043631,5.11291607976651,8.80011566770067,160.4551407921646,0.16509811882337058,3.6991588906501818,9.640932878185968,16.07510361043631,147.46614316719123,155.2212815964849,0.5310860346912212,12.224003020923234,0.7465300368495196,5.590299999711107,0.983947147757251,1.6257177553395872,2,90.00591294387475,1,90.69794526884765,-0.6920323249728995,-1
8380564,2117,Scotland,1517,Wales,2023-02-11,11,3,0.3333333333333333,0.0,3.325303014620938,438.198790132856,30.003899223272338,5.076982300236003,5.609366220095183,153.01396392445602,1.6075212023422378,6.023732206559433,13.412761394432547,30.003899223272338,146.95159286872322,186.51849360700314,0.48446787128987756,13.941702166362818,0.7809005434532643,3.4930868477443906,0.8041754190358152,0.23241484169577845,5,83.06240085887379,9,78.02416413231076,5.038236726563028,4
8380564,1517,Wales,2117,Scotland,2023-02-11,11,3,0.6666666666666666,0.0,3.0189684166553805,540.2679354897804,20.559577537549167,2.6017605074118957,6.9735450952860765,191.1377725576189,0.02750116759423571,2.8594566805462107,12.4802567615746,20.559577537549167,110.18325493416005,201.06103775448767,0.45213197056556914,9.860301937195679,0.7119656112196745,4.718913188254751,0.9783913067291443,1.6846554908466254,9,78.02416413231076,5,83.06240085887379,-5.038236726563028,-4
8380573,1667,England,2873,Italy,2023-02-12,11,3,1.0,28.333333333333332,4.390124163936795,470.9725510329881,32.70107781718457,6.11017872212404,10.666968473050591,153.32643086163293,1.8682083767023971,2.3146583979279134,12.26527787939134,32.70107781718457,132.2512954965494,133.66362319693704,0.5365830044140063,7.63763737354023,0.8636773377630308,5.603589845356596,0.9041426587621952,0.8732964051115569,6,82.14553689769558,12,75.94782538536053,6.197711512335047,6
8380573,2873,Italy,1667,England,2023-02-12,11,3,0.0,-28.333333333333332,3.5415683320502396,394.0966834652162,19.529311857082693,5.798202904930943,5.600119603754424,130.88662303549705,1.707671501236631,5.015334024866093,8.924573582318715,19.529311857082693,159.98782149377254,112.68452113297081,0.5549131328048135,10.064974815112167,0.9334156424527233,2.783504564492408,0.8808619886473679,0.25606360718599885,12,75.94782538536053,6,82.14553689769558,-6.197711512335047,-6
8380582,2873,Italy,1817,Ireland,2023-02-25,12,3,0.0,-40.666666666666664,0.9734021622622767,515.6222834365003,25.571284173390925,5.064009509679631,10.186059704113449,168.05422577887992,0.09359029871357338,2.5300906433804187,9.363330000076802,25.571284173390925,158.52544810732326,152.09357724077339,0.5349468795773284,9.961366287473448,0.8563137500582237,4.901504227170453,0.8739567548403631,0.9215817323089576,13,75.82748211221079,1,91.32874203635036,-15.501259924139575,-12
8380582,1817,Ireland,2873,Italy,2023-02-25,12,3,1.0,40.666666666666664,4.221009062708463,399.02503441205965,27.628772273315825,5.195436388296964,8.210391732695209,142.3476648305923,1.0583578779446954,4.345709259602075,12.583772905558343,27.628772273315825,135.17679448062685,130.77500614710965,0.5293944302896952,10.395660841677481,0.7797200605441416,5.775429863554802,0.9456959012051231,0.49473074934072603,1,91.32874203635036,13,75.82748211221079,15.501259924139575,12
8380591,1517,Wales,1667,England,2023-02-25,12,3,0.3333333333333333,0.3333333333333333,2.870921184253549,394.4896642011429,28.434923324998888,5.885993139997416,7.514252877667909,160.5188106189639,0.9647624793868508,5.443705193387531,11.132597826267055,28.434923324998888,129.97521371272612,141.09950521018698,0.5223227650581923,8.73158168871738,0.8666733768656519,4.617857657202916,0.932692041098918,0.14466515390729856,9,77.72989964129522,6,82.26588017084532,-4.535980529550102,-3
8380591,1667,England,1517,Wales,2023-02-25,12,3,0.6666666666666666,-0.3333333333333333,4.051018440020599,439.8460114868393,29.135526861005285,7.210329356704022,4.9119613156635555,153.00791277880677,1.777598488017939,4.280082725207652,11.933870819736994,29.135526861005285,139.17242567067743,168.96015554269715,0.49119858466228944,15.26698902883036,0.8758453941939246,3.27941193545045,0.7980326240432832,0.5650412180208828,6,82.26588017084532,9,77.72989964129522,4.535980529550102,3
8380600,1967,France,2117,Scotland,2023-02-26,12,3,0.6666666666666666,7.333333333333333,2.144645935420001,444.0139023640799,15.553655487809701,1.9081116074924007,7.4180555649706,186.31451486934625,0.4486457407996381,2.9203195364344947,10.973117421496703,15.553655487809701,107.50557124602113,189.34214533441548,0.4728614153264198,10.353852816897389,0.5768676349405067,3.5414767779534113,0.9660963359211996,1.8212167126133714,2,89.37511617637205,5,83.35666534988934,6.018450826482706,3
8380600,2117,Scotland,1967,France,2023-02-26,12,3,0.3333333333333333,-7.333333333333333,2.354858086182493,530.9692666718055,17.52706952585774,4.1978309006009225,5.390046046145223,200.04413448933883,0.5077591164400045,4.698717535632294,12.50455363376139,17.52706952585774,118.72057412477766,196.6452480884349,0.44916662679214014,11.891738408646619,0.9715560013859554,2.103713246328125,0.8955343432446942,0.9079111502003513,5,83.35666534988934,2,89.37511617637205,-6.018450826482706,-3
8380609,2873,Italy,1517,Wales,2023-03-11,13,3,0.3333333333333333,-20.0,3.708865198238965,420.68901782291584,24.53378425058113,6.816313326869527,3.963988410376121,150.72652552232375,1.1989111290696537,4.839992284125476,10.978765396542062,24.53378425058113,133.58203744460477,168.32203774400566,0.49731928146733745,13.226805402383034,0.7697682278019815,4.165084336992523,0.8279720947733344,0.7066396444886702,13,75.82748211221079,10,76.88349769425022,-1.0560155820394357,-3
8380609,1517,Wales,2873,Italy,2023-03-11,13,3,0.6666666666666666,20.0,4.473348438973431,436.26899928207587,24.509713663861664,6.10392171026126,7.818308230509,156.1640818614681,1.039453947467773,4.233723285490077,14.014326121402494,24.509713663861664,125.07766174804895,144.7769251242663,0.5198726607158988,10.267493997595182,0.8122038497165306,6.1721061913920305,0.9406115109633211,0.6584031638113355,10,76.88349769425022,13,75.82748211221079,1.0560155820394357,3
8380618,1667,England,1967,France,2023-03-11,13,3,0.6666666666666666,-2.0,2.565437745383265,495.727204587559,17.355029671132645,3.8068489826286105,6.241956613977148,192.52233830247005,0.34202233914193647,4.470650350134449,10.707821777679042,17.355029671132645,109.6723493434985,182.72548622417122,0.44943864670332484,11.274259337983567,0.9351431994108841,3.375493484387187,0.9035201360622304,0.9379697128075338,6,83.1122821178903,2,89.47327109372377,-6.360988975833465,-4
8380618,1967,France,1667,England,2023-03-11,13,3,0.3333333333333333,2.0,2.263406746149004,382.3162426409117,24.072414650951913,4.948870552699001,7.347267731179917,163.5974862402894,0.9762045982295189,5.624341945862213,14.01196810351991,24.072414650951913,127.0608355115244,152.7569010980902,0.5118271083637348,7.844598672690497,0.828787889446482,5.066658726874846,0.889605067971658,0.09769034255287784,2,89.47327109372377,6,83.1122821178903,6.360988975833465,4
8380627,2117,Scotland,1817,Ireland,2023-03-12,13,3,0.0,-13.0,1.3074919126057183,503.7041504728958,26.03623675392178,5.368612556500833,7.84747218303425,173.89438928678857,0.3885667536406304,3.9847507314064106,10.22139183269624,26.03623675392178,150.86946949917308,145.87987970602083,0.5235739798457251,9.973939007674456,0.8379873460797054,4.608124179874969,0.8889407882319422,0.9471016959326866,5,83.2585104325376,1,91.32874203635036,-8.070231603812758,-4
8380627,1817,Ireland,2117,Scotland,2023-03-12,13,3,1.0,13.0,2.7515169890661677,427.981858055743,17.662201754510928,3.5736264182782804,6.300037704264095,159.39011411867799,0.6289891839197358,3.9276576847143456,12.944461139896879,17.662201754510928,111.59239612079271,167.96926705547938,0.4980928118837269,9.911018696360756,0.649852396216716,3.6914559523853487,0.9412058503579682,1.2255117060048992,1,91.32874203635036,5,83.2585104325376,8.070231603812758,4
8380636,2117,Scotland,2873,Italy,2023-03-18,14,3,1.0,21.333333333333332,4.08269897421837,411.53928587282303,21.457982407809034,5.546079540507595,7.0710507775943094,137.2953541704557,1.559280925112654,4.171752964035696,14.010527636597503,21.457982407809034,122.14048645526613,127.60171357288013,0.5278607432729541,10.992001506506782,0.8142709520087145,6.921905202606632,0.9033292157212706,0.48383153042694294,5,82.76553359291889,14,74.63308367041473,8.13244992250415,9
8380636,2873,Italy,2117,Scotland,2023-03-18,14,3,0.0,-21.333333333333332,2.8178719445422056,455.75888454730165,15.616085787233082,3.9545255193944704,7.021036203305315,163.02450090550562,1.262144410681311,3.6799357815754,13.22633245899491,15.616085787233082,113.83756442814843,168.77859461810692,0.49593170569702005,9.93478028239029,0.7113110607127895,4.574970250384738,0.8607717767586783,1.4323312228468053,14,74.63308367041473,5,82.76553359291889,-8.13244992250415,-9
8380645,1967,France,1517,Wales,2023-03-18,14,3,1.0,7.666666666666667,3.2541137114101377,448.18142787327605,27.31898180649389,7.663534189986873,5.836363560284753,159.04880807081415,0.8798651217649786,5.947025007340193,10.98441620358329,27.31898180649389,115.33145598866297,155.46290846140883,0.48472699880799197,13.432562645983454,0.7432185912490322,4.121153225412239,0.8418174040948642,1.3169329739905031,2,90.46912274734876,9,78.07789613604628,12.391226611302486,7
8380645,1517,Wales,1967,France,2023-03-18,14,3,0.0,-7.666666666666667,2.1503968055435294,471.9380354359648,17.791156903477123,3.062675512189408,5.117296329646636,178.86233823228994,0.2513427362626154,4.610995615752306,11.580669482764542,17.791156903477123,107.9033245766997,165.0347102125304,0.4601925858127348,11.466673304831842,0.8038670120027201,3.5410674728389107,0.8919817416249614,0.6892879416588926,9,78.07789613604628,2,90.46912274734876,-12.391226611302486,-7
8380654,1817,Ireland,1667,England,2023-03-18,14,3,0.6666666666666666,6.666666666666667,3.521515261386006,417.82460581851905,24.58440954084705,6.024909845250232,8.317486900315288,146.43944814281554,0.7169103646265949,5.19289294354723,14.80563312208678,24.58440954084705,120.40431069163016,143.52495930127128,0.5113418016321917,8.682719462490343,0.874264332673679,5.048953193086839,0.9189275781768451,0.0717423573163854,1,91.82171887596908,6,82.11643046426532,9.705288411703762,5
8380654,1667,England,1817,Ireland,2023-03-18,14,3,0.3333333333333333,-6.666666666666667,1.2252214106569068,495.22159770862095,25.758988103183228,4.467328865668441,8.423388285867253,181.1465871742315,0.8197111727297288,4.791490878572701,10.964817852281564,25.758988103183228,141.00491814697935,150.19287245052084,0.5199422155957729,8.91069817605442,0.7475576876906772,4.177865112723574,0.8597933116216112,1.4963615853856003,6,82.11643046426532,1,91.82171887596908,-9.705288411703762,-5
8428786,1967,France,1817,Ireland,2024-02-02,15,3,0.6666666666666666,-1.6666666666666667,1.1759257645943744,446.3636634560022,23.404099782492153,3.4895361151275073,7.455213090173099,169.2951784247272,0.6402957622386528,5.0560049748988956,12.942405773276064,23.404099782492153,137.2829432963165,148.6185225987034,0.522143626992309,8.492491484495291,0.7590360709347967,4.1389346415125114,0.859838550824743,1.168843385052916,4,87.81117023957685,2,90.57071554542748,-2.7595453058506223,-2
8428786,1817,Ireland,1967,France,2024-02-02,15,3,0.3333333333333333,1.6666666666666667,2.5547868718405247,448.77615438941285,18.274089788173526,3.486244621721974,7.496648437133669,176.4874387451667,0.19639013557229507,4.696046025054812,11.67235028012337,18.274089788173526,107.0499168354711,160.65439890285668,0.46015047959783806,10.271461063205821,0.8467487675365363,3.8600428201727417,0.8937348225266307,0.757220820585802,2,90.57071554542748,4,87.81117023957685,2.7595453058506223,2
8428795,2873,Italy,1667,England,2024-02-03,15,3,0.0,-24.333333333333332,3.6262793707429637,428.5915456139726,26.42700088810696,6.457355322114188,7.153224523332289,151.3790751176815,0.5599430263235297,4.9317093431027805,13.753440997025367,26.42700088810696,116.37469164145432,143.41001959848023,0.502290024892657,9.627986915881795,0.8295407100395731,5.257184644672204,0.9169728872516529,0.056034386798472904,11,75.93068631037083,5,85.45761900222307,-9.526932691852238,-6
8428795,1667,England,2873,Italy,2024-02-03,15,3,1.0,24.333333333333332,4.064617125061353,443.12512918769886,24.20025185395484,5.4266811081507695,8.58604193486469,149.9122785206137,1.436996054957192,4.790139549436944,14.226872400110972,24.20025185395484,122.32841616553375,142.5567660322711,0.5152096887482417,10.775103754464244,0.7674213378560502,6.064393982523125,0.8807366344970919,0.3780434135455031,5,85.45761900222307,11,75.93068631037083,9.526932691852238,6
8428804,1517,Wales,2117,Scotland,2024-02-03,15,3,0.6666666666666666,-8.0,2.420579096239988,444.884164229685,14.170151394046993,3.74591557658968,6.7978904626778,173.07236871170997,0.9863048778727557,3.531336962975604,12.302674626248587,14.170151394046993,121.30370711989885,169.04553070486529,0.5033772739731935,11.041775511029726,0.7481777439616875,5.104956413235657,0.819078926615036,1.3378459630624355,8,80.64169686544395,6,83.42593285818039,-2.7842359927364413,-2
8428804,2117,Scotland,1517,Wales,2024-02-03,15,3,0.3333333333333333,8.0,3.6369351735016084,445.2911288177879,25.275603458384364,7.518040677368921,5.8722442138603235,150.26728354605658,0.90620716364633,5.739370304787954,11.426374388921547,25.275603458384364,117.67075359555692,151.41453620609644,0.4968467406656353,12.241361598910302,0.7359347321834772,4.3138584487712,0.8611532511749689,1.028168344888162,6,83.42593285818039,8,80.64169686544395,2.7842359927364413,2
8428813,2117,Scotland,1967,France,2024-02-10,16,3,0.3333333333333333,-3.3333333333333335,4.318990525531238,411.4200320555648,19.519321570459212,5.299901015011852,4.2523489890421775,178.30023358699512,1.4976816573673823,4.915346627925264,12.63023998701809,19.519321570459212,96.91300307129299,147.1953845033244,0.44561205375645363,8.632618272458894,0.9573184275514708,2.5180353274189597,0.8116759675570525,0.21089145446887597,6,84.44750925890675,4,86.27510203545444,-1.8275927765476894,-2
8428813,1967,France,2117,Scotland,2024-02-10,16,3,0.6666666666666666,3.3333333333333335,3.562432934071019,451.47452404738254,17.661925596681126,5.375522316337698,5.498092467145895,187.47919479033527,1.7191631443652617,3.1472030383765124,6.300195576063244,17.661925596681126,121.08413984710441,163.22895572420785,0.472017358042598,14.626359992646016,0.5253784009625961,4.306120132111664,0.711301231581455,2.539512321678571,4,86.27510203545444,6,84.44750925890675,1.8275927765476894,2
8428822,1667,England,1517,Wales,2024-02-10,16,3,0.6666666666666666,0.3333333333333333,3.1760376675755317,402.38702407911126,16.39276066199326,5.695942108625309,8.859160977217414,139.94322597114387,2.4213125249910132,4.480731327525343,11.117842374015954,16.39276066199326,133.82858944004047,154.00904093585328,0.5280731989101174,6.2777672420615005,0.7461126076196518,3.3631273424178447,0.7445399212342033,1.7314028413575684,5,85.80492573303783,8,79.62012046471759,6.184805268320247,3
8428822,1517,Wales,1667,England,2024-02-10,16,3,0.3333333333333333,-0.3333333333333333,3.1732760449938606,363.06444482635305,21.05486784361167,6.126538929868991,8.48904280495618,146.04160796576713,0.8782470962117618,5.704430341188714,11.038484487060165,21.05486784361167,118.27364197112469,119.96705252727067,0.5440330741990883,8.450423800086378,0.5911757812370311,2.9011826022210956,0.9191624726132016,1.4621526928788573,8,79.62012046471759,5,85.80492573303783,-6.184805268320247,-3
8428831,1817,Ireland,2873,Italy,2024-02-11,16,3,1.0,27.0,2.5718012464204763,368.5607809268978,24.778507607449253,4.3951231567261715,5.270116605476804,149.97570530117085,1.8440745484441547,2.7727366264133364,11.89369095994903,24.778507607449253,104.73782006263019,156.61514424043054,0.4608295248775788,10.937714382026735,0.8343600913877542,6.017834086050026,0.8223602273161712,0.8277474563989496,2,92.10678374954988,11,75.58337957955605,16.523404169993825,9
8428831,2873,Italy,1817,Ireland,2024-02-11,16,3,0.0,-27.0,1.770671207871506,354.4435970043989,20.947315251300804,4.579658186861017,7.126679689335382,130.83133238402885,0.17818571125076757,2.850445141374031,8.653691718261294,20.947315251300804,119.03590356121684,122.91215647088094,0.5494650798153564,11.023907487114709,0.6659090055447712,4.760377075120633,0.9609949511083554,1.7687002767637778,11,75.58337957955605,2,92.10678374954988,-16.523404169993825,-9
8428840,1817,Ireland,1517,Wales,2024-02-24,17,3,0.6666666666666666,13.666666666666666,2.6668015687591993,351.9902759740319,18.38774147892276,5.394592199375397,5.456065492819837,123.51342877775521,1.372859930114961,5.571599916187108,11.932835493062429,18.38774147892276,127.40766156877372,131.4886048651678,0.5462279240618003,5.724481217742121,0.6698540831444202,3.638899587246132,0.8031954932094242,0.9816880552401299,2,92.10678374954988,8,79.53860099154961,12.568182758000262,6
8428840,1517,Wales,1817,Ireland,2024-02-24,17,3,0.3333333333333333,-13.666666666666666,0.998397477874293,306.2739039333599,19.225703774791057,3.018399401044226,5.762986319580882,116.07588307483931,0.10047046787407483,3.3518205602326625,10.98547043590166,19.225703774791057,142.1360591016007,108.99375084003141,0.5845901797941301,11.013480297602134,0.811621940447331,6.173330348918161,0.9780069036732157,1.8695810609640726,8,79.53860099154961,2,92.10678374954988,-12.568182758000262,-6
8428849,2117,Scotland,1667,England,2024-02-24,17,3,1.0,4.666666666666667,2.2324417620591586,314.9834670101926,22.76275745661697,5.205937640481626,6.978599116456084,145.59068481413667,0.49804460011964136,4.966564343190765,11.02182414385583,22.76275745661697,98.2412908747396,132.5357238563946,0.49466694519671306,7.82251993161598,0.6123123041170939,4.675604188564257,0.9195250471145918,0.8291712621422896,6,83.33026853656152,5,85.88644520620582,-2.5561766696443016,-1
8428849,1667,England,2117,Scotland,2024-02-24,17,3,0.0,-4.666666666666667,2.886233996375846,404.0954940415033,17.37545353407375,4.347429761610665,4.416953279848409,155.24564972136827,1.4079194783845201,3.516281535728042,8.766990542099906,17.37545353407375,122.34608299670143,141.49057210363873,0.5100950045961656,10.892993051893704,0.6225914610180618,5.039207448867666,0.7756559613420543,1.8732331017601556,5,85.88644520620582,6,83.33026853656152,2.5561766696443016,1
8428858,1967,France,2873,Italy,2024-02-25,17,3,1.0,28.333333333333332,4.06206695951725,472.21223709500697,29.221872985081678,7.701024601332049,8.630359408513225,195.19590718032757,1.911856602798553,5.04507027417775,13.244028612291082,29.221872985081678,91.81054926909594,179.38726453902558,0.42134519611146193,10.095374274909618,0.8194234818809176,5.140665295874582,0.7430867622295679,0.46791894526423006,4,87.39234275779967,11,75.58337957955605,11.808963178243616,7
8428858,2873,Italy,1967,France,2024-02-25,17,3,0.0,-28.333333333333332,2.877953659368922,409.50094578740845,17.991305118498946,4.3013316832642925,5.445322084831485,163.40778338666578,1.2815986012808127,5.386280631545774,13.659140647142038,17.991305118498946,93.91152048042841,151.45234525104885,0.44317541638261243,8.792127800813573,0.975849881296511,3.1614736593791353,0.8066065045476231,0.5535060225933404,11,75.58337957955605,4,87.39234275779967,-11.808963178243616,-7
8428867,2873,Italy,2117,Scotland,2024-03-09,18,3,0.0,-11.666666666666666,2.5979749351131405,403.4139075217404,18.879647041076517,4.234423741365258,3.630807988182741,152.88890850464534,1.2752383959720297,3.348354293662371,10.469094501191778,18.879647041076517,110.52404975485962,144.2583735052084,0.5035588446376801,10.60253552046785,0.6087380378577221,5.6769805679667975,0.8095952084877289,1.5892027494984813,10,76.58337957955605,6,84.28588620352595,-7.702506623969896,-4
8428867,2117,Scotland,2873,Italy,2024-03-09,18,3,1.0,11.666666666666666,3.0631096707786964,463.00838223151936,30.45443503197033,6.493616157891534,10.055894635450828,193.82705009259118,1.6143759102817572,4.704130451033435,12.51194509876156,30.45443503197033,99.04955280291685,179.2609248021602,0.4404805202695016,10.716732258112554,0.7478395846496525,5.421011440325783,0.8040646388407092,0.641503081357646,6,84.28588620352595,10,76.58337957955605,7.702506623969896,4
8428876,1667,England,1817,Ireland,2024-03-09,18,3,0.0,-16.333333333333332,0.6736479948547653,300.32993774091494,17.85120599543083,2.3618731411706344,4.8642677242731995,124.18296894548621,0.06779036478496828,3.887925100608163,10.664925741346265,17.85120599543083,147.62140557912514,135.34271317120735,0.5765917139000621,11.659637024415337,0.8728958106319807,5.1411388489401295,0.9396227111948798,1.2614610521837342,5,84.93082753924138,2,92.10678374954988,-7.175956210308499,-3
8428876,1817,Ireland,1667,England,2024-03-09,18,3,1.0,16.333333333333332,2.4821485414008144,309.45830078886763,21.863960163469898,4.8136145705092455,6.985561383865464,129.45753741478634,0.6613438262650557,5.628094170845945,14.593312013542885,21.863960163469898,99.13877113976453,123.25230619745686,0.49965518914113277,6.904280341559259,0.7384372561324865,4.130486300832046,0.9229328233841659,0.8847463206080638,2,92.10678374954988,5,84.93082753924138,7.175956210308499,3
8428885,1517,Wales,1967,France,2024-03-10,18,3,0.0,-6.333333333333333,2.2626173926615456,421.46034193410225,16.02817503489463,4.20259638588597,8.248375048860844,166.87846275859192,1.1893291082836404,5.587373871044313,15.081480423825887,16.02817503489463,107.04703913525924,139.83591709055193,0.46834800370319507,9.843229404558727,0.9182303501019591,3.4362278661186303,0.8503146413726266,0.6998056587925999,8,79.53860099154961,4,86.39234275779967,-6.853741766250053,-4
8428885,1967,France,1517,Wales,2024-03-10,18,3,1.0,6.333333333333333,3.1005930894875027,408.28358500242604,23.142227905398546,7.543837073746243,6.934555276313644,165.3199474606413,0.9261634872776711,4.734861579111991,10.327806444200903,23.142227905398546,126.29888836637053,151.1775945172933,0.5116638474451696,7.766387937795095,0.6568864986278677,4.081769758765091,0.8119170514490586,0.6622697718214402,4,86.39234275779967,8,79.53860099154961,6.853741766250053,4
8428894,1517,Wales,2873,Italy,2024-03-16,19,3,0.6666666666666666,17.333333333333332,3.3114090600493524,521.8417177841791,31.92414856382734,6.362795519962157,12.426306443880737,205.5339875453548,1.1865258833641075,4.782543287649267,12.111241800921691,31.92414856382734,97.18124484733113,188.20262427849408,0.43240241941658797,9.20165510976266,0.7272101462546013,4.514357774654125,0.7897361562140989,0.4714887068376984,8,78.61666225648712,9,78.05363024195304,0.5630320145340733,1
8428894,2873,Italy,1517,Wales,2024-03-16,19,3,0.3333333333333333,-17.333333333333332,3.608720237283643,439.7749446844675,23.906735802808182,6.595793863747059,8.02213836371656,167.37450626536625,0.6783972984854283,5.875866494260371,11.310187432358987,23.906735802808182,116.58825158196628,157.81805582632572,0.4924924175630984,7.561364719872763,0.6336427226442058,4.059894807132914,0.8381560888131895,0.7526189732585392,9,78.05363024195304,8,78.61666225648712,-0.5630320145340733,-1
8428903,1817,Ireland,2117,Scotland,2024-03-16,19,3,1.0,19.333333333333332,2.7048911696903177,387.3471791695267,17.847877409406607,4.438024307608424,3.1971040611304584,145.20607082080468,0.9360961399439413,2.989767288658292,11.674062542908112,17.847877409406607,128.20294321427707,140.466441758861,0.5265473686155095,10.974183094603507,0.7127918876775163,5.496941511871382,0.8602322585922382,1.1665634943965844,2,90.68918812851904,6,82.81563554112896,7.87355258739008,4
8428903,2117,Scotland,1817,Ireland,2024-03-16,19,3,0.0,-19.333333333333332,1.2923387273756672,365.6656179996898,19.752419822721688,3.861326718539782,5.964161130567922,134.50631525089813,0.3157104821182969,3.6517824060787234,10.22214058921615,19.752419822721688,132.8289545289485,138.17700676917016,0.5482437659508133,10.686360621537181,0.80031947282568,4.571705349646015,0.9157876506722105,1.1919257756892634,6,82.81563554112896,2,90.68918812851904,-7.87355258739008,-4
8428912,1967,France,1667,England,2024-03-16,19,3,0.6666666666666666,17.333333333333332,2.3539056328371113,293.1114894397169,20.836215708414645,4.065243300835814,6.723419642094839,126.41003691052126,0.7514203255045714,4.929068017060656,13.90353729294809,20.836215708414645,102.55962852107704,122.12126862699994,0.5077263673573944,7.727686530744933,0.8080082786808834,3.8297971171856253,0.9248125662574197,0.9154017427419728,4,87.31428149286216,5,86.34842316027223,0.9658583325899315,1
8428912,1667,England,1967,France,2024-03-16,19,3,0.3333333333333333,-17.333333333333332,2.459780211192155,405.2943362453072,15.218495610750292,4.415807739802614,7.112436134011911,165.5740497469366,1.1387059172189293,5.162938708942247,13.990166123582762,15.218495610750292,115.59068494652927,133.7300044578202,0.49285409556649407,8.013473204959277,0.8919653250001922,4.923880252628763,0.8582519712171566,0.5126902390117682,5,86.34842316027223,4,87.31428149286216,-0.9658583325899315,-1
8476108,1967,France,1517,Wales,2025-01-31,20,3,1.0,12.666666666666666,3.256644887137251,411.15428499916203,22.176312630542284,6.246547506102621,7.579584676661505,151.7538882719382,0.5299271289263495,5.903033646438413,12.555427409822112,22.176312630542284,127.18337115618039,146.91515982106236,0.5182094578989526,8.75163346653969,0.670050729031531,4.046786570719553,0.8735763255824938,0.5879050706198551,4,88.512701166648,11,74.00604074918199,14.506660417466009,7
8476108,1517,Wales,1967,France,2025-01-31,20,3,0.0,-12.666666666666666,2.7967292090940106,380.7280604820299,15.826996503562954,4.981143283980506,5.994004696687053,147.07205313722602,1.10836166365876,4.689759468033178,13.992317449535305,15.826996503562954,117.64913095614962,121.31936131978748,0.5141063969503603,7.354225230096517,0.8434066748833386,4.284232243774882,0.8761357281841747,0.619297449765676,11,74.00604074918199,4,88.512701166648,-14.506660417466009,-7
8476117,2117,Scotland,2873,Italy,2025-02-01,20,3,0.6666666666666666,7.333333333333333,3.243344398038174,503.0792980057911,31.066447616924147,6.064929374250555,10.803139031814828,212.63008219406524,0.9271869829291142,4.6115028420870114,12.305497634134579,31.066447616924147,94.08165090077607,194.0597252921313,0.42313452481651137,9.157579362940627,0.7321913233989622,4.839074518353482,0.835693513582541,0.36843544477811035,6,83.34401327622288,10,78.64273318866208,4.701280087560804,4
8476117,2873,Italy,2117,Scotland,2025-02-01,20,3,0.3333333333333333,-7.333333333333333,2.5504059072683916,409.18727710101905,18.319540607170936,4.342026084027613,3.8113919587187404,160.94056213869396,0.7309395653553777,3.868657363358461,12.183819330744862,18.319540607170936,120.48780057336275,162.06124001535775,0.5031962487424032,11.418164903010105,0.7494375291920242,5.826354611309222,0.8360735513644754,0.9108972648949859,10,78.64273318866208,6,83.34401327622288,-4.701280087560804,-4
8476126,1817,Ireland,1667,England,2025-02-01,20,3,0.6666666666666666,10.333333333333334,2.4955206578053475,332.32139773959574,24.15990927425627,4.70850172305799,7.44160112266204,130.70388816978155,0.8059055812186043,4.287056475942961,13.92468059547779,24.15990927425627,94.10788674261705,125.16329621585732,0.48630608781813117,8.225746481487526,0.850090231086215,3.6479169686481487,0.9127984034142997,0.9339445205817993,2,90.77937580475005,7,82.30584328966756,8.473532515082482,5
8476126,1667,England,1817,Ireland,2025-02-01,20,3,0.3333333333333333,-10.333333333333334,1.228268345041764,364.42391350621875,20.902505106680607,3.8917190317389694,5.533685990545973,133.95701896772735,0.24651783194250676,4.385594115890161,12.584268862089845,20.902505106680607,137.03057442412066,133.75491548602227,0.5552036172003595,9.220945193037577,0.8177826460646649,5.103902257199844,0.9057526056712454,0.9306975051566683,7,82.30584328966756,2,90.77937580475005,-8.473532515082482,-5
8476135,2873,Italy,1517,Wales,2025-02-08,21,3,0.6666666666666666,-2.6666666666666665,5.958198731448932,421.86833622402634,24.93584171633737,7.512002207268732,11.491461432412935,147.60134636444417,0.14748233563470045,5.2513204251371075,12.876272414866843,24.93584171633737,149.4235219331338,176.56580865930673,0.5050678163750936,11.095957430367932,0.9081728666694481,7.621486907214043,0.8782122475813416,0.16361799238730854,10,78.41286119741817,11,74.00604074918199,4.406820448236175,1
8476135,1517,Wales,2873,Italy,2025-02-08,21,3,0.3333333333333333,2.6666666666666665,4.513366176908623,528.3261659841017,30.295430407856216,7.463941130231433,13.114396314734574,203.4988219530295,0.2568520236519072,4.892377392014579,11.361652736043514,30.295430407856216,94.74559627249147,204.13822472176213,0.42809810617849686,7.597698884652332,0.925810864687501,4.955419956946025,0.9038749439694438,0.1020650541030979,11,74.00604074918199,10,78.41286119741817,-4.406820448236175,-1
8476144,1667,England,1967,France,2025-02-08,21,3,0.0,-19.0,0.7785734116606344,398.9646173445011,12.343773692366305,4.994750532988221,5.276718112497218,209.07876567799138,0.3085536200725717,7.800084518322576,14.71947414907561,12.343773692366305,133.77780576379507,168.71535564793982,0.5039270393301463,4.212160255455429,0.8337322457136732,4.800739470196545,0.915004880079953,0.17240443827344634,7,82.30584328966756,4,88.512701166648,-6.206857876980436,-3
8476144,1967,France,1667,England,2025-02-08,21,3,1.0,19.0,3.584072725911182,429.7668507335248,24.767749123735943,8.537116201965496,8.56916617010592,186.63077266032172,0.222800075858968,4.80290014743057,15.42625869390311,24.767749123735943,103.43585566514624,143.1336627811581,0.4889787837018174,10.233031872738794,0.9585560533834648,3.1791226579506255,0.9252444590116945,0.25819762870862817,4,88.512701166648,7,82.30584328966756,6.206857876980436,3
8476153,2117,Scotland,1817,Ireland,2025-02-09,21,3,0.0,-13.666666666666666,2.510153731489514,413.3166436819684,28.93177776211555,7.587668531065004,3.7005105003192464,131.81755310021262,0.06815695805874085,3.383087419271109,14.33210151756431,28.93177776211555,126.87915659094334,144.78505709857342,0.5224978425185356,8.337565480185186,0.9496207619064172,5.02872677294935,0.9739425920965074,0.2573181433752501,6,83.5738852674668,2,90.77937580475005,-7.205490537283239,-4
8476153,1817,Ireland,2117,Scotland,2025-02-09,21,3,1.0,13.666666666666666,1.42865865764308,387.3462257331186,16.64131022615253,4.094563908309991,4.67137178396264,147.96023476670328,0.20209131778624795,4.687204612880004,12.774341088074447,16.64131022615253,152.69319726820393,140.31137880193785,0.5515299940452004,8.94505959507632,0.9307240949684492,5.228471819386367,0.95467735830025,0.25184630488707516,2,90.77937580475005,6,83.5738852674668,7.205490537283239,4
8476162,1517,Wales,1817,Ireland,2025-02-22,22,3,0.0,-23.333333333333332,2.2883036436743023,380.56376355305935,27.221969153544862,6.027502389880946,6.005094664483366,157.55416979318846,0.4733866916158533,4.0862327181928295,14.622549921317777,27.221969153544862,106.92772961838996,157.92460175394928,0.47792469924814424,9.495375950959541,0.9236935355663697,6.320841650595253,0.8113265182078794,0.5802875248397312,12,73.7467227940056,2,91.35882675102172,-17.612103957016117,-10
8476162,1817,Ireland,1517,Wales,2025-02-22,22,3,1.0,23.333333333333332,3.805113394608357,337.68149850127764,20.621227424472693,4.684181616494137,6.501323188848237,110.42917686222737,0.5176859886064927,6.010680135265072,12.061505834668127,20.621227424472693,132.73820411009714,139.40907131622288,0.5202370293131617,12.357030617002469,0.9480485685133591,4.746122860674868,0.9050434237673903,0.5268147769707939,2,91.35882675102172,12,73.7467227940056,17.612103957016117,10
8476171,1667,England,2117,Scotland,2025-02-22,22,3,0.0,-6.0,2.5468531162031183,332.40227599471075,15.057820376045893,4.923177380885783,3.509677272084786,147.5426592479042,0.5490763921484655,6.127833821923635,15.046813723809379,15.057820376045893,143.25951665405378,121.91150767981193,0.5639106929315831,8.968951427453733,0.8869223938944264,5.129116701430385,0.9439459610918394,0.5771945199395618,6,83.62652907736562,7,82.99443432119513,0.6320947561704884,1
8476171,2117,Scotland,1667,England,2025-02-22,22,3,1.0,6.0,3.3311786176726277,506.0729734963854,24.435326085671228,8.737537451116259,8.755710297877146,170.33725256928602,0.5593151586889217,4.8882412175374395,13.509759779351851,24.435326085671228,99.78326566903209,134.8490941448989,0.4937507933228538,8.400197067909295,0.9332022228664201,5.699469045101451,0.8580261019834817,0.1464022029596996,7,82.99443432119513,6,83.62652907736562,-0.6320947561704884,-1
8476180,2873,Italy,1967,France,2025-02-23,22,3,0.0,-19.333333333333332,2.177381741869611,432.41493260836586,20.010462894153907,6.299690401563403,5.156561532712996,169.09631041051594,0.17457342147486257,8.321111996456832,16.578164717912852,20.010462894153907,134.30850712601926,142.3515249279235,0.5022218397307048,5.856916590224779,0.9059290546003677,4.88726240695377,0.9519114736374865,0.5317631056344939,10,78.67217915259454,4,87.19201537894996,-8.519836226355423,-6
8476180,1967,France,2873,Italy,2025-02-23,22,3,0.6666666666666666,19.333333333333332,2.9928071965588856,401.37676378682437,25.839644026658103,5.099187689989107,8.736960154431394,172.55465891085947,0.5784809892267688,3.207785151889535,10.772339470174215,25.839644026658103,85.76705514513222,178.54363703727012,0.441905010639316,9.070189725145324,0.8627049973884016,5.840299126655875,0.9108537493433486,0.4906846789879597,4,87.19201537894996,10,78.67217915259454,8.519836226355423,6
8476189,1817,Ireland,1967,France,2025-03-08,23,3,0.6666666666666666,9.333333333333334,2.4469405195482166,409.66877519984894,19.351666526628577,7.1845384431844295,4.77757491287214,154.3189745175569,0.11736851793322847,6.905153067190475,14.422605899221942,19.351666526628577,145.02098374868413,124.86908795947343,0.5408158492918126,5.903802723207963,0.9367545909975631,4.924204703674776,0.9676693105910519,0.35751288525257174,2,91.35882675102172,4,87.86403994499665,3.4947868060250755,2
8476189,1967,France,1817,Ireland,2025-03-08,23,3,0.3333333333333333,-9.333333333333334,2.1947125398221736,372.5897063528297,28.773046259127472,6.343201226234959,8.275828753545802,187.56456850100466,0.6443395113817139,3.733612411906263,12.797319248221239,28.773046259127472,106.62656367419704,162.81848080756353,0.46236705506698983,9.983817317282474,0.841337802107,5.5674341349046435,0.8303735058136825,0.3919106132294012,4,87.86403994499665,2,91.35882675102172,-3.4947868060250755,-2
8476198,2117,Scotland,1517,Wales,2025-03-08,23,3,0.6666666666666666,8.666666666666666,3.2166404934837796,300.29495296350944,17.810678940988115,3.8091295850142703,6.663893468731235,126.91543146154005,0.3489186543787701,5.355191800866163,12.041454730360027,17.810678940988115,136.73558988202763,136.66768642151115,0.5364599213575778,12.240637462087497,0.8834840840744674,4.176881067549608,0.9196994154182482,0.6810747153198147,7,82.35764379681218,12,73.7467227940056,8.610921002806577,5
8476198,1517,Wales,2117,Scotland,2025-03-08,23,3,0.3333333333333333,-8.666666666666666,2.0447037902906473,329.35004918446515,13.415918461886186,3.9742368926399463,3.3442225848042675,132.75831068756324,0.3708317111870451,5.7617092122319455,16.005495891074936,13.415918461886186,148.69391914486658,110.57831135730882,0.56913370642535,10.277536129014202,0.8165036626468354,4.11332287726848,0.9361724704516238,0.3898219529698841,12,73.7467227940056,7,82.35764379681218,-8.610921002806577,-5
8476207,1667,England,2873,Italy,2025-03-09,23,3,1.0,17.666666666666668,5.61082991437075,492.14814362498544,28.18078593069379,8.336346103517059,15.035181911766976,196.2413058327983,0.3893414981722871,3.7937656949753107,10.84677509994659,28.18078593069379,86.17017740271865,174.76934250588832,0.42166461825979623,8.720281701000431,0.907594816417704,5.238597002150532,0.9400009067999,0.3302509703952767,6,84.26331960174856,10,78.00015458654785,6.263165015200713,4
8476207,2873,Italy,1667,England,2025-03-09,23,3,0.0,-17.666666666666668,3.223425237727485,510.60431730383334,27.872683636974568,8.82293314166533,9.160556546638315,196.58195318553354,0.3773345126350733,3.9485134190653333,12.367812628058038,28.198046973238196,93.02115301250247,154.0946302169304,0.46975498915524083,8.920714287258662,0.9549357704895959,5.471887462974109,0.9042192031044882,0.09876829376838683,10,78.00015458654785,6,84.26331960174856,-6.263165015200713,-4
8476216,2873,Italy,1817,Ireland,2025-03-15,24,3,0.0,-22.0,2.939690962490972,398.9893266447253,26.177694199794324,6.252059939715142,8.202579051809272,172.54315496709592,0.7387895075327925,3.538792656273257,12.851143602733517,26.177694199794324,116.02041267272405,145.33957758979238,0.49360592345893867,8.925865865475958,0.8834724908336944,5.151182814484,0.8621417856115295,0.287833952774685,10,77.88962933882796,3,89.70934807041921,-11.819718731591252,-7
8476216,1817,Ireland,2873,Italy,2025-03-15,24,3,1.0,22.0,5.981683694997185,515.601134305365,30.2682085790271,8.78047626694851,13.957947033925258,193.2403192650643,0.8193239753938241,4.382743489293081,12.489444158858758,30.2682085790271,85.32386471054595,167.3560201486377,0.42122023064928593,9.328876831786232,0.9322633663925989,4.907940313187906,0.8999565638071997,0.2420869491615769,3,89.70934807041921,10,77.88962933882796,11.819718731591252,7
8476225,1517,Wales,1667,England,2025-03-15,24,3,0.3333333333333333,2.3333333333333335,3.1636565550745246,456.67296834361997,26.034165967929713,7.800256920877882,7.512540624414012,176.63046902499656,0.2763934239331637,3.962286639799347,12.53692963021558,26.27249107077869,106.65854938992506,138.8211952669088,0.4992467293645074,10.279478493828908,0.9669909423224788,5.613163314133996,0.9298416086667374,0.6073684664941986,12,73.7467227940056,6,84.37384484946845,-10.627122055462848,-6
8476225,1667,England,1517,Wales,2025-03-15,24,3,0.6666666666666666,-2.3333333333333335,3.691706577193545,369.4773355198467,21.856936155727336,5.191916661922549,9.150922893085093,151.44568191627175,0.2559708118022538,4.4614080051096074,10.4320819548905,21.856936155727336,127.48243560196919,165.25975755519391,0.5134280110292802,11.910146174007906,0.9145225593041368,4.396150309807136,0.941090550574939,1.0324209623380707,6,84.37384484946845,12,73.7467227940056,10.627122055462848,6
8476234,1967,France,2117,Scotland,2025-03-15,24,3,0.6666666666666666,1.0,2.563956078222264,367.2324492865497,14.367714169133889,3.7155166368655657,2.7216862475801897,146.10059202349962,0.8034768302186575,5.559428223179745,15.20735052053708,14.367714169133889,155.41425150032273,117.86046865703703,0.5640525219026983,10.469395048442614,0.8652333090935319,3.5521047182443795,0.8893877644319824,0.28630007226431486,4,89.51351862559916,7,82.35764379681218,7.155874828786978,3
8476234,2117,Scotland,1967,France,2025-03-15,24,3,0.3333333333333333,-1.0,2.593992605074371,427.3054766526447,19.789939232312665,6.337806697213914,5.900268650140496,172.04868390470264,0.08616159363803985,6.132706644331787,12.714909665135758,19.789939232312665,131.9868741283244,143.78197044435987,0.508692319669896,7.790599072860747,0.9535708099079878,4.412581045359635,0.9762656650016127,0.5283427389784553,7,82.35764379681218,4,89.51351862559916,-7.155874828786978,-3
8523943,1967,France,1817,Ireland,2026-02-05,25,3,0.3333333333333333,-6.333333333333333,2.7339775737694536,378.4135590152416,26.576626100185763,6.1968799854222,7.063651245158637,164.98110558165013,0.5770566621475391,4.515422332517661,14.6350586669404,26.576626100185763,117.11052402253763,143.9517426088087,0.5059514892376389,7.8475150033067935,0.9089822272754864,4.68025447294294,0.8923211547626106,0.4437384966672583,5,87.23511637973905,4,87.96792936230135,-0.7328129825622938,-1
8523943,1817,Ireland,1967,France,2026-02-05,25,3,0.6666666666666666,6.333333333333333,2.244707480300005,439.2904653853648,22.027228375212513,6.263784487819491,7.675129879840194,182.99431289912056,0.06728135361131976,5.8845012383978474,11.900876600125459,22.027228375212513,122.12908313663574,150.84177639170358,0.4958313100680101,8.493862061483267,0.9637446497381323,3.88392196076031,0.9814664734212739,0.6316950787209347,4,87.96792936230135,5,87.23511637973905,0.7328129825622938,1
8523952,2873,Italy,2117,Scotland,2026-02-07,25,3,0.3333333333333333,-7.333333333333333,2.878328810435113,359.9573404114643,14.725047359727707,4.215626184820275,3.2204451701482846,138.63543296956746,0.8464988610147687,4.78021307615882,14.943042391709113,14.725047359727707,151.82091217892,119.42342501301533,0.5609762025519898,10.80446868599817,0.8947358696970427,3.869071900640949,0.9004675834665012,0.22362445727403785,10,78.98464454738225,9,80.22148014738157,-1.2368355999993241,-1
8523952,2117,Scotland,2873,Italy,2026-02-07,25,3,0.6666666666666666,7.333333333333333,5.5486908756981785,471.1148071594574,28.68012359259306,7.735954428451491,11.126668746320199,192.53231779260372,0.8588012247002912,4.0806175731805165,12.60099930442685,28.68012359259306,87.43807552505498,167.27823065666425,0.42750853664958255,9.475515527676686,0.9470636476027312,5.583547446966878,0.9087059522062222,0.18919156989515198,9,80.22148014738157,10,78.98464454738225,1.2368355999993241,1
8523961,1667,England,1517,Wales,2026-02-07,25,3,1.0,19.333333333333332,5.07604592342074,375.51711598014367,21.888331161535593,5.588696066176207,8.459460678905911,150.47008804562907,0.4192461718607898,4.799048202475284,11.653947760711622,21.888331161535593,125.1820911069532,157.74153872846728,0.5104812673121601,11.490969333538732,0.8893908676960407,4.309216106825478,0.9320733311613055,0.8058587426944419,3,89.40925368207189,11,74.23480100982037,15.174452672251519,8
8523961,1517,Wales,1667,England,2026-02-07,25,3,0.0,-19.333333333333332,2.9089912306383936,419.1024738626762,25.807839556932304,7.187422889951795,6.962673079316589,181.08832490329632,0.2159049398774501,3.970540179101122,12.857121433174292,25.994007397938308,107.17097401956823,137.9849296796636,0.4994115820523038,9.999465628934143,0.9742149487065949,5.69782221944438,0.9167453195430805,0.6932955696657237,11,74.23480100982037,3,89.40925368207189,-15.174452672251519,-8
8523970,1817,Ireland,2873,Italy,2026-02-14,26,3,1.0,19.0,2.9454460995498635,336.7856469506303,22.312568009354514,2.0610214292717153,7.365852687560172,170.1344534585743,0.9623816680448214,4.755057129550583,15.828013429394996,22.312568009354514,77.58018676059524,208.88812425098223,0.39999306530698986,12.794581904519816,0.9858966391687899,5.889048255904993,0.9316626056024297,3.7182991629189526,5,86.808007414917,9,79.80832810738218,6.999679307534819,4
8523970,2873,Italy,1817,Ireland,2026-02-14,26,3,0.0,-19.0,4.390290907006979,535.2621317481585,32.73355832627832,11.169513202695512,16.51927122403807,183.26827164333267,0.8862004206470158,6.3314851704132025,19.28741209168478,32.73355832627832,115.56786979361979,143.98701558736892,0.46505463112800577,6.497103066553048,0.9755102319325138,4.183033200775696,0.9271712542876283,0.11939484499239228,9,79.80832810738218,5,86.808007414917,-6.999679307534819,-4
8523979,2117,Scotland,1667,England,2026-02-14,26,3,0.6666666666666666,4.666666666666667,1.5079955678560142,314.8144360985221,21.545505660994476,4.848194939290966,2.586707915810726,113.5053304338727,0.05745377494441695,3.2582673516235463,13.695872229674446,21.5950461914016,115.85221562379654,132.12484416995179,0.5438770093404021,11.467644179012169,0.9931384222390539,5.185695245184886,0.941150703045957,2.3861702410378394,10,79.39779658738163,3,89.40925368207189,-10.011457094690257,-7
8523979,1667,England,2117,Scotland,2026-02-14,26,3,0.3333333333333333,-4.666666666666667,2.233677086398329,320.3552095153382,12.724991734021769,4.791319394740633,5.260506695889448,92.66399337894387,3.894971868189775,5.675478874194296,12.049036131677425,12.724991734021769,154.1542119868909,101.49778844676884,0.5969573467069151,11.681932015852333,0.8472228090853275,4.699119532406883,0.7386548248647463,0.7934473142407221,3,89.40925368207189,10,79.39779658738163,10.011457094690257,7
8523988,1517,Wales,1967,France,2026-02-15,26,3,0.0,-25.666666666666668,2.0657962892482162,399.59747433767217,21.276198403157096,5.339802974580252,5.719281728268885,161.79591288229116,0.018090429429434285,4.506699625275999,17.82232947999043,21.276198403157096,133.73267055303708,149.4952118833903,0.535435268318759,5.208297546427447,0.9902517589176237,6.162157316407031,0.9950167552129244,0.9009711631932551,11,74.23480100982037,4,88.39503832712339,-14.160237317303014,-7
8523988,1967,France,1517,Wales,2026-02-15,26,3,1.0,25.666666666666668,5.754621845607989,515.4127038249499,22.704769690624218,9.56289851866679,8.85644682528223,166.28221575779492,2.314618954187174,4.946632432879208,11.90809753216937,22.704769690624218,97.87459563578982,152.0559511922697,0.45871799013680115,14.802518814431213,0.787018586444238,3.3476937221625773,0.8056981980931002,0.21401510745546878,4,88.39503832712339,11,74.23480100982037,14.160237317303014,7
8523997,1667,England,1817,Ireland,2026-02-21,27,3,0.3333333333333333,-7.666666666666667,2.9010310097291385,460.91001511435957,28.45787860711867,9.337962762256526,13.655537857272645,189.73950755227244,0.9361893904747128,5.746601004863203,17.84334397828075,28.45787860711867,119.71114057703052,154.53524748858374,0.4804051535121121,8.03582763927283,0.911591660044534,4.541903847827722,0.9152356828339602,0.5062200404287165,4,87.70810797260286,5,86.80803948416352,0.9000684884393451,1
8523997,1817,Ireland,1667,England,2026-02-21,27,3,0.6666666666666666,7.666666666666667,2.5956933654706638,342.3933592377351,23.053306303698736,7.096829390334932,3.2035746707531865,120.70484241227733,0.03237663476536635,4.891440354209419,16.447466810814525,23.081223627854126,114.17081955728337,127.70560214822977,0.5334552901258676,9.954103959030379,0.9961333298413334,4.231693769995274,0.966836953785492,1.3446664289127912,5,86.80803948416352,4,87.70810797260286,-0.9000684884393451,-1
8524006,1517,Wales,2117,Scotland,2026-02-21,27,3,0.0,-11.666666666666666,2.1316782112370443,341.5884163665828,15.464001341778168,4.882407431366305,4.273806870805847,118.12736742412602,2.19483620036057,4.507645776427844,8.97216724613874,15.464001341778168,130.0796753270134,127.90670007056515,0.5459060519915293,10.947777134178331,0.7829607919734289,5.703442306164078,0.8178110834642389,0.4471115446550781,11,74.23480100982037,9,81.09894229685067,-6.864141287030293,-2
8524006,2117,Scotland,1517,Wales,2026-02-21,27,3,1.0,11.666666666666666,6.739330210333273,630.5701023720031,27.658281750668543,12.824432004086573,15.936186073852774,188.52444978235928,1.2995451053205205,4.092938708304461,12.386950277500429,27.658281750668543,123.80398313398048,145.01462970629933,0.4855931548396524,12.257829937918382,0.8804213743217044,4.510860012210984,0.8909090607910704,0.12015899414254479,9,81.09894229685067,11,74.23480100982037,6.864141287030293,2
8524015,1967,France,2873,Italy,2026-02-22,27,3,0.6666666666666666,34.0,2.969251769492598,388.8071801079863,25.66713050931347,4.65261181025564,8.078945083094856,192.33063746064653,0.9787971688052067,4.861942779900632,18.9576511587742,25.66713050931347,97.83638739267788,190.60941544718992,0.4436330628074877,9.82963214138207,0.9920509187026234,5.501094522650258,0.9091186091657825,2.532115734344377,3,88.39503832712339,10,79.80829603813565,8.586742288987736,7
8524015,2873,Italy,1967,France,2026-02-22,27,3,0.0,-34.0,2.0367647651857888,425.8078559996072,22.036797338285524,5.6311039894005654,8.931778209645248,177.77036734355812,0.01010832674125718,5.16559370967768,19.665657479370562,22.036797338285524,143.1165278136471,175.30948170591853,0.5109753733232855,5.557623155725351,0.9945530090152046,4.766907716932997,0.9972155295298037,0.5034325435741062,10,79.80829603813565,3,88.39503832712339,-8.586742288987736,-7
8524024,1817,Ireland,1517,Wales,2026-03-06,28,3,1.0,19.0,5.877166694823711,567.7583754751878,25.877421572695887,11.620748808452628,12.808919020076212,184.8973003057493,0.8905325765133156,3.119482167742689,9.74728219061654,25.877421572695887,126.69829291816967,160.432047767708,0.49012749546934087,11.547211484781394,0.8551099406925051,4.35007440761332,0.9252438143391533,0.3970758885856007,3,88.89304975742942,12,73.62121513852341,15.271834618906013,9
8524024,1517,Wales,1817,Ireland,2026-03-06,28,3,0.0,-19.0,2.9323799301460545,465.0563329995426,28.629598257437745,8.597401417019967,10.91385314663118,190.77228476848964,0.6396467399249699,5.193356440563722,15.99243568021234,28.629598257437745,119.48588325861638,163.5515995674058,0.48027681911996484,9.291498971427089,0.8477364980371799,4.687008084805801,0.9104097044406066,0.6626273010636236,12,73.62121513852341,3,88.89304975742942,-15.271834618906013,-9
8524033,2117,Scotland,1967,France,2026-03-07,28,3,0.0,-8.666666666666666,1.7073638819091015,368.99702708170264,17.894746313277093,5.430589640795429,8.318013670263193,166.08768686665573,0.006896709343724586,5.430701261818057,20.089604761963848,17.894746313277093,140.53774473697106,164.40867377127614,0.5138426775550409,6.015895101760062,0.926385230698959,5.476405758515082,0.9631510133405734,0.6612019472476924,7,81.71252816814763,4,88.39503832712339,-6.682510158975759,-3
8524033,1967,France,2117,Scotland,2026-03-07,28,3,1.0,8.666666666666666,2.0901490046850437,316.17211584468714,15.317662722943027,3.9733421239044535,3.872068510692322,128.81025521162147,1.818003929520752,4.347542399365935,10.87324950678225,15.317662722943027,132.57761933926335,138.02841473530557,0.5314280157451899,10.964247392705317,0.8514114947536486,4.220051658591619,0.8216552732333987,0.3060996983114309,4,88.39503832712339,7,81.71252816814763,6.682510158975759,3
8524042,2873,Italy,1667,England,2026-03-07,28,3,0.0,-14.333333333333334,3.353949625886995,362.13787793591547,24.613365827602475,7.381666090931832,5.346991812453313,134.6743919134347,0.33754007102478006,4.925677264704575,18.198592474822657,24.632478748230092,125.15504417180712,128.74457020643501,0.5292118388841943,11.230075150891029,0.9973527778155092,4.158623534662014,0.9394508197135281,0.9205933413740256,10,79.80829603813565,5,85.62309769933695,-5.814801661201301,-5
8524042,1667,England,2873,Italy,2026-03-07,28,3,1.0,14.333333333333334,3.612972904146013,407.88753174231687,27.67456888740239,5.396703749509336,9.32186918477824,176.05948395561825,0.9855181942624918,5.539679487484716,18.6540880280683,27.67456888740239,98.52222483013702,175.5178415772999,0.45516091531118497,8.29870071654844,0.9501924716818229,5.659241158033087,0.820641591140664,1.7294675334993799,5,85.62309769933695,10,79.80829603813565,5.814801661201301,5
8524051,1817,Ireland,2117,Scotland,2026-03-14,29,3,1.0,13.333333333333334,3.106580316225935,348.3632501994579,16.534914793494746,5.5400728705616125,4.425259974289757,133.0190507765886,1.605350094905399,3.9972261622546683,10.386266894067969,16.534914793494746,138.14672631991616,135.16139344291983,0.5466547849614611,9.153774533318904,0.8900395676516757,4.422812305107767,0.8498213012630793,0.48649071438060393,3,88.89304975742942,7,83.08077918404521,5.812270573384211,4
8524051,2117,Scotland,1817,Ireland,2026-03-14,29,3,0.0,-13.333333333333334,2.690595098461315,414.9929506049265,23.539249401504986,6.886562798989055,8.861632169785153,180.7178530463122,0.4737735005404365,5.40253530739897,15.99439726017297,23.539249401504986,134.40044821888267,166.7797196781288,0.5035438409486098,9.215907436834819,0.8353574658744752,4.508853098002508,0.9336422664381828,1.0094348871744105,7,83.08077918404521,3,88.89304975742942,-5.812270573384211,-4
8524060,1517,Wales,2873,Italy,2026-03-14,29,3,0.3333333333333333,0.6666666666666666,3.194469596347552,417.2573031623823,28.796848885797584,5.553235502624202,7.941052525195487,170.33591167487918,0.9892756557725169,4.880732109306044,17.965456113620267,28.796848885797584,97.34888456809293,165.00504828649642,0.4590110767187373,8.221199577133158,0.7892768107904417,4.450350524188276,0.8386373823016063,1.540199273061547,12,73.62121513852341,10,81.08977620425578,-7.4685610657323735,-2
8524060,2873,Italy,1517,Wales,2026-03-14,29,3,0.6666666666666666,-0.6666666666666666,5.392682608615164,548.7218353315436,27.199524577840638,10.944351184764473,12.600142466912862,198.60274959137718,1.1768786492027088,3.3467378923023974,10.07060022349551,27.199524577840638,124.4533220758602,180.9680005603116,0.4746089936874797,10.373606813935572,0.8925050895505486,4.775909095147359,0.9135666904549837,0.2945932749917621,10,81.08977620425578,12,73.62121513852341,7.4685610657323735,2
8524069,1967,France,1667,England,2026-03-14,29,3,0.6666666666666666,14.666666666666666,3.0019758590061723,353.52333017096447,23.414071764297322,7.802369395659679,6.296630578648155,131.89946893321493,0.5097536542710975,3.9051552393660947,17.367083960358954,23.428216075649697,123.29501348735697,122.05199230025892,0.5294167298428645,10.910303886046536,0.8940566497216296,3.8574268859132816,0.9395935850353913,0.9412359562967884,4,87.02678731122582,6,84.34161753321683,2.6851697780089836,2
8524069,1667,England,1967,France,2026-03-14,29,3,0.3333333333333333,-14.666666666666666,3.0829452449152277,407.20380067071045,22.080578538208687,6.358296412522992,9.27497947350761,178.02051596534517,0.2650089898191092,5.318759950237043,18.766792216492636,22.080578538208687,132.08102973602124,175.21845777047866,0.4868534705243308,7.051382961495474,0.9455180602442165,4.832776094081783,0.9077520486441442,0.7492571765871595,6,84.34161753321683,4,87.02678731122582,-2.6851697780089836,-2
