view,round,team_role,canonical_pos,pos_slot,player_name,team,opponent,home_away,jersey,started,is_captain,is_supersub,score_multiplier,selection_score,predicted_pts,actual_pts,actual_minus_predicted,fantasy_predicted_pts,fantasy_actual_pts,fantasy_actual_minus_predicted,fixture_id,player_id,season,is_forward,minutes_hat,recon_pts_hat,latent_hat,target_pts_hat,official_pts,has_label,is_modern,hat_tries,hat_tackles,hat_metres,hat_try_assists,hat_conversion_goals,hat_penalty_goals,hat_drop_goals_converted,hat_defenders_beaten,hat_offload,hat_tackle_turnover,hat_penalties_conceded,hat_yellow_cards,hat_red_cards,lgbm_target_pts_hat,xgb_component_pts_hat,uncertainty_proxy,selector_pts_hat,lgbm_rank_score,rank_score,sel_score,date,quota
round,1,XV,Prop,1.0,Ellis Genge,England,Wales,home,1,True,False,False,1.0,0.4441659865331951,15.969004742416802,11.0,-4.969004742416802,15.969004742416802,11.0,-4.969004742416802,8523961,136680,2026,True,61.24262471345007,12.066816342081152,4.435243064991606,15.969004742416802,11.0,True,True,0.1134115791389468,5.927539209732133,17.086325084071923,0.0266817028309074,0.0,0.0,0.0,1.617397797680594,0.4972312280990919,0.0232230657860323,0.8669812915258189,0.0294030910045055,0.0,15.143527867538548,19.27091224192981,1.0,15.969004742416802,0.3115280766511846,0.3115280766511846,0.4441659865331951,2026-02-07,2
round,1,XV,Prop,2.0,Joe Heyes,England,Wales,home,3,True,False,False,1.0,0.1573777850122854,15.324985827076691,9.0,-6.324985827076691,15.324985827076691,9.0,-6.324985827076691,8523961,178806,2026,True,63.12372326861441,11.910182328576813,4.551740333746999,15.324985827076691,9.0,True,True,0.0803460335930477,10.232426682358463,3.43602925892135,0.0038414036374354,0.0,0.0,0.0,0.3872683417237834,0.036692054391668,0.0981217395032737,0.7297988520248555,0.0303062219899055,0.0,15.11141847173939,16.179255248425893,0.0,15.324985827076691,-0.795665032924756,-0.795665032924756,0.1573777850122854,2026-02-07,2
round,1,XV,Hooker,1.0,Giacomo Nicotera,Italy,Scotland,home,2,True,False,False,1.0,0.8716845896730214,20.060270361742194,20.0,-0.06027036174219447,20.060270361742194,20.0,-0.06027036174219447,8523952,226836,2026,True,61.2489830671031,15.824612778009554,4.927884703264494,20.060270361742194,20.0,True,True,0.0197211527416967,14.318135939189776,3.961651590900592,0.0046028733425496,0.0,0.0,0.0,0.0901147255015824,0.0178426181174931,0.3236400189547704,0.2843702811143591,0.0714992893147029,0.0,19.35533131835257,22.88002653530068,1.0,20.060270361742194,-0.5982248345183379,-0.5982248345183379,0.8716845896730214,2026-02-07,1
round,1,XV,Second-row,1.0,Ollie Chessum,England,Wales,home,5,True,False,False,1.0,1.804211917870724,26.18488423909944,30.0,3.815115760900561,26.18488423909944,30.0,3.815115760900561,8523961,218742,2026,True,66.59339172186382,12.91599159472303,12.75431103872711,26.18488423909944,30.0,True,True,0.0555070822615853,9.61471456207183,10.248812424394467,0.0204820043096935,0.0,0.0,0.0,0.9800779517949222,0.1568859816354956,0.0417786888249128,0.7892042569224643,0.061374854514858,0.0,25.67030263345014,28.24321066169661,0.0,26.18488423909944,-0.2936160870639401,-0.2936160870639401,1.804211917870724,2026-02-07,2
round,1,XV,Second-row,2.0,Alex Coles,England,Wales,home,4,True,False,False,1.0,0.9374641162937198,20.478255158815195,22.0,1.5217448411848054,20.478255158815195,22.0,1.5217448411848054,8523961,198696,2026,True,67.73897724755838,14.059263859124718,5.497628696922877,20.478255158815195,22.0,True,True,0.1117011152335624,9.844658918657831,11.719057418680867,0.0896387793059291,0.0,0.0,0.0,0.5893427585587582,0.2727823090154208,0.0350225441692584,0.4066764254616009,0.0624306671586634,0.0,19.556892556047597,24.163705569885607,1.0,20.478255158815195,-0.5652587968831284,-0.5652587968831284,0.9374641162937198,2026-02-07,2
round,1,XV,Back-row,1.0,Lorenzo Cannone,Italy,Scotland,home,8,True,False,False,1.0,2.1805048912657057,28.460719894268003,44.0,15.539280105731997,28.460719894268003,44.0,15.539280105731997,8523952,220140,2026,True,64.97475261684508,16.974705238811882,10.557106709101864,28.460719894268003,44.0,True,True,0.0153839005492037,13.306798196286024,26.203001988492435,0.0038411583780912,0.0,0.0,0.0,1.189566167191053,0.0408551206829507,0.0461083324848533,1.1309237310752105,0.0277353212643241,0.0,27.531811947913745,32.17635167968503,1.0,28.460719894268003,-0.0107952277283486,-0.0107952277283486,2.1805048912657057,2026-02-07,3
round,1,XV,Back-row,2.0,Ben Earl,England,Wales,home,8,True,False,False,1.0,1.9897504793921976,26.433928000131992,50.0,23.566071999868008,26.433928000131992,50.0,23.566071999868008,8523961,142404,2026,True,66.02008740468978,18.716772541131306,6.928717069436996,26.433928000131992,50.0,True,True,0.1412917856170243,10.544324856797228,33.244103632228075,0.0267223500150169,0.0,0.0,0.0,1.7437619814840646,0.0975380587547849,0.0268674824797878,0.7298483125420901,0.0281815360631802,0.0,25.6454896105683,29.587681558386738,1.0,26.433928000131992,0.5597304072152571,0.5597304072152571,1.9897504793921976,2026-02-07,3
round,1,XV,Back-row,3.0,Caelan Doris,Ireland,France,away,8,True,False,False,1.0,1.640730240190727,24.6778397670372,34.0,9.322160232962801,24.6778397670372,34.0,9.322160232962801,8523943,148680,2026,True,71.10453436221195,18.098527781457985,6.311855731418292,24.6778397670372,34.0,True,True,0.0511388274490956,11.587619370018778,37.07104722065645,0.0182797858944739,0.0,0.0,0.0,1.3968990369351626,0.1942256895388711,0.0163673150716658,0.4416196791123002,0.0303518986138447,0.0,24.41038351287628,25.747664783680904,0.0,24.6778397670372,0.0073027912829623,0.0073027912829623,1.640730240190727,2026-02-05,3
round,1,XV,Scrum-half,1.0,Antoine Dupont,France,Ireland,home,9,True,False,False,1.0,2.1237901963171466,27.303924913744137,30.0,2.6960750862558633,27.303924913744137,30.0,2.6960750862558633,8523943,135318,2026,False,66.63668312496456,24.903493694212152,1.919768983680256,27.303924913744137,30.0,True,True,0.3983266875408995,5.700918532021358,51.8189251446965,1.0955324863478906,0.0,0.0,0.0,2.631035793896038,0.5925723987968897,0.0671147300418018,0.8599163712558558,0.0171390645897542,0.0,26.82326267789241,29.22657385715103,0.0,27.303924913744137,0.6119717293166207,0.6119717293166207,2.1237901963171466,2026-02-05,1
round,1,XV,Fly-half,1.0,Matthieu Jalibert,France,Ireland,home,10,True,False,False,1.0,1.9892109033615368,26.339445980492947,52.0,25.660554019507053,26.339445980492947,52.0,25.660554019507053,8523943,169662,2026,False,69.53822151903144,23.527463741558517,2.0554927451469958,26.339445980492947,52.0,True,True,0.1088456665629844,4.754428195421776,45.586186116216034,1.0005750621504894,2.105347262881889,0.3013683794376884,0.0,1.749401308153087,0.8455896385490094,0.0523626727071841,0.606712640362453,0.0555207297499134,0.0,25.58295648670551,29.36540395564268,1.0,26.339445980492947,0.6339103031308848,0.6339103031308848,1.9892109033615368,2026-02-05,1
round,1,XV,Centre,1.0,Nicolas Depoortere,France,Ireland,home,13,True,False,False,1.0,2.168012743354472,27.14126692951672,36.0,8.858733070483279,27.14126692951672,36.0,8.858733070483279,8523943,262248,2026,False,71.73849557137463,24.096040251237493,2.986517554370196,27.14126692951672,36.0,True,True,0.5813938873037644,7.65671176672744,45.48989845828496,0.1661912227272441,0.0,0.0,0.0,1.7953665059904589,0.9571828420956364,0.1712186043859482,0.2804690696846342,0.0240195855707727,0.0,27.08255780560769,27.376103425152834,0.0,27.14126692951672,0.9968975464869948,0.9968975464869948,2.168012743354472,2026-02-05,2
round,1,XV,Centre,2.0,Huw Jones,Scotland,Italy,away,13,True,False,False,1.0,1.6975190704998933,23.8239360573142,7.0,-16.8239360573142,23.8239360573142,7.0,-16.8239360573142,8523952,136776,2026,False,72.43422270780508,17.324183686137886,6.409988883302017,23.8239360573142,7.0,True,True,0.2847105087749121,5.540959723972021,40.15943356441057,0.1545715743442735,0.0,0.0,0.0,1.8904135394403625,0.3014245815975426,0.0931403302770825,0.4102826667991308,0.0242525299244883,0.0,23.734172569439902,24.182990008811387,0.0,23.8239360573142,1.0290173699650045,1.0290173699650045,1.6975190704998933,2026-02-07,2
round,1,Captain,Back-three,1.0,Thomas Ramos,France,Ireland,home,15,True,True,False,2.0,3.7886282914766936,36.014940460039526,46.0,9.985059539960474,72.02988092007905,92.0,19.97011907992095,8523943,129822,2026,False,73.44210475317516,32.10861796640988,3.508630763976745,36.014940460039526,46.0,True,True,0.2442353544251675,1.9004732380276173,68.7016560917424,0.2992115359838193,5.552297388938742,0.343126093413757,0.0,2.857909828651146,1.4315529131697096,0.0990930214598703,0.5161936008893797,0.0246450015950252,0.0,35.61724873038663,37.60570737865112,0.0,36.014940460039526,2.973632162624399,2.973632162624399,3.7886282914766936,2026-02-05,3
round,1,XV,Back-three,2.0,Tommy Freeman,England,Wales,home,13,True,False,False,1.0,2.8860437889387742,31.466228685657565,50.0,18.533771314342435,31.466228685657565,50.0,18.533771314342435,8523961,213192,2026,False,71.50500632646806,28.42456511992916,3.434248926233356,31.466228685657565,50.0,True,True,0.905690651199804,5.267738054167738,43.66465835082434,0.5749957372941644,0.0,0.0,0.0,2.677441476611614,1.2978700137327592,0.0650276622618127,0.3558488445814444,0.0239949685659288,0.0,31.85881404616251,29.895887243637773,0.0,31.466228685657565,1.551056799600622,1.551056799600622,2.8860437889387742,2026-02-07,3
round,1,XV,Back-three,3.0,Louis Bielle-Biarrey,France,Ireland,home,11,True,False,False,1.0,1.8570617317680944,23.91119854109813,51.0,27.08880145890187,23.91119854109813,51.0,27.08880145890187,8523943,231684,2026,False,70.30190211849316,20.29912806184928,2.963744345135096,23.91119854109813,51.0,True,True,0.5432985325638894,2.972520839801668,46.86531756937518,0.3258384866128128,0.0,0.0,0.0,2.074251013725697,0.9293199199879422,0.2009870686075757,0.3038530488994768,0.023591242321642,0.0,23.26287240698438,26.504503077553142,1.0,23.91119854109813,1.8665514546005129,1.8665514546005129,1.8570617317680944,2026-02-05,3
round,1,Supersub,Fly-half,,Marcus Smith,England,Wales,home,23,False,False,True,3.0,-0.0979214989531818,14.523694880938876,9.0,-5.523694880938876,43.57108464281663,27.0,-16.57108464281663,8523961,156288,2026,False,29.63481910570849,12.540481907577242,1.631803910950829,14.523694880938876,9.0,True,True,0.0562290256893989,2.226658085061257,15.115875531894767,0.5569776957294047,1.2400049958974082,0.2002989264925004,0.0,1.3158042156262415,0.5065133065901797,0.0128939234404997,0.1480834400027842,0.0236610420401003,0.0,14.17228581852807,15.929331130582089,0.0,14.523694880938876,-1.5948772901494188,-1.5948772901494188,-0.0979214989531818,2026-02-07,1
round,2,XV,Prop,1.0,Joe Heyes,England,Scotland,away,3,True,False,False,1.0,0.5015763702046088,17.450196515410088,11.0,-6.450196515410088,17.450196515410088,11.0,-6.450196515410088,8523979,178806,2026,True,62.90468948384925,14.911038288670555,4.048973979280399,17.450196515410088,11.0,True,True,0.0557982777424092,13.908968242684256,2.2458202537344563,0.0042484755007024,0.0,0.0,0.0,0.1362346019946598,0.0275749043652981,0.1075867895975699,0.5664456725754656,0.0302010620569888,0.0,17.103724100075052,18.83608617675022,0.0,17.450196515410088,-0.5725205508671329,-0.5725205508671329,0.5015763702046088,2026-02-14,2
round,2,XV,Prop,2.0,Ellis Genge,England,Scotland,away,1,True,False,False,1.0,0.489874657760011,16.685514750751693,4.0,-12.685514750751693,16.685514750751693,4.0,-12.685514750751693,8523979,136680,2026,True,60.83893825013867,13.61337842619712,3.905811821289112,16.685514750751693,4.0,True,True,0.1063063401334127,9.177477292948724,17.457915837968955,0.0200215340312109,0.0,0.0,0.0,0.9667086794499484,0.3868145716483303,0.0446280336494935,1.0229203863600378,0.0292092777923258,0.0,15.951066483703272,19.62330781894537,1.0,16.685514750751693,-0.0139366350304286,-0.0139366350304286,0.489874657760011,2026-02-14,2
round,2,XV,Hooker,1.0,Luke Cowan-Dickie,England,Scotland,away,2,True,False,False,1.0,0.7933433837451311,18.821137139540767,11.0,-7.821137139540767,18.821137139540767,11.0,-7.821137139540767,8523979,115452,2026,True,61.20345011562297,14.750878536266573,4.484013785546218,18.821137139540767,11.0,True,True,0.0563842250851168,13.20933014956252,9.743724347965102,0.0099004662693059,0.0,0.0,0.0,0.583119491565663,0.0616546625276716,0.0332719887581665,0.4424944255824304,0.0714461362089989,0.0,18.01569163522801,22.0429191567918,1.0,18.821137139540767,-0.031335741412455,-0.031335741412455,0.7933433837451311,2026-02-14,1
round,2,XV,Second-row,1.0,Mickael Guillard,France,Wales,away,5,True,False,False,1.0,2.027821159914013,27.806514551433764,31.0,3.1934854485662356,27.806514551433764,31.0,3.1934854485662356,8523988,219930,2026,True,63.224972925451794,14.89035289165161,12.383096989294131,27.806514551433764,31.0,True,True,0.0839390513515389,10.727361729394,12.719527337473954,0.0171438232418047,0.0,0.0,0.0,0.8962136641760888,0.197202907703171,0.0332985271423899,0.2266436848067684,0.0582703991292792,0.0,27.27344988094574,29.93877323338586,0.0,27.806514551433764,-0.3456912217031053,-0.3456912217031053,2.027821159914013,2026-02-15,2
round,2,XV,Second-row,2.0,Ollie Chessum,England,Scotland,away,5,True,False,False,1.0,1.4437000451950792,23.200229237878464,16.0,-7.200229237878464,23.200229237878464,16.0,-7.200229237878464,8523979,218742,2026,True,66.99047721528754,15.72355180356133,6.9165910183386,23.200229237878464,16.0,True,True,0.0681276095273591,12.72601005481675,14.859515653247994,0.0134100211301065,0.0,0.0,0.0,0.8580057237109119,0.1014345080092344,0.0542136358289747,0.959257007645414,0.0617408227251968,0.0,22.64014282189993,25.44057490179259,0.0,23.200229237878464,0.093035200437749,0.093035200437749,1.4437000451950792,2026-02-14,2
round,2,XV,Back-row,1.0,Ben Earl,England,Scotland,away,8,True,False,False,1.0,2.344395422171798,28.989260851839557,40.0,11.010739148160443,28.989260851839557,40.0,11.010739148160443,8523979,142404,2026,True,66.67735166960165,19.719235081838484,7.745447070689219,28.989260851839557,40.0,True,True,0.0960632537641491,12.917563805380029,23.5408074478387,0.0168631352925797,0.0,0.0,0.0,1.7071807544635285,0.0918803482528396,0.1250965758036223,0.7880246661555917,0.0284620978938714,0.0,27.464682152527704,35.08757564908695,1.0,28.989260851839557,0.4906940087773209,0.4906940087773209,2.344395422171798,2026-02-14,3
round,2,XV,Back-row,2.0,Lorenzo Cannone,Italy,Ireland,away,8,True,False,False,1.0,1.9415434826306908,26.95856768922457,28.0,1.0414323107754306,26.95856768922457,28.0,1.0414323107754306,8523970,220140,2026,True,66.0187366057946,16.644595796627392,9.45704210231131,26.95856768922457,28.0,True,True,0.042414466794564,11.356311780007267,25.174245911797005,0.0134460682846497,0.0,0.0,0.0,1.570981486711215,0.0765354914571405,0.0339908860756284,0.7258008478665862,0.0281809594570399,0.0,26.1016378989387,30.38628685036802,1.0,26.95856768922457,-0.1438704722623008,-0.1438704722623008,1.9415434826306908,2026-02-14,3
round,2,XV,Back-row,3.0,Oscar Jegou,France,Wales,away,7,True,False,False,1.0,1.9014497704399096,24.389097152706537,25.0,0.6109028472934632,24.389097152706537,25.0,0.6109028472934632,8523988,242478,2026,True,68.30483626866337,16.64326157932464,7.290292714153077,24.389097152706537,25.0,True,True,0.1230575911503299,10.549910694435892,15.598142302823623,0.039063020320877,0.0,0.0,0.0,1.3852071564830344,0.4010584862726816,0.0222284299290077,0.4466544441141992,0.0291568109383965,0.0,23.93355429347772,26.211268589621803,0.0,24.389097152706537,1.72866530917448,1.72866530917448,1.9014497704399096,2026-02-15,3
round,2,XV,Scrum-half,1.0,Antoine Dupont,France,Wales,away,9,True,False,False,1.0,2.7563623974924902,30.952439447828414,33.0,2.0475605521715856,30.952439447828414,33.0,2.0475605521715856,8523988,135318,2026,False,67.01085298163247,27.82044665357472,2.044557419985659,30.952439447828414,33.0,True,True,0.420024195625042,5.173869097687256,55.06237444110938,1.2965785783710195,0.0,0.0,0.0,3.6470250179241432,0.8429863609431822,0.0288512786926534,0.7780813565809211,0.0172353016928067,0.0,29.865004073560375,35.30218094490056,1.0,30.952439447828414,1.2323888153451612,1.2323888153451612,2.7563623974924902,2026-02-15,1
round,2,XV,Fly-half,1.0,Matthieu Jalibert,France,Wales,away,10,True,False,False,1.0,2.422526416406672,28.71425175686826,87.0,58.285748243131735,28.71425175686826,87.0,58.285748243131735,8523988,169662,2026,False,69.76803041458642,25.001266745581773,2.224745222534276,28.71425175686826,87.0,True,True,0.1525761007847785,5.1915378114761,47.9887765935332,1.047239696145856,1.856387246343582,0.2657311816928245,0.0,2.0392330555546216,1.1141764364042432,0.0255519980066987,0.5710168008220807,0.0557042138440636,0.0,27.226011968116048,34.667210911877106,1.0,28.71425175686826,1.1606544415391362,1.1606544415391362,2.422526416406672,2026-02-15,1
round,2,XV,Centre,1.0,Fabien Brau-Boirie,France,Wales,away,12,True,False,False,1.0,2.0596000546531337,25.98676266374716,56.0,30.01323733625284,25.98676266374716,56.0,30.01323733625284,8523988,354888,2026,False,71.79426355096285,22.15712148909013,2.403470587491064,25.98676266374716,56.0,True,True,0.4476393786392928,7.400138630603037,30.020573865165726,0.1758529314851147,0.0,0.0,0.0,2.8093016410159604,0.4538744976129712,0.0908038855697744,0.2830030695261923,0.024038257885367,0.0,24.5605920765812,31.691445012410995,1.0,25.98676266374716,1.3232776707259748,1.3232776707259748,2.0596000546531337,2026-02-15,2
round,2,XV,Centre,2.0,Tommaso Menoncello,Italy,Ireland,away,13,True,False,False,1.0,1.58691013662651,24.12823651233334,24.0,-0.12823651233334132,24.12823651233334,24.0,-0.12823651233334132,8523970,226818,2026,False,73.46025843495116,20.964534127196984,2.921925143320049,24.12823651233334,24.0,True,True,0.4116251098441805,8.931109897241862,25.642242099811742,0.0080422055501812,0.0,0.0,0.0,2.933702255575987,0.1939080337775204,0.0678737036923006,0.5866044444938401,0.0245960686724166,0.0,23.886459270517037,25.095345479598567,0.0,24.12823651233334,0.1500859328110396,0.1500859328110396,1.58691013662651,2026-02-14,2
round,2,Captain,Back-three,1.0,Thomas Ramos,France,Wales,away,15,True,True,False,2.0,4.027659914686476,37.85376980114983,48.0,10.14623019885017,75.70753960229966,96.0,20.29246039770034,8523988,129822,2026,False,73.61755502390176,33.43210501201031,3.1185094991499858,37.85376980114983,48.0,True,True,0.3893862966179239,1.935170243715992,76.47296576097008,0.2946954748002182,5.321374010892507,0.4186102520531998,0.0,2.758120172213875,1.23080182779144,0.0387827496005847,0.5225272354199691,0.0247038775247992,0.0,36.5506145111603,43.06639096110797,1.0,37.85376980114983,2.83182143458992,2.83182143458992,4.027659914686476,2026-02-15,3
round,2,XV,Back-three,2.0,Louis Bielle-Biarrey,France,Wales,away,11,True,False,False,1.0,2.871308521884034,30.643210612081955,39.0,8.356789387918045,30.643210612081955,39.0,8.356789387918045,8523988,231684,2026,False,70.54703605886321,27.48474540083496,2.6773623105537503,30.643210612081955,39.0,True,True,1.1389037086934393,2.96563748457354,51.26818562929651,0.4015804150871459,0.0,0.0,0.0,2.4902601116969745,0.7462045796739635,0.0784697926661671,0.2231616669283898,0.0236735020331755,0.0,30.162107711388707,32.56762221485493,0.0,30.643210612081955,2.140058135484713,2.140058135484713,2.871308521884034,2026-02-15,3
round,2,XV,Back-three,3.0,Tommy Freeman,England,Scotland,away,13,True,False,False,1.0,2.4656309661496,29.10193940597384,8.0,-21.10193940597384,29.10193940597384,8.0,-21.10193940597384,8523979,213192,2026,False,71.77477558999654,26.54758504380565,2.6315982451982736,29.10193940597384,8.0,True,True,0.7180729812901557,6.972673611528637,41.35477138620568,0.4509065443212092,0.0,0.0,0.0,2.431686500274659,0.7767905806077596,0.1414847454966417,0.4133949713352874,0.0240854951644283,0.0,29.179183289003927,28.79296387385346,0.0,29.10193940597384,1.0892180050402218,1.0892180050402218,2.4656309661496,2026-02-14,3
round,2,Supersub,Fly-half,,Fin Smith,England,Scotland,away,23,False,False,True,3.0,-0.1355332602804338,14.368999873736149,3.0,-11.368999873736149,43.106999621208445,9.0,-34.106999621208445,8523979,227772,2026,False,29.239405075174965,11.052062496541604,2.877868037928794,14.368999873736149,3.0,True,True,0.0137206825865001,4.701208271281876,7.104953149600016,0.3032854817910053,1.5292749662425662,0.1731631689092027,0.0,0.6281108437540751,0.1617932169910527,0.0170758909092245,0.1259948658209869,0.0233453354394855,0.0,13.929930534470396,16.125277230799153,0.0,14.368999873736149,-1.682657220247741,-1.682657220247741,-0.1355332602804338,2026-02-14,1
round,3,XV,Prop,1.0,Simone Ferrari,Italy,France,away,3,True,False,False,1.0,0.2770562836402554,17.351298744727266,4.0,-13.351298744727266,17.351298744727266,4.0,-13.351298744727266,8524015,123210,2026,True,61.780225482925175,10.842217477346162,7.5252064908553855,17.351298744727266,4.0,True,True,0.014355042901318,10.782872267453184,1.2804904449849204,0.0043562532259471,0.0,0.0,0.0,0.0957928698745029,0.0265442422586588,0.0329949465736459,0.4347484157479993,0.0296611975834271,0.0,16.626454511984555,20.250675675698098,1.0,17.351298744727266,-1.7707052358319064,-1.7707052358319064,0.2770562836402554,2026-02-22,2
round,3,XV,Prop,2.0,Ellis Genge,England,Ireland,home,1,True,False,False,1.0,0.0584716125152297,14.009614796655582,13.0,-1.0096147966555815,14.009614796655582,13.0,-1.0096147966555815,8523997,136680,2026,True,60.89985957011783,10.842665995022434,3.270762451609285,14.009614796655582,13.0,True,True,0.0699811532179322,6.799997080356395,12.592021684388914,0.0266126805752332,0.0,0.0,0.0,1.1996106451347348,0.2507534408328065,0.0301581188566433,1.018825239010836,0.0292385266222681,0.0,13.223258094728688,17.15504160436315,1.0,14.009614796655582,-0.2835944375285218,-0.2835944375285218,0.0584716125152297,2026-02-21,2
round,3,XV,Hooker,1.0,Giacomo Nicotera,Italy,France,away,2,True,False,False,1.0,0.601229027852712,18.44935146510511,7.0,-11.44935146510511,18.44935146510511,7.0,-11.44935146510511,8524015,226836,2026,True,61.51261358291056,14.162616654204468,4.624798923850456,18.44935146510511,7.0,True,True,0.0344045071533198,13.485956300357286,3.680233522253277,0.0063646553204718,0.0,0.0,0.0,0.1464026471113638,0.058942217161044,0.0747032035014981,0.2900364225820003,0.0718070396409614,0.0,17.68603002341955,21.50263723184735,1.0,18.44935146510511,-0.8217826859318362,-0.8217826859318362,0.601229027852712,2026-02-22,1
round,3,XV,Second-row,1.0,Dafydd Jenkins,Wales,Scotland,home,4,True,False,False,1.0,1.372335881258594,22.069828310586907,24.0,1.9301716894130934,22.069828310586907,24.0,1.9301716894130934,8524006,232104,2026,True,67.93050546522304,16.256852603781994,4.631371784990188,22.069828310586907,24.0,True,True,0.0091875013633174,15.16936504579168,5.396020202434776,0.00944292680147,0.0,0.0,0.0,0.1737375683469211,0.0646607202054129,0.2318403744040685,0.4110591866769715,0.0626071864226732,0.0,20.88822438877218,26.796243997845817,1.0,22.069828310586907,0.6107656206576675,0.6107656206576675,1.372335881258594,2026-02-21,2
round,3,XV,Second-row,2.0,Gregor Brown,Scotland,Wales,away,6,True,False,False,1.0,0.8591515325773151,19.55899747682043,16.0,-3.55899747682043,19.55899747682043,16.0,-3.55899747682043,8524006,220296,2026,True,63.24660411870978,13.6962892002362,5.307698069959181,19.55899747682043,16.0,True,True,0.0122212848374912,9.83290992376557,10.210713664735598,0.0105832564820209,0.0,0.0,0.0,1.3481205509835288,0.2146372836076863,0.0300476856127363,0.3465754432079485,0.058290335211597,0.0,19.00398727019538,21.779038303320636,0.0,19.55899747682043,-0.2597547000216219,-0.2597547000216219,0.8591515325773151,2026-02-21,2
round,3,XV,Back-row,1.0,Henry Pollock,England,Ireland,home,8,True,False,False,1.0,2.375825409743199,28.272509601983323,26.0,-2.272509601983323,28.272509601983323,26.0,-2.272509601983323,8523997,342324,2026,True,63.91263471548224,20.734586316523288,6.178354492675906,28.272509601983323,26.0,True,True,0.3347421757845299,8.390386856432585,27.362320090694748,0.1105425065073052,0.0,0.0,0.0,2.2520781367082665,0.1644784604709536,0.115803599176655,0.3948246810762093,0.0272819423743943,0.0,26.912940809199192,33.71078477311984,1.0,28.272509601983323,1.2558005080865269,1.2558005080865269,2.375825409743199,2026-02-21,3
round,3,XV,Back-row,2.0,Lorenzo Cannone,Italy,France,away,8,True,False,False,1.0,2.139864205222405,27.655549819923245,25.0,-2.6555498199232446,27.655549819923245,25.0,-2.6555498199232446,8524015,220140,2026,True,66.33844518644999,19.197044797364214,8.013365140145869,27.655549819923245,25.0,True,True,0.0474541186689188,13.485472793885078,31.34157956748213,0.021443187370459,0.0,0.0,0.0,1.265501055897398,0.0980909141711866,0.017953580765697,0.761377213813028,0.0283174312378211,0.0,27.21040993751008,29.43610934957588,0.0,27.655549819923245,0.4160342555694661,0.4160342555694661,2.139864205222405,2026-02-22,3
round,3,XV,Back-row,3.0,Aaron Wainwright,Wales,Scotland,home,8,True,False,False,1.0,1.8376988302336328,25.240484921450097,29.0,3.759515078549903,25.240484921450097,29.0,3.759515078549903,8524006,176652,2026,True,70.76559187665194,18.69153115272844,5.753439658339,25.240484921450097,29.0,True,True,0.0542259019430233,13.037420516173556,34.10071695746907,0.052410954392286,0.0,0.0,0.0,0.9131644599913802,0.156829139226583,0.0494132325559863,0.604938988426979,0.0302072165896965,0.0,24.44497081106744,28.42254136298069,1.0,25.240484921450097,0.6693460638651431,0.6693460638651431,1.8376988302336328,2026-02-21,3
round,3,XV,Scrum-half,1.0,Antoine Dupont,France,Italy,home,9,True,False,False,1.0,2.361157712134863,28.27871383846117,41.0,12.721286161538831,28.27871383846117,41.0,12.721286161538831,8524015,135318,2026,False,66.89037340079358,25.976214881876988,1.6943944155120692,28.27871383846117,41.0,True,True,0.4263454439123041,5.418155294461719,48.966402578389,1.161839921800235,0.0,0.0,0.0,3.291781180312614,0.8429079367946173,0.0537219490765727,0.8047209477745745,0.0172043141462946,0.0,27.670609297389056,30.71113200274962,1.0,28.27871383846117,1.1671684445178034,1.1671684445178034,2.361157712134863,2026-02-22,1
round,3,XV,Fly-half,1.0,Sam Costelow,Wales,Scotland,home,10,True,False,False,1.0,1.7120101847607652,24.237764131976707,20.0,-4.237764131976707,24.237764131976707,20.0,-4.237764131976707,8524006,203076,2026,False,68.3500387626976,21.00374202978076,2.6559745495921554,24.237764131976707,20.0,True,True,0.0602547059021313,9.118245593868844,12.874713293209917,0.154522244740784,1.987058805414314,1.3000235426877111,0.0,0.7531778263645418,0.2580932380774858,0.0451783016560115,0.1849011757189493,0.0545720604818928,0.0,23.659716579372912,26.54995434239188,0.0,24.237764131976707,0.7732016671140802,0.7732016671140802,1.7120101847607652,2026-02-21,1
round,3,XV,Centre,1.0,Fabien Brau-Boirie,France,Italy,home,12,True,False,False,1.0,2.2766383236763583,26.989132826032133,22.0,-4.989132826032133,26.989132826032133,22.0,-4.989132826032133,8524015,354888,2026,False,71.94417431378037,24.0128957277505,2.302333654979748,26.989132826032133,22.0,True,True,0.6288873681214902,7.783055721964919,30.564062753189585,0.2921392716719528,0.0,0.0,0.0,2.3195239836352224,0.6503668612511313,0.0731502104681637,0.4126812481249992,0.0240884512211318,0.0,26.315229382730248,29.68474659923966,1.0,26.989132826032133,1.740110507506247,1.740110507506247,2.2766383236763583,2026-02-22,2
round,3,XV,Centre,2.0,Tommaso Menoncello,Italy,France,away,13,True,False,False,1.0,2.026526747574461,25.907292554377094,28.0,2.0927074456229064,25.907292554377094,28.0,2.0927074456229064,8524015,226818,2026,False,73.4796822235836,23.88126934436519,2.2940082944674858,25.907292554377094,28.0,True,True,0.4555119399993007,9.943816431900965,27.748174610959968,0.0129353223209362,0.0,0.0,0.0,3.275215935801952,0.6024633388416089,0.0785003850628827,0.6942553905486871,0.0246025721730748,0.0,26.175277638832675,24.835352216554767,0.0,25.907292554377094,1.19984440219493,1.19984440219493,2.026526747574461,2026-02-22,2
round,3,Captain,Back-three,1.0,Thomas Ramos,France,Italy,home,10,True,True,False,2.0,3.28186279842529,32.965527847373096,56.0,23.034472152626904,65.93105569474619,112.0,46.06894430525381,8524015,129822,2026,False,70.52233597931892,29.32792544087383,2.251197605866866,32.965527847373096,56.0,True,True,0.3130258223335558,2.5626039151354782,49.96431498506471,0.3160955237838899,5.229367096566992,0.3517825334275952,0.0,2.584252782118903,1.0435533480053585,0.0800044479817398,0.6807090192273647,0.0236652134158788,0.0,31.579123046740698,38.51114704990266,1.0,32.965527847373096,2.5800533133562458,2.5800533133562458,3.28186279842529,2026-02-22,3
round,3,XV,Back-three,2.0,Tommy Freeman,England,Ireland,home,14,True,False,False,1.0,2.657443701502768,30.369111076981778,18.0,-12.369111076981778,30.369111076981778,18.0,-12.369111076981778,8523997,213192,2026,False,72.64178014774156,27.931911473587185,3.1455404679708554,30.369111076981778,18.0,True,True,0.7072195073744894,5.013801799394529,52.72759351170201,0.6399398120927998,0.0,0.0,0.0,2.964881961928654,0.8892224041976399,0.1934968445790877,0.2676554216155236,0.0243764362911884,0.0,31.07745194155804,27.53574761867673,1.0,30.369111076981778,1.1458292297509398,1.1458292297509398,2.657443701502768,2026-02-21,3
round,3,XV,Back-three,3.0,Louis Bielle-Biarrey,France,Italy,home,11,True,False,False,1.0,2.63019174839535,29.14107056947775,27.0,-2.141070569477751,29.14107056947775,27.0,-2.141070569477751,8524015,231684,2026,False,70.75229217314364,27.10397863368913,2.257373612985168,29.14107056947775,27.0,True,True,0.994813851334277,3.426300136187924,46.24493729186764,0.8134192054406866,0.0,0.0,0.0,2.0570129091613425,0.9250256783000254,0.1763571737748573,0.2512879817819654,0.0237423799238737,0.0,29.361352246674297,28.259943860691564,0.0,29.14107056947775,1.9946942351616173,1.9946942351616173,2.63019174839535,2026-02-22,3
round,3,Supersub,Fly-half,,Marcus Smith,England,Ireland,home,23,False,False,True,3.0,-0.3672172799637753,12.285396952793109,18.0,5.714603047206891,36.85619085837933,54.0,17.14380914162067,8523997,156288,2026,False,28.015295652197956,9.862999706693172,1.983987459503993,12.285396952793109,18.0,True,True,0.0405117048079536,1.7753009555816623,17.1541570638834,0.2366781621856538,1.1453430981805597,0.1850081199593335,0.0,1.1507503384525566,0.3340617514782364,0.037446754382577,0.1548595457720334,0.0223679815904396,0.0,11.846987166197165,14.03903609917688,0.0,12.285396952793109,-1.2988480596106546,-1.2988480596106546,-0.3672172799637753,2026-02-21,1
round,4,XV,Prop,1.0,Simone Ferrari,Italy,England,home,3,True,False,False,1.0,0.4078696863897511,18.176423814643197,8.0,-10.176423814643197,18.176423814643197,8.0,-10.176423814643197,8524042,123210,2026,True,61.80810441129803,9.29109293947968,10.115520563097837,18.176423814643197,8.0,True,True,0.0083787898596297,9.124868848352577,1.4263725482623908,0.0034956380817316,0.0,0.0,0.0,0.1228862113762513,0.0422776665558732,0.0648505274664624,0.4796477898524253,0.0296745824876812,0.0,17.484649090832065,20.943522709887706,1.0,18.176423814643197,-1.7001539053693415,-1.7001539053693415,0.4078696863897511,2026-03-07,2
round,4,XV,Prop,2.0,Ellis Genge,England,Italy,away,1,True,False,False,1.0,0.109246706017702,14.21303048939402,8.0,-6.21303048939402,14.21303048939402,8.0,-6.21303048939402,8524042,136680,2026,True,60.83417380518971,11.244752122605211,3.279126124980453,14.21303048939402,8.0,True,True,0.1071410144692792,5.955432171148992,14.307847304252949,0.0260583079596592,0.0,0.0,0.0,1.3778017068956183,0.2935481640576257,0.0239707842646837,0.7385472089371469,0.0292069903428725,0.0,13.578460886838586,16.75130889961575,1.0,14.21303048939402,-0.1606622071618604,-0.1606622071618604,0.109246706017702,2026-03-07,2
round,4,XV,Hooker,1.0,Ronan Kelleher,Ireland,Wales,home,2,True,False,False,1.0,0.6763668456067116,19.122744402115558,35.0,15.877255597884442,19.122744402115558,35.0,15.877255597884442,8524024,148644,2026,True,57.43434610103383,15.496142612243515,4.061333656795177,19.122744402115558,35.0,True,True,0.2087631863313091,9.516198293161835,17.721085898663887,0.0144833637155322,0.0,0.0,0.0,0.7672254833382696,0.3905335444434833,0.0166848576899249,0.2731480004758078,0.067046254857482,0.0,18.303427823741597,22.4000107156114,1.0,19.122744402115558,-0.9443401269527036,-0.9443401269527036,0.6763668456067116,2026-03-06,1
round,4,XV,Second-row,1.0,Mickael Guillard,France,Scotland,away,5,True,False,False,1.0,1.316430598679449,22.35899011062818,14.0,-8.35899011062818,22.35899011062818,14.0,-8.35899011062818,8524033,219930,2026,True,61.92374820154964,15.613399626374669,6.4474424567170505,22.35899011062818,14.0,True,True,0.0408817287138578,12.532384053478344,14.558210974570242,0.0066461963226505,0.0,0.0,0.0,0.808850631992318,0.173147972432148,0.0447274530517047,0.4610738980747065,0.0570711438269785,0.0,22.06084208309172,23.551582220774005,0.0,22.35899011062818,0.0558488773509459,0.0558488773509459,1.316430598679449,2026-03-07,2
round,4,XV,Second-row,2.0,Dafydd Jenkins,Wales,Ireland,away,4,True,False,False,1.0,1.0038958670003115,20.222731358033773,32.0,11.777268641966227,20.222731358033773,32.0,11.777268641966227,8524024,232104,2026,True,67.92172908786205,15.038736147822911,4.775227931985526,20.222731358033773,32.0,True,True,0.0145236471806807,14.015021115368905,6.559307198281021,0.0173984261861283,0.0,0.0,0.0,0.1752540139938897,0.1301003911953224,0.1676212226394169,0.3995528145811446,0.062599097799016,0.0,19.81396407980844,21.85780047093512,0.0,20.222731358033773,0.0221209686613648,0.0221209686613648,1.0038958670003115,2026-03-06,2
round,4,XV,Back-row,1.0,Caelan Doris,Ireland,Wales,home,8,True,False,False,1.0,2.24626145111851,28.001437557705927,30.0,1.998562442294073,28.001437557705927,30.0,1.998562442294073,8524024,148680,2026,True,71.19227419077806,20.97046746518565,6.553748705244799,28.001437557705927,30.0,True,True,0.2202503984907341,11.094574888430826,34.1175586556823,0.0393810558701296,0.0,0.0,0.0,1.635026953931831,0.2950016826272593,0.0291922657675615,0.439459468518052,0.0303893515049285,0.0,27.52421617043045,29.91032310680785,0.0,28.001437557705927,0.7393424252808257,0.7393424252808257,2.24626145111851,2026-03-06,3
round,4,XV,Back-row,2.0,Ben Earl,England,Italy,away,8,True,False,False,1.0,2.1801515557688584,27.61966015229824,26.0,-1.6196601522982412,27.61966015229824,26.0,-1.6196601522982412,8524042,142404,2026,True,67.41809483314948,21.01734747091408,6.082082619196603,27.61966015229824,26.0,True,True,0.2462736346270494,9.737416670136096,34.93144870086207,0.0264131848535257,0.0,0.0,0.0,2.320691356159497,0.1230147132795137,0.1316308096579727,0.9215011762993052,0.0287782937820882,0.0,27.09943009011068,29.70058040104848,0.0,27.61966015229824,0.6748891593128873,0.6748891593128873,2.1801515557688584,2026-03-07,3
round,4,XV,Back-row,3.0,Jack Conan,Ireland,Wales,home,6,True,False,False,1.0,2.0571554809566006,26.72589015435856,68.0,41.27410984564144,26.72589015435856,68.0,41.27410984564144,8524024,117936,2026,True,64.35117269046515,20.423230348963628,6.10300677965079,26.72589015435856,68.0,True,True,0.345647380240641,9.273463945006302,38.30528723191775,0.0311408489669487,0.0,0.0,0.0,1.345548074184015,0.1619096816480311,0.0495062899127483,0.284608966581846,0.027469138033214,0.0,26.52623712861442,27.52450225733509,0.0,26.72589015435856,0.7049996015354668,0.7049996015354668,2.0571554809566006,2026-03-06,3
round,4,XV,Scrum-half,1.0,Antoine Dupont,France,Scotland,away,9,True,False,False,1.0,2.184611664644072,26.912702254222317,21.0,-5.912702254222317,26.912702254222317,21.0,-5.912702254222317,8524033,135318,2026,False,67.24231628673729,24.706826946099223,1.6607130982041705,26.912702254222317,21.0,True,True,0.5020800111570399,5.960447462994632,51.70975250223949,0.9529753628018468,0.0,0.0,0.0,2.1981991534329004,0.4588682805804697,0.0385063338911393,0.5065144449761849,0.0172948344358892,0.0,26.367540044303396,29.093351093897983,0.0,26.912702254222317,1.278345706067855,1.278345706067855,2.184611664644072,2026-03-07,1
round,4,XV,Fly-half,1.0,Matthieu Jalibert,France,Scotland,away,10,True,False,False,1.0,2.495491266731552,29.551698621549967,14.0,-15.551698621549967,29.551698621549967,14.0,-15.551698621549967,8524033,169662,2026,False,69.9661196225554,24.845217665725663,4.121638773344535,29.551698621549967,14.0,True,True,0.2297131987503262,5.540331478749525,50.7022008452338,1.1702415127221335,1.6462388173870717,0.2356496399953716,0.0,1.4679001797973137,0.5540920529029673,0.0254033572099734,0.5643277961523725,0.0558623722947944,0.0,28.9668564390702,31.891067351469022,0.0,29.551698621549967,0.8915783854057644,0.8915783854057644,2.495491266731552,2026-03-07,1
round,4,XV,Centre,1.0,Nicolas Depoortere,France,Scotland,away,13,True,False,False,1.0,1.85680719203746,24.820838293202,8.0,-16.820838293202,24.820838293202,8.0,-16.820838293202,8524033,262248,2026,False,71.95224799874153,21.97124283868996,2.095761187476259,24.820838293202,8.0,True,True,0.5348764725120223,8.809920177753517,40.69439127980024,0.0947730271110921,0.0,0.0,0.0,1.368213510468701,0.3420368138260842,0.1060512515489515,0.3968353066431537,0.0240911544638643,0.0,24.067004026166217,27.83617536134514,1.0,24.820838293202,1.1213292812268272,1.1213292812268272,1.85680719203746,2026-03-07,2
round,4,XV,Centre,2.0,Tommaso Menoncello,Italy,England,home,12,True,False,False,1.0,1.3992314916864788,22.251165619369612,54.0,31.748834380630388,22.251165619369612,54.0,31.748834380630388,8524042,226818,2026,False,72.84672534548754,20.04024297489182,2.157303130951525,22.251165619369612,54.0,True,True,0.2352665471267486,9.11166731316907,28.145631668403595,0.0078955052551184,0.0,0.0,0.0,3.1530195690277028,0.4481713401767174,0.0846318889762907,0.9592598706208696,0.0243906446469266,0.0,22.197546105843347,22.46564367347468,0.0,22.251165619369612,0.6157134109448613,0.6157134109448613,1.3992314916864788,2026-03-07,2
round,4,Captain,Back-three,1.0,Thomas Ramos,France,Scotland,away,15,True,True,False,2.0,3.4997244143248407,34.05303529719995,45.0,10.946964702800052,68.1060705943999,90.0,21.893929405600105,8524033,129822,2026,False,73.88794354276548,31.02525283033607,2.2738671961283545,34.05303529719995,45.0,True,True,0.3155235599075097,2.348358495219448,77.57537602355595,0.4705836711867554,5.274250221986469,0.326296556262323,0.0,1.946314749124422,0.6577291775102769,0.0786779299403791,0.3655705048011839,0.0247946119271025,0.0,33.29912002646442,37.06869638014205,1.0,34.05303529719995,2.9319636169970686,2.9319636169970686,3.4997244143248407,2026-03-07,3
round,4,XV,Back-three,2.0,Tommy Freeman,England,Italy,away,13,True,False,False,1.0,2.632400838002388,29.61338214535393,21.0,-8.613382145353931,29.61338214535393,21.0,-8.613382145353931,8524042,213192,2026,False,72.17350593611694,27.58261411542019,2.495257531762463,29.61338214535393,21.0,True,True,0.8004960017368876,5.386304048308428,49.07814036838407,0.4593302647256401,0.0,0.0,0.0,3.375036844950549,0.8453199613087167,0.1022271242485496,0.4767237564509629,0.0242192972939989,0.0,30.07787164718265,27.755424138039047,0.0,29.61338214535393,1.6210907644464525,1.6210907644464525,2.632400838002388,2026-03-07,3
round,4,XV,Back-three,3.0,Louis Bielle-Biarrey,France,Scotland,away,11,True,False,False,1.0,2.43877234227666,27.919026484002515,49.0,21.080973515997485,27.919026484002515,49.0,21.080973515997485,8524033,231684,2026,False,70.92265582408531,26.5181623917949,1.8048913460801133,27.919026484002515,49.0,True,True,1.1284341855180884,3.525505655635867,51.55908312355768,0.7012614341146493,0.0,0.0,0.0,1.46056755244918,0.3795160359028485,0.123372968198981,0.27476512850813,0.0237995489342568,0.0,28.32305373787501,26.302917468512508,0.0,27.919026484002515,1.903424907117521,1.903424907117521,2.43877234227666,2026-03-07,3
round,4,Supersub,Back-row,,Henry Pollock,England,Italy,away,21,False,False,True,3.0,-0.1770246432595191,14.052083363686265,0.0,-14.052083363686265,42.156250091058794,0.0,-42.156250091058794,8524042,342324,2026,True,22.74713582273181,10.91679036869298,3.189648506554932,14.052083363686265,0.0,True,True,0.3304567308848937,2.809438315908985,11.132066001550818,0.0541022652045155,0.0,0.0,0.0,0.9203852069498678,0.0952755543901626,0.0176772859544253,0.1370663645480161,0.0097099118423287,0.0,14.106438875247912,13.83466131743967,0.0,14.052083363686265,-1.6598972975937714,-1.6598972975937714,-0.1770246432595191,2026-03-07,1
round,5,XV,Prop,1.0,Ellis Genge,England,France,away,1,True,False,False,1.0,-0.0716994869278725,13.26651397490286,20.0,6.73348602509714,13.26651397490286,20.0,6.73348602509714,8524069,136680,2026,True,60.9155369292552,10.427850876805278,3.068959337811532,13.26651397490286,20.0,True,True,0.075098229324993,6.696485034943821,12.970533305032342,0.0084769085210149,0.0,0.0,0.0,1.060846585439524,0.1817456184194507,0.015448344076417,0.8452110929368067,0.0292460534521449,0.0,12.771855754631838,15.245146855986931,0.0,13.26651397490286,-0.4175542782191279,-0.4175542782191279,-0.0716994869278725,2026-03-14,2
round,5,XV,Prop,2.0,Pierre Schoeman,Scotland,Ireland,away,1,True,False,False,1.0,-0.1244691648114664,14.433013318238697,16.0,1.5669866817613034,14.433013318238697,16.0,1.5669866817613034,8524051,130290,2026,True,60.72458386226118,11.683845792050802,3.462702194930712,14.433013318238697,16.0,True,True,0.0380111074465508,10.803021323380309,4.087538113554731,0.0017793040490467,0.0,0.0,0.0,0.3631008172074853,0.0662068398311868,0.0206467398070348,0.5125364958152613,0.0291543753042424,0.0,14.0916459725236,15.79848270109907,0.0,14.433013318238697,-1.6719680907044088,-1.6719680907044088,-0.1244691648114664,2026-03-14,2
round,5,XV,Hooker,1.0,Dan Sheehan,Ireland,Scotland,home,2,True,False,False,1.0,0.7829463470272588,19.00137745623357,43.0,23.99862254376643,19.00137745623357,43.0,23.99862254376643,8524051,186096,2026,True,60.68306299561923,16.036899820626488,4.178572730745395,19.00137745623357,43.0,True,True,0.1753445448918424,10.07108277197519,20.544065019404087,0.043818562027239,0.0,0.0,0.0,0.812729599265215,0.0612186337093129,0.0225112495967166,0.3458847875197953,0.0708386598496276,0.0,18.80067992788996,19.804167569607998,0.0,19.00137745623357,-0.237940236475025,-0.237940236475025,0.7829463470272588,2026-03-14,1
round,5,XV,Second-row,1.0,Dafydd Jenkins,Wales,Italy,home,4,True,False,False,1.0,0.8626605012401409,19.418021237569015,15.0,-4.418021237569015,19.418021237569015,15.0,-4.418021237569015,8524060,232104,2026,True,68.00177619405957,13.605225835917448,5.167178338829049,19.418021237569015,15.0,True,True,0.0120012751510302,12.34865832019177,5.89953585839951,0.0112859917934566,0.0,0.0,0.0,0.1723507701267886,0.1350026996123506,0.2131011226768626,0.3354437711833514,0.062672872078568,0.0,18.772404174746494,22.000489488859092,1.0,19.418021237569015,-0.1244947383181696,-0.1244947383181696,0.8626605012401409,2026-03-14,2
round,5,XV,Second-row,2.0,Tadhg Beirne,Ireland,Scotland,home,5,True,False,False,1.0,0.6935409077459862,18.452848724231032,35.0,16.547151275768968,18.452848724231032,35.0,16.547151275768968,8524051,117954,2026,True,67.74516155812704,12.106981246785123,5.479417096325983,18.452848724231032,35.0,True,True,0.0567440243727335,10.922658098433274,5.644045145700799,0.017595011860896,0.0,0.0,0.0,0.4031408271385741,0.0463627632312451,0.0404273346757892,0.526179284597607,0.0624363668407432,0.0,17.586398343111107,21.91865024871073,1.0,18.452848724231032,-0.2987586972908929,-0.2987586972908929,0.6935409077459862,2026-03-14,2
round,5,XV,Back-row,1.0,Caelan Doris,Ireland,Scotland,home,8,True,False,False,1.0,2.2129125951722117,27.640013072387813,54.0,26.359986927612187,27.640013072387813,54.0,26.359986927612187,8524051,148680,2026,True,71.21076809048431,20.310164180555063,6.454566866668467,27.640013072387813,54.0,True,True,0.1638892605642279,11.983148672664028,35.233792307775346,0.1125494256531131,0.0,0.0,0.0,1.0960296523277413,0.3191320353414985,0.0249121662389123,0.3844190803807924,0.0303972458674174,0.0,26.764731047223528,31.14114117304494,1.0,27.640013072387813,0.8448810026777939,0.8448810026777939,2.2129125951722117,2026-03-14,3
round,5,XV,Back-row,2.0,Lorenzo Cannone,Italy,Wales,away,8,True,False,False,1.0,2.001586192239996,25.81243042801201,25.0,-0.8124304280120107,25.81243042801201,25.0,-0.8124304280120107,8524060,220140,2026,True,67.57998443554943,18.40188617656635,7.038029093575097,25.81243042801201,25.0,True,True,0.1231665846085889,11.601115422733494,23.84073865446599,0.0099627666218881,0.0,0.0,0.0,1.5507129565816204,0.1520492342896866,0.0709343466121462,0.7025382042268592,0.0288473984720036,0.0,25.439915270141448,27.30249105949426,0.0,25.81243042801201,1.135327271816563,1.135327271816563,2.001586192239996,2026-03-14,3
round,5,XV,Back-row,3.0,Ben Earl,England,France,away,8,True,False,False,1.0,1.9410765006089556,25.81721423903448,13.0,-12.817214239034481,25.81721423903448,13.0,-12.817214239034481,8524069,142404,2026,True,67.84082469246336,19.63873242054099,5.516771695547296,25.81721423903448,13.0,True,True,0.083021281885954,10.68293116285746,32.02369976394753,0.0267321299090658,0.0,0.0,0.0,2.5279475587569986,0.1561345478757422,0.0507396763050451,0.873515377330785,0.0289587415403926,0.0,25.155504116088284,28.464054730819235,1.0,25.81721423903448,0.786703347281076,0.786703347281076,1.9410765006089556,2026-03-14,3
round,5,XV,Scrum-half,1.0,Antoine Dupont,France,England,home,9,True,False,False,1.0,1.6850659652347053,23.62204277946124,30.0,6.377957220538761,23.62204277946124,30.0,6.377957220538761,8524069,135318,2026,False,67.39074610688634,21.15042874656923,1.6969026752372685,23.62204277946124,30.0,True,True,0.3210836178414267,6.480056698273647,33.29629824788557,0.6721208091083617,0.0,0.0,0.0,2.2449976093764143,0.8360361607257419,0.0602275538211912,0.6054876217126012,0.0173330108299604,0.0,22.847331421806494,26.720888210080176,1.0,23.62204277946124,1.1231535395741687,1.1231535395741687,1.6850659652347053,2026-03-14,1
round,5,XV,Fly-half,1.0,Matthieu Jalibert,France,England,home,10,True,False,False,1.0,2.1745350716277945,27.437783548924237,44.0,16.562216451075763,27.437783548924237,44.0,16.562216451075763,8524069,169662,2026,False,70.15042703626156,21.71367338042197,4.791178289312247,27.437783548924237,44.0,True,True,0.1122447111752375,6.1348951197109765,43.244144288010325,0.6923787723192878,1.4542728572146322,0.2081708143667782,0.0,1.662154734996068,0.7114294342402538,0.0388005007140058,0.5073653044867797,0.0560095270808063,0.0,26.50485166973421,31.169511065684308,1.0,27.437783548924237,0.7916055353305627,0.7916055353305627,2.1745350716277945,2026-03-14,1
round,5,XV,Centre,1.0,Tommaso Menoncello,Italy,Wales,away,12,True,False,False,1.0,2.784106172466386,31.07199833125639,44.0,12.928001668743612,31.07199833125639,44.0,12.928001668743612,8524060,226818,2026,False,72.85993383778016,20.93422736381504,9.58607836693457,31.07199833125639,44.0,True,True,0.3587803039067918,8.269543136251972,26.96102527316236,0.019514129874022,0.0,0.0,0.0,3.1926782975608394,0.4402790678120557,0.0742166213738086,0.5161978329498449,0.0243950671331853,0.0,30.52030573074961,33.27876873328348,0.0,31.07199833125639,1.2926819209305416,1.2926819209305416,2.784106172466386,2026-03-14,2
round,5,XV,Centre,2.0,Seb Atkinson,England,France,away,12,True,False,False,1.0,1.2644730738476502,21.668463344665252,14.0,-7.668463344665252,21.668463344665252,14.0,-7.668463344665252,8524069,232032,2026,False,72.5568128765494,19.546863572035527,1.848094650455168,21.668463344665252,14.0,True,True,0.2310207186038158,9.04508182492942,37.79100085560201,0.1593998694565848,0.0,0.0,0.0,1.921838036009365,0.4522797880670955,0.040066239508875,0.2731238837561107,0.024293575739916,0.0,21.394958222490693,22.76248383336349,0.0,21.668463344665252,0.3244696912358152,0.3244696912358152,1.2644730738476502,2026-03-14,2
round,5,Captain,Back-three,1.0,Thomas Ramos,France,England,home,15,True,True,False,2.0,3.4457795247851477,34.699298824749455,30.0,-4.699298824749455,69.39859764949891,60.0,-9.39859764949891,8524069,129822,2026,False,73.99610736971493,31.820026055106023,2.487147796809077,34.699298824749455,30.0,True,True,0.2461713295399209,2.9471618474840584,62.26490505607693,0.3829038214095677,5.208026255499692,0.2900080094135265,0.0,2.68117749989268,1.1628857035412663,0.1048112077018066,0.4945688154657662,0.0248309085133271,0.0,34.3071738519151,36.26779871608687,0.0,34.699298824749455,2.0962286117248445,2.0962286117248445,3.4457795247851477,2026-03-14,3
round,5,XV,Back-three,2.0,Louis Bielle-Biarrey,France,England,home,11,True,False,False,1.0,2.421142412291577,28.28953027431736,68.0,39.71046972568264,28.28953027431736,68.0,39.71046972568264,8524069,231684,2026,False,71.07218727370558,26.796592164663263,1.862485853916415,28.28953027431736,68.0,True,True,1.0017231286910728,4.616808131433094,44.9161038976599,0.4550718947442475,0.0,0.0,0.0,1.850948855395592,1.062018321938096,0.1771617262526271,0.2502291822227854,0.0238497272730555,0.0,28.65907801857968,26.811339297268056,0.0,28.28953027431736,1.500045960219946,1.500045960219946,2.421142412291577,2026-03-14,3
round,5,XV,Back-three,3.0,Tommy Freeman,England,France,away,13,True,False,False,1.0,1.939443601002079,25.5111643666446,33.0,7.4888356333554,25.5111643666446,33.0,7.4888356333554,8524069,213192,2026,False,72.33204185002555,24.236072581935737,1.4996765041777516,25.5111643666446,33.0,True,True,0.5118647637412123,4.664659258610056,49.07544322747582,0.555333874373142,0.0,0.0,0.0,2.876516802512961,1.103035384075132,0.1304209669454881,0.2584165331570964,0.0242724972651092,0.0,25.73574908611349,24.612825488769012,0.0,25.5111643666446,1.0276444389797197,1.0276444389797197,1.939443601002079,2026-03-14,3
round,5,Supersub,Fly-half,,Marcus Smith,England,France,away,23,False,False,True,3.0,-0.3994394782281509,12.259260677995162,21.0,8.740739322004838,36.77778203398549,63.0,26.22221796601451,8524069,156288,2026,False,25.70530670187036,10.109748201434677,1.7404349623115911,12.259260677995162,21.0,True,True,0.043071338502846,1.3886164649562964,21.447743068672544,0.2043370413859363,0.9702392549449228,0.1567234663161227,0.0,1.1280797777549616,0.4628235267575314,0.016687343466202,0.1002038520321145,0.0205236394511842,0.0,11.850183163746266,13.895570734990748,0.0,12.259260677995162,-1.461041432810201,-1.461041432810201,-0.3994394782281509,2026-03-14,1
