id,name,team,hemi,pos,value,sel,status,opp,home,n_hist,rp_min,wr_margin,weather_att,per80,exp_min,starter_exp,supersub_exp,captain_score
140494,Jiuta Wainiqolo,Fiji,2,Back Three,5.5,18.4,P,England,True,19,3482,-2.8,1.0,24.56,74.5,21.760257696747694,10.880128848373847,2.7875236536914594
229307,Cam Roigard,New Zealand,2,Scrum Half,8.0,35.2,P,Italy,True,18,2081,33.5,0.962,35.44,65.5,25.92333714946353,12.961668574731766,2.4499412338160855
146480,Sione Tuipulotu,Scotland,1,Centre,7.5,9.3,P,South Africa,False,44,3873,-25.7,1.0,14.65,76.1,22.870069875902594,11.435034937951297,1.3781429608766302
123016,Jac Morgan,Wales,1,Loose Forward,7.0,17.3,P,Argentina,False,32,2339,-20.2,1.0,25.36,73.3,24.67106698303209,12.335533491516046,1.3173181155039788
244532,Theo Attissogbe,France,1,Back Three,6.5,8.2,P,Australia,False,14,3569,4.9,1.0,23.45,80.0,30.499541319438197,15.249770659719099,3.8209577887001016
180778,Kyle Rowe,Scotland,1,Back Three,5.5,1.3,P,South Africa,False,20,2907,-25.7,1.0,14.91,76.0,21.636393508074185,10.818196754037093,2.309906515154476
250067,Fabien Brau-Boirie,France,1,Centre,6.0,3.8,P,Australia,False,3,2419,4.9,1.0,24.18,70.7,31.010147360211022,15.505073680105511,3.5421132001725733
190344,Matthieu Jalibert,France,1,Fly Half,8.0,21.8,P,Australia,False,35,4126,4.9,1.0,30.63,75.5,27.841437250059943,13.920718625029972,5.012668527908843
162344,Julian Montoya,Argentina,2,Hooker,7.5,9.0,P,Wales,True,60,3073,20.2,1.0,17.23,67.2,17.60686444364358,8.80343222182179,-0.29055746551057515
180443,Damian Willemse,South Africa,2,Back Three,5.5,8.1,P,Scotland,True,41,2695,25.7,1.0,18.36,74.0,22.066138932335683,11.033069466167841,2.4447141439100086
142873,Ben Gunter,Japan,2,Loose Forward,4.5,10.7,P,Ireland,True,19,2235,-19.8,0.998,19.9,69.9,22.522012943381355,11.261006471690678,0.996501190519507
146220,Will Jordan,New Zealand,2,Back Three,8.5,28.9,P,Italy,True,55,2032,33.5,0.962,28.11,78.6,24.984310635254225,12.492155317627113,3.2488853372515
245050,Max Jorgensen,Australia,2,Back Three,7.5,13.4,P,France,True,21,2330,-4.9,1.0,17.4,78.8,23.049409881709863,11.524704940854932,2.8605335349938894
229505,Lucio Cinti,Argentina,2,Centre,6.0,1.4,P,Wales,True,42,2494,20.2,1.0,17.67,72.6,24.346864719741948,12.173432359870974,2.1018312837589614
187820,Rory Darge,Scotland,1,Loose Forward,6.5,4.7,P,South Africa,False,40,3091,-25.7,1.0,23.93,73.3,23.736272323268167,11.868136161634084,1.4792570046682265
104346,Tevita Ikanivere,Fiji,2,Hooker,5.0,3.7,P,England,True,32,2226,-2.8,1.0,20.2,65.3,16.94095835708622,8.47047917854311,0.18940500280529565
207343,Grant Williams,South Africa,2,Scrum Half,7.0,5.1,B,Scotland,True,29,1629,25.7,1.0,28.85,19.8,3.4298086645279517,10.289425993583855,-2.2260270221333376
105748,Jack Conan,Ireland,1,Loose Forward,7.0,12.8,P,Japan,False,49,2728,19.8,0.998,21.55,71.1,25.35843260059992,12.67921630029996,2.1952931644789824
109816,Rory Hutchinson,Scotland,1,Centre,4.0,1.1,P,South Africa,False,8,3342,-25.7,1.0,15.01,74.3,22.17062630762658,11.08531315381329,1.8132154142549761
239638,Takuro Matsunaga,Japan,2,Back Three,3.5,1.4,P,Ireland,True,6,3040,-19.8,0.998,9.72,65.2,32.25240733212914,16.12620366606457,3.9172996772540256
243815,Marko Gazzotti,France,1,Loose Forward,4.0,3.3,P,Australia,False,2,2538,4.9,1.0,18.31,80.0,28.391204033532894,14.195602016766447,2.413535130599938
179379,Ardie Savea,New Zealand,2,Loose Forward,8.5,50.2,P,Italy,True,63,3403,33.5,0.962,25.77,78.9,29.143102860352393,14.571551430176196,2.9646330040802944
214439,Rob Valetini,Australia,2,Loose Forward,6.5,8.0,P,France,True,62,3062,-4.9,1.0,15.19,70.4,22.212643960767736,11.106321980383868,1.363069067707162
128023,Salesi Rayasi,Fiji,2,Back Three,6.5,10.3,P,England,True,5,3122,-2.8,1.0,18.69,74.2,21.84884222847353,10.924421114236765,2.6615048092448044
165007,Ellis Genge,England,1,Prop,5.5,8.9,P,Fiji,False,69,2845,2.8,1.0,15.83,56.4,13.645022549735081,6.822511274867541,-0.8811527208852517
178222,Jock Campbell,Australia,2,Back Three,4.0,2.7,B,France,True,8,2443,-4.9,1.0,13.47,31.6,5.29245199365199,15.877355980955969,-0.8738723000528799
185160,Codie Taylor,New Zealand,2,Hooker,7.5,4.3,P,Italy,True,57,1887,33.5,0.962,20.69,54.7,17.179238810849156,8.589619405424578,-0.13645268588256343
240621,Dylan Pietsch,Australia,2,Back Three,6.5,2.0,P,France,True,12,1690,-4.9,1.0,19.32,66.4,24.46330157343113,12.231650786715566,2.684934139463967
179604,Josua Tuisova,Fiji,2,Centre,5.5,12.4,P,England,True,21,3187,-2.8,1.0,17.22,77.3,22.79739251605819,11.398696258029094,2.280050398141153
235266,Joaquin Oviedo,Argentina,2,Loose Forward,5.5,3.1,P,Wales,True,24,2854,20.2,1.0,25.76,69.7,26.53371458766977,13.266857293834885,2.229720543645514
245055,Elia Canakaivata,Fiji,2,Loose Forward,4.0,2.2,B,England,True,21,2070,-2.8,1.0,17.46,16.0,5.934695961401528,17.804087884204584,-1.4863495012532275
172351,Stuart McCloskey,Ireland,1,Centre,6.5,13.4,P,Japan,False,26,2874,19.8,0.998,22.76,70.6,25.310219038190098,12.655109519095049,1.872313382333641
137626,Fin Smith,England,1,Fly Half,5.0,4.5,P,Fiji,False,23,3884,2.8,1.0,24.33,73.4,27.10156669473267,13.550783347366336,2.256464257875206
197335,Lorenzo Cannone,Italy,1,Loose Forward,6.0,8.0,P,New Zealand,False,39,2719,-33.5,0.962,19.41,70.0,26.331682278936988,13.165841139468494,2.2458798400726216
137453,Josh Adams,Wales,1,Back Three,4.5,7.0,P,Argentina,False,47,2261,-20.2,1.0,10.35,75.8,17.942406281235154,8.971203140617577,0.9256960823634852
242264,Joseph-Aukuso Suaalii,Australia,2,Centre,7.5,9.0,P,France,True,18,1147,-4.9,1.0,15.25,74.3,21.69417797458449,10.847088987292246,1.8174903542221588
238928,Warner Dearns,Japan,2,Lock,6.5,14.2,P,Ireland,True,33,2722,-19.8,0.998,16.2,78.3,21.259596985137758,10.629798492568879,0.6921551136433789
136190,Luke Jacobson,New Zealand,2,Loose Forward,4.0,2.9,P,Italy,True,24,2773,33.5,0.962,16.29,74.6,22.623359175674146,11.311679587837073,1.273866969040009
110905,Ben-Jason Dixon,South Africa,2,Loose Forward,4.0,0.1,B,Scotland,True,8,2620,25.7,1.0,13.69,31.7,6.823078060613642,20.469234181840925,-1.274924460672008
209612,Ben Earl,England,1,Loose Forward,8.0,14.0,P,Fiji,False,55,3720,2.8,1.0,20.51,74.2,27.470851384393143,13.735425692196571,2.9069202336084983
130487,Nacho Brex,Italy,1,Centre,6.0,4.2,P,New Zealand,False,53,0,-33.5,0.962,10.76,75.1,16.05018932245501,8.025094661227506,-0.011643678389457957
240799,Josh Canham,Australia,2,Lock,4.5,3.1,P,France,True,5,1759,-4.9,1.0,15.13,58.0,18.072946399555907,9.036473199777953,0.027588266615023505
206415,Mamoru Harada,Japan,2,Hooker,4.0,1.3,P,Ireland,True,13,1482,-19.8,0.998,19.86,60.6,17.264934741341513,8.632467370670756,-0.2776231368034562
169055,Jordie Barrett,New Zealand,2,Centre,8.0,11.9,P,Italy,True,62,3072,33.5,0.962,22.46,70.7,23.341771368963556,11.670885684481778,1.8111903270494933
202239,Tomas Albornoz,Argentina,2,Fly Half,7.0,5.9,P,Wales,True,26,2612,20.2,1.0,28.33,64.7,30.644933180115643,15.322466590057822,3.377521789140469
142211,George Martin,England,1,Lock,4.0,6.4,P,Fiji,False,23,1448,2.8,1.0,14.66,68.9,20.76393825984664,10.38196912992332,0.1301482385025029
219485,Ryan Lonergan,Australia,2,Scrum Half,4.0,1.6,P,France,True,8,2520,-4.9,1.0,11.36,46.2,18.325894647249875,9.162947323624937,0.22547997721321875
229297,Ruben Love,New Zealand,2,Fly Half,5.0,17.3,P,Italy,True,6,2402,33.5,0.962,21.91,72.0,26.597581891490904,13.298790945745452,3.2577276958462362
188103,Pita Gus Sowakula,Fiji,2,Loose Forward,4.0,1.8,B,England,True,6,0,-2.8,1.0,14.63,15.0,4.183570735071313,12.550712205213937,-1.8264008393540423
236602,Tommaso di Bartolomeo,Italy,1,Hooker,3.5,3.8,P,New Zealand,False,11,1743,-33.5,0.962,24.53,43.9,16.382233929609413,8.191116964804706,-0.7430007429415229
229557,Tommaso Menoncello,Italy,1,Centre,8.0,43.1,P,New Zealand,False,40,3214,-33.5,0.962,17.24,78.2,26.832624606547114,13.416312303273557,3.219171324552285
141860,Ewan Ashman,Scotland,1,Hooker,5.5,2.7,P,South Africa,False,37,2562,-25.7,1.0,26.09,56.3,16.563844466566785,8.281922233283392,-0.42039065586809743
173801,Alex Coles,England,1,Lock,5.0,4.2,P,Fiji,False,20,3120,2.8,1.0,16.94,72.2,18.28760239337607,9.143801196688035,-0.08121980610617996
156253,Paolo Garbisi,Italy,1,Fly Half,7.0,5.1,P,New Zealand,False,53,3199,-33.5,0.962,13.7,78.2,24.307680997112314,12.153840498556157,1.5096400933300187
132322,Killian Tixeront,France,1,Loose Forward,4.0,0.2,B,Australia,False,5,3460,4.9,1.0,15.07,21.8,6.26484646924781,18.79453940774343,-1.4030678460498422
119132,Aaron Wainwright,Wales,1,Loose Forward,6.5,5.6,P,Argentina,False,46,2728,-20.2,1.0,18.38,67.1,22.799196174231525,11.399598087115763,1.9093115816926238
222388,Yoram Moefana,France,1,Centre,6.5,11.0,P,Australia,False,40,4053,4.9,1.0,16.18,75.9,21.81280381218131,10.906401906090656,1.6124745437855
196773,Pierre Schoeman,Scotland,1,Prop,6.0,5.7,P,South Africa,False,55,3017,-25.7,1.0,19.15,59.6,14.869981436558323,7.4349907182791615,-0.6241937940416874
210801,Scott Cummings,Scotland,1,Lock,6.0,3.1,P,South Africa,False,42,2903,-25.7,1.0,13.63,71.6,17.3480469701122,8.6740234850561,-0.49669530243119325
100043,Maxime Lucu,France,1,Scrum Half,6.5,16.6,P,Australia,False,34,4035,4.9,1.0,17.67,68.1,25.107081237342356,12.553540618671178,0.6927649521581843
229303,Sam Darry,New Zealand,2,Lock,5.5,2.9,P,Italy,True,10,2202,33.5,0.962,15.47,68.8,20.823127591830236,10.411563795915118,0.48266679437039056
133163,Tomos Williams,Wales,1,Scrum Half,5.5,4.5,P,Argentina,False,55,2970,-20.2,1.0,12.67,71.0,19.821467410321368,9.910733705160684,0.3284077116280375
159599,Matt Fagerson,Scotland,1,Loose Forward,5.5,2.5,P,South Africa,False,59,3190,-25.7,1.0,19.81,75.2,20.286530641880134,10.143265320940067,0.5447168852013466
119955,Rhys Carre,Wales,1,Prop,4.5,28.7,P,Argentina,False,20,2337,-20.2,1.0,17.79,47.1,15.357959038430772,7.678979519215386,-0.1691547773499118
210952,Tate McDermott,Australia,2,Scrum Half,4.0,0.9,B,France,True,51,1665,-4.9,1.0,17.77,30.3,5.317308785875152,15.951926357625457,-1.5861497326865956
202316,Frank Lomani,Fiji,2,Scrum Half,3.5,2.2,B,England,True,30,1315,-2.8,1.0,15.53,32.7,3.330581686029166,9.991745058087497,-2.2166594491730085
196669,Zander Fagerson,Scotland,1,Prop,6.5,1.4,P,South Africa,False,52,2641,-25.7,1.0,16.24,62.0,17.71398485978327,8.856992429891635,-0.45221637704099193
113000,Jack Dempsey,Scotland,1,Loose Forward,6.5,5.0,P,South Africa,False,34,2639,-25.7,1.0,20.62,69.4,24.283879564133684,12.141939782066842,1.855580404540799
103821,Eroni Mawi,Fiji,2,Prop,5.0,3.3,P,England,True,38,2010,-2.8,1.0,12.57,56.4,13.495873764815183,6.747936882407592,-1.022017296493364
182760,Mayco Vivas,Argentina,2,Prop,4.5,3.4,B,Wales,True,33,893,20.2,1.0,10.08,21.5,3.778911694461713,11.33673508338514,-2.7214964384902207
240478,Gregor Hiddleston,Scotland,1,Hooker,4.0,0.2,B,South Africa,False,1,1610,-25.7,1.0,28.15,20.0,6.284398563882587,18.853195691647763,-1.857207740009922
182170,Ryan Elias,Wales,1,Hooker,4.0,0.2,B,Argentina,False,35,1900,-20.2,1.0,17.43,25.6,6.279621235229971,18.838863705689914,-2.5871086406724477
246851,Toms Rapetti,Argentina,2,Prop,3.0,0.2,P,Wales,True,4,0,20.2,1.0,15.97,72.0,19.875065784098055,9.937532892049028,-0.09736588560585124
233237,Immanuel Feyi-Waboso,England,1,Back Three,6.5,7.0,P,Fiji,False,15,2449,2.8,1.0,21.72,74.6,27.98599903792286,13.99299951896143,4.314957592296361
190708,Harry Wilson,Australia,2,Loose Forward,6.0,6.4,P,France,True,37,512,-4.9,1.0,17.15,76.1,20.900835616067518,10.450417808033759,0.888005025505437
244767,Oscar Jegou,France,1,Loose Forward,6.0,4.5,P,Australia,False,14,2951,4.9,1.0,16.97,76.0,23.260769175943565,11.630384587971783,1.2936939368509832
165591,Mateo Carreras,Argentina,2,Back Three,5.0,5.9,P,Wales,True,34,2828,20.2,1.0,23.64,77.1,23.657973846727174,11.828986923363587,2.7065256862124807
246824,Zac Porthen,South Africa,2,Prop,3.0,0.7,B,Scotland,True,4,0,25.7,1.0,13.72,30.6,5.7543815115007515,17.263144534502253,-2.2664305773387055
102468,Ethan de Groot,New Zealand,2,Prop,7.0,11.9,P,Italy,True,41,2056,33.5,0.962,12.28,46.6,13.934927536791143,6.967463768395572,-1.1067042453320028
144635,Ollie Chessum,England,1,Lock,6.5,29.4,P,Fiji,False,42,0,2.8,1.0,12.9,70.7,19.678654686279785,9.839327343139892,0.8013378667609382
197546,Joe Hawkins,Wales,1,Centre,6.0,0.3,P,Argentina,False,12,2258,-20.2,1.0,9.43,80.0,19.466232994302096,9.733116497151048,0.20013396577298667
128750,Andrea Zambonin,Italy,1,Lock,5.5,13.0,P,New Zealand,False,19,3021,-33.5,0.962,13.84,63.9,17.41388386835553,8.706941934177765,-0.222303063387424
152990,Temo Mayanavanua,Fiji,2,Lock,5.0,2.4,B,England,True,35,1968,-2.8,1.0,11.02,20.4,4.066661765961909,12.199985297885727,-2.155989657000301
222920,Gregor Brown,Scotland,1,Lock,4.5,0.5,P,South Africa,False,19,1631,-25.7,1.0,19.65,58.5,23.576588308163984,11.788294154081992,0.7782444336407572
171003,Pieter-Steph du Toit,South Africa,2,Loose Forward,8.5,16.8,P,Scotland,True,39,1261,25.7,1.0,17.39,78.1,20.936593810579634,10.468296905289817,1.1100739562791053
110910,Jesse Kriel,South Africa,2,Centre,7.0,7.8,P,Scotland,True,44,2850,25.7,1.0,18.62,79.3,20.359793665175737,10.179896832587868,1.2047718532231761
222623,Tom Curry,England,1,Loose Forward,6.0,5.8,B,Fiji,False,51,2044,2.8,1.0,17.38,30.3,4.3899781767032735,13.16993453010982,-1.5373704868719782
212902,Dewi Lake,Wales,1,Hooker,6.0,7.1,P,Argentina,False,32,1787,-20.2,1.0,23.17,60.3,17.843956173226807,8.921978086613404,-0.0888352414163654
160801,Jamie George,England,1,Hooker,5.5,5.7,P,Fiji,False,62,2578,2.8,1.0,17.42,59.6,15.029258950743294,7.514629475371647,-0.8451732476904252
146815,Angus Bell,Australia,2,Prop,7.0,20.8,P,France,True,49,1772,-4.9,1.0,20.71,53.3,17.224542700467538,8.612271350233769,-0.28482565257279846
135572,Jack Cornelsen,Japan,2,Lock,5.5,4.8,P,Ireland,True,30,2948,-19.8,0.998,14.96,77.5,17.76580969146322,8.88290484573161,-0.03092878129763399
246864,Isaiah Armstrong-Ravula,Fiji,2,Fly Half,5.0,0.5,B,England,True,19,0,-2.8,1.0,10.33,9.5,5.157727426358019,15.473182279074056,-1.4787712791463208
188057,Ben White,Scotland,1,Scrum Half,4.5,4.5,P,South Africa,False,40,2829,-25.7,1.0,15.43,62.0,17.730836904626607,8.865418452313303,-0.1353080095746032
243190,Blair Murray,Wales,1,Back Three,4.5,8.9,P,Argentina,False,17,2296,-20.2,1.0,11.41,78.6,22.59357263059984,11.29678631529992,3.2123528145711893
251359,Yuya Hirose,Japan,2,Centre,4.0,0.5,P,Ireland,True,6,1653,-19.8,0.998,10.15,80.0,18.145098704989167,9.072549352494583,0.5356049769342527
233260,Shuhei Takeuchi,Japan,2,Prop,4.0,1.7,P,Ireland,True,25,1749,-19.8,0.998,17.68,60.0,16.02430988063689,8.012154940318444,-0.5695742790529646
131550,Takato Okabe,Japan,2,Prop,3.0,3.6,P,Ireland,True,9,2164,-19.8,0.998,12.62,59.5,14.57349889690271,7.286749448451355,-0.9430164228664694
237803,Kalaveti Ravouvou,Fiji,2,Back Three,6.5,2.4,P,England,True,16,3016,-2.8,1.0,21.07,77.2,25.521208159458318,12.760604079729159,2.8293806950696077
193134,Nick Timoney,Ireland,1,Loose Forward,5.0,4.9,P,Japan,False,12,3532,19.8,0.998,21.72,62.7,30.14572110692275,15.072860553461375,2.5027621167444902
103703,Harry Hockings,Japan,2,Lock,4.5,1.3,P,Ireland,True,3,2967,-19.8,0.998,17.37,59.0,19.151446138786103,9.575723069393051,0.31001453138108936
189190,Maxime Lamothe,France,1,Hooker,4.5,6.4,B,Australia,False,4,3426,4.9,1.0,18.85,25.9,5.028851931475172,15.086555794425516,-2.2133469702287254
107059,Marco Riccioni,Italy,1,Prop,3.5,6.9,P,New Zealand,False,27,2091,-33.5,0.962,13.7,43.4,14.270643294783639,7.1353216473918195,-1.0234835432363887
255396,Malik Faissal,Italy,1,Back Three,3.5,2.6,P,New Zealand,False,1,1214,-33.5,0.962,13.85,80.0,19.82949347600709,9.914746738003545,1.4833886739109312
111475,Josh Lord,New Zealand,2,Lock,6.0,4.1,B,Italy,True,13,1714,33.5,0.962,13.45,31.3,3.469949236216038,10.409847708648114,-2.2740282145161244
120191,Michele Lamaro,Italy,1,Loose Forward,6.0,2.4,P,New Zealand,False,55,3001,-33.5,0.962,15.21,69.8,20.30294975155862,10.15147487577931,0.2931749241158237
225264,Ruan Nortje,South Africa,2,Lock,6.0,6.0,P,Scotland,True,19,2807,25.7,1.0,10.51,72.6,17.522207619862264,8.761103809931132,0.10879974564150119
177559,Alex Mitchell,England,1,Scrum Half,5.5,1.1,B,Fiji,False,41,3128,2.8,1.0,15.38,15.1,5.498454679700577,16.49536403910173,-1.838696546119082
140735,Naoto Saito,Japan,2,Scrum Half,4.5,1.3,P,Ireland,True,28,1367,-19.8,0.998,7.9,67.3,16.905244849438184,8.452622424719092,0.05332330082870393
224426,Tom OToole,Ireland,1,Prop,4.0,4.9,P,Japan,False,22,2335,19.8,0.998,12.96,57.7,14.416882710273235,7.2084413551366175,-0.9882230987665019
251673,Ryunosuke Ito,Japan,2,Fly Half,4.0,0.5,P,Ireland,True,1,178,-19.8,0.998,13.22,80.0,22.303556648347083,11.151778324173542,2.65101059788885
144570,Jimmy OBrien,Ireland,1,Back Three,4.0,0.5,P,Japan,False,12,2892,19.8,0.998,16.34,75.4,19.513376190950773,9.756688095475386,1.9381038459593056
251199,Hayate Era,Japan,2,Hooker,3.5,0.2,B,Ireland,True,8,1099,-19.8,0.998,25.38,23.0,7.025867939427767,21.0776038182833,-1.779650513288855
252801,Kazuma Ueda,Japan,2,Back Three,3.5,0.3,P,Ireland,True,4,1751,-19.8,0.998,12.17,80.0,17.23952113270238,8.61976056635119,1.3374122114965468
185293,Len Ikitau,Australia,2,Centre,6.5,7.6,P,France,True,52,2980,-4.9,1.0,15.78,74.9,21.015166371531315,10.507583185765657,1.404029078454614
117823,Matias Alemanno,Argentina,2,Lock,6.0,2.2,P,Wales,True,39,2411,20.2,1.0,11.08,61.6,15.94044886900683,7.970224434503415,-0.34486130943024956
127095,Santiago Grondona,Argentina,2,Loose Forward,5.5,1.0,P,Wales,True,28,1689,20.2,1.0,12.96,63.0,17.760535214470725,8.880267607235362,0.24688821397828214
229857,Jeremy Williams,Australia,2,Lock,5.5,6.8,P,France,True,26,2519,-4.9,1.0,12.76,69.0,16.594827122915937,8.297413561457969,-0.19035151428581887
203381,James Ryan,Ireland,1,Lock,5.5,5.6,P,Japan,False,59,2829,19.8,0.998,8.72,62.6,15.180797845973023,7.590398922986512,-0.5390605052017213
120076,Michael Leitch,Japan,2,Loose Forward,5.0,0.5,B,Ireland,True,28,2470,-19.8,0.998,19.32,29.3,6.906257546850845,20.718772640552533,-1.2458697130032181
195298,Jamie Dobie,Scotland,1,Scrum Half,5.0,4.1,P,South Africa,False,21,2165,-25.7,1.0,16.59,72.3,21.590204269055405,10.795102134527703,0.8914146947601105
243508,Tom Jordan,Scotland,1,Centre,4.5,3.0,B,South Africa,False,19,3567,-25.7,1.0,15.03,14.1,3.9828199727215643,11.948459918164692,-1.6147213390015147
156422,Josh Nasser,Australia,2,Hooker,4.0,3.8,P,France,True,13,945,-4.9,1.0,22.2,52.4,16.542447900026282,8.271223950013141,-0.28496096681831373
202570,Tom Staniforth,France,1,Lock,3.5,4.9,B,Australia,False,1,2015,4.9,1.0,14.19,22.3,3.819095628867026,11.457286886601079,-2.2568583789927077
196853,Thomas Clarkson,Ireland,1,Prop,3.5,0.3,P,Japan,False,15,0,19.8,0.998,12.35,53.5,17.123261513484753,8.561630756742376,-0.5988269237900988
229690,Jan-Hendrik Wessels,South Africa,2,Prop,3.5,1.0,B,Scotland,True,11,1657,25.7,1.0,14.52,21.9,5.593093563859004,16.77928069157701,-2.29094289649375
143492,Damian McKenzie,New Zealand,2,Fly Half,8.5,11.9,P,Italy,True,53,2888,33.5,0.962,29.58,77.7,23.705472116607417,11.852736058303709,2.5012865552501076
129616,Fraser McReight,Australia,2,Loose Forward,7.0,19.8,P,France,True,40,3080,-4.9,1.0,19.86,75.9,22.491603689472758,11.245801844736379,1.156332240512196
134796,Joe Heyes,England,1,Prop,6.5,2.9,P,Fiji,False,23,3006,2.8,1.0,13.42,61.4,14.144669361535446,7.072334680767723,-1.0020671052615278
189982,Santiago Carreras,Argentina,2,Back Three,6.5,13.9,P,Wales,True,62,3844,20.2,1.0,19.34,69.9,25.535772425899644,12.767886212949822,2.8972066286227074
110170,Kyle Steyn,Scotland,1,Back Three,6.5,12.3,P,South Africa,False,33,3388,-25.7,1.0,17.98,74.3,24.175129675196906,12.087564837598453,2.7951629891782432
241794,Wallace Sititi,New Zealand,2,Loose Forward,6.5,4.8,P,Italy,True,20,1343,33.5,0.962,24.64,70.9,29.630058295036243,14.815029147518121,3.155459886102265
118531,Ronan Kelleher,Ireland,1,Hooker,6.0,1.1,P,Japan,False,54,1820,19.8,0.998,20.11,56.9,21.37247668899233,10.686238344496164,0.5961363198968526
143048,Allan Alaalatoa,Australia,2,Prop,5.5,4.9,P,France,True,52,1490,-4.9,1.0,16.15,53.8,13.961255342216994,6.980627671108497,-1.1183522204595657
226250,Isoa Nasilasila,Fiji,2,Lock,4.5,3.6,P,England,True,31,2534,-2.8,1.0,8.36,72.1,15.235340273109294,7.617670136554647,-0.40941081390916934
189326,Marcus Smith,England,1,Fly Half,4.5,2.2,P,Fiji,False,60,3883,2.8,1.0,22.38,76.0,22.601912499744536,11.300956249872268,2.6112898735518844
178772,Gonzalo Garcia,Argentina,2,Scrum Half,4.0,1.8,P,Wales,True,18,1537,20.2,1.0,12.63,54.1,20.95714966166065,10.478574830830325,0.9182836053820201
108021,Jefferson Poirot,France,1,Prop,4.0,2.7,B,Australia,False,1,2912,4.9,1.0,14.37,24.2,3.89017320880392,11.67051962641176,-2.6898054186375013
123723,Danilo Fischetti,Italy,1,Prop,5.5,15.7,P,New Zealand,False,59,2483,-33.5,0.962,17.68,56.1,13.321474871405139,6.660737435702569,-1.3766632840694368
136947,Brandon Paenga-Amosa,Australia,2,Hooker,4.0,0.3,B,France,True,25,1564,-4.9,1.0,18.19,20.2,6.97537303714696,20.926119111440883,-1.8386961726036264
239229,Hugo Auradou,France,1,Lock,4.0,4.0,B,Australia,False,13,3206,4.9,1.0,9.62,17.5,2.840900352250589,8.522701056751767,-2.8708539992048268
144545,Ben Carter,Wales,1,Lock,4.0,1.0,P,Argentina,False,20,2563,-20.2,1.0,17.32,64.3,16.436972482073504,8.218486241036752,-0.3563031200078878
166930,Peni Ravai Kovekalou,Fiji,2,Prop,3.5,0.5,B,England,True,23,0,-2.8,1.0,12.94,27.4,4.717291649622496,14.151874948867487,-2.4359144758872855
208272,Niccolo Cannone,Italy,1,Lock,6.5,7.7,P,New Zealand,False,59,2924,-33.5,0.962,14.91,72.0,16.045421315466896,8.022710657733448,-0.6345938519762512
200003,Pablo Matera,Argentina,2,Loose Forward,6.5,11.6,B,Wales,True,57,2413,20.2,1.0,16.49,21.9,4.925947510198635,14.777842530595905,-1.7497160062719095
214124,James Botham,Wales,1,Loose Forward,6.0,0.3,P,Argentina,False,22,1565,-20.2,1.0,21.51,73.4,24.02811546713228,12.01405773356614,1.466698758316463
215963,Guido Petti,Argentina,2,Lock,5.5,4.1,P,Wales,True,46,0,20.2,1.0,9.69,69.1,18.296196041130212,9.148098020565106,0.23929149003207026
110319,Nicky Smith,Wales,1,Prop,4.5,0.5,B,Argentina,False,29,2646,-20.2,1.0,14.92,33.1,5.481352635121747,16.44405790536524,-2.30630419158039
113765,Peceli Yato,Fiji,2,Loose Forward,4.0,0.4,P,England,True,6,2567,-2.8,1.0,17.15,64.2,22.246469905590835,11.123234952795418,1.014774950376357
109648,Seb Atkinson,England,1,Centre,4.0,1.1,P,Fiji,False,5,0,2.8,1.0,15.29,77.2,19.38610561256627,9.693052806283134,0.7240526788130284
251438,Keijiro Tamefusa,Japan,2,Prop,3.0,0.1,B,Ireland,True,22,1373,-19.8,0.998,17.08,18.1,5.779204686121046,17.337614058363137,-2.2964122823095856
237271,Eddie James,Wales,1,Centre,5.0,0.7,P,Argentina,False,11,2180,-20.2,1.0,11.68,71.0,19.016933929749108,9.508466964874554,0.1006240201405838
113737,Jack van Poortvliet,England,1,Scrum Half,4.0,0.9,P,Fiji,False,25,2565,2.8,1.0,14.93,54.7,16.709557897528942,8.354778948764471,-0.2815599068917912
172284,Muhamed Hasa,Italy,1,Prop,3.5,0.1,B,New Zealand,False,9,2055,-33.5,0.962,14.28,28.5,5.531577850112522,16.594733550337565,-2.566186276293368
150038,Tyrel Lomax,New Zealand,2,Prop,5.0,1.5,P,Italy,True,48,1327,33.5,0.962,9.78,55.2,16.03073451210986,8.01536725605493,-0.7665549706696468
118619,Sam Costelow,Wales,1,Fly Half,4.0,0.1,P,Argentina,False,23,1852,-20.2,1.0,16.23,59.9,37.19998213252913,18.599991066264565,3.5644227573840026
151974,Billy Proctor,New Zealand,2,Centre,6.0,0.4,P,Italy,True,12,2641,33.5,0.962,22.18,71.5,21.57875342074197,10.789376710370984,1.7823840743937258
237233,Ross Vintcent,Italy,1,Loose Forward,4.5,6.2,P,New Zealand,False,20,1764,-33.5,0.962,23.69,70.4,28.13181367778956,14.06590683889478,2.399603850443962
245177,Tiennan Costley,Japan,2,Loose Forward,4.5,0.2,B,Ireland,True,12,2962,-19.8,0.998,20.85,15.3,6.616900059220949,19.850700177662848,-1.370505298456912
182833,Taniela Tupou,Australia,2,Prop,4.0,1.4,B,France,True,53,1295,-4.9,1.0,11.42,27.5,5.80304890938765,17.409146728162952,-2.2530854736445822
168641,Dillon Lewis,Wales,1,Prop,3.5,2.2,P,Argentina,False,31,987,-20.2,1.0,15.69,52.8,13.348010355647563,6.674005177823782,-1.5616824537270877
164759,Ben Warren,Wales,1,Prop,3.0,0.2,B,Argentina,False,1,909,-20.2,1.0,14.68,34.0,4.882796204885947,14.648388614657842,-2.4276185048586996
237078,Canan Moodie,South Africa,2,Back Three,6.5,1.0,P,Scotland,True,24,3051,25.7,1.0,17.52,72.8,23.869486690798638,11.934743345399319,2.9034689138909275
208971,Franco Molina,Argentina,2,Lock,5.0,0.8,B,Wales,True,21,1351,20.2,1.0,15.59,26.5,5.115818017481684,15.347454052445052,-1.907242319324522
198661,Dylan Riley,Japan,2,Centre,5.0,1.3,P,Ireland,True,39,2315,-19.8,0.998,11.41,78.9,19.42564759102347,9.712823795511735,1.3871302583454703
207407,Demba Bamba,France,1,Prop,4.5,4.6,P,Australia,False,21,2156,4.9,1.0,13.68,47.0,13.159515646147709,6.579757823073854,-1.1339453359010025
199383,Ciaran Frawley,Ireland,1,Fly Half,4.5,0.5,P,Japan,False,14,2345,19.8,0.998,18.03,67.0,24.50679368363908,12.25339684181954,2.4796220140565373
154414,Kanji Shimokawa,Japan,2,Loose Forward,4.0,0.6,P,Ireland,True,24,3504,-19.8,0.998,12.87,67.6,18.39911296007584,9.19955648003792,0.2832918978273008
109697,Nolann le Garrec,France,1,Scrum Half,4.0,0.7,B,Australia,False,16,3911,4.9,1.0,21.32,14.6,5.233307104787908,15.699921314363724,-2.0821419833466766
105892,Adam Beard,Wales,1,Lock,4.0,2.6,P,Argentina,False,45,2706,-20.2,1.0,12.35,69.1,15.231362380605932,7.615681190302966,-0.8849245448127421
136875,Gianmarco Lucchesi,Italy,1,Hooker,3.5,0.4,B,New Zealand,False,32,0,-33.5,0.962,22.73,27.6,7.035568792645913,21.10670637793774,-2.054133702277647
239482,Asher Opoku-Fordjour,England,1,Prop,3.5,0.2,B,Fiji,False,7,0,2.8,1.0,13.08,21.9,4.973323866632755,14.919971599898265,-2.3791300327567093
261209,Sojiro Otsuka,Japan,2,Prop,3.0,0.1,B,Ireland,True,1,0,-19.8,0.998,15.33,21.0,4.3429750617893985,13.028925185368195,-2.5472573495974293
154458,Matias Moroni,Argentina,2,Centre,5.5,0.5,B,Wales,True,49,1645,20.2,1.0,18.0,20.6,5.4170168832699686,16.251050649809905,-1.5690597086805378
237231,Mirco Spagnolo,Italy,1,Prop,4.0,0.3,B,New Zealand,False,25,1447,-33.5,0.962,17.58,24.3,5.940056454471047,17.82016936341314,-2.5761698230535446
237261,Alex Samuel,Scotland,1,Lock,3.5,0.2,B,South Africa,False,4,1891,-25.7,1.0,11.51,28.0,4.8572644970566055,14.571793491169817,-1.9332958875453736
110891,Stephen Varney,Italy,1,Scrum Half,4.0,2.9,P,New Zealand,False,39,2848,-33.5,0.962,9.76,59.7,16.039432453129336,8.019716226564668,-0.36960894252453735
153525,Rory Sutherland,Scotland,1,Prop,4.0,0.2,B,South Africa,False,42,1211,-25.7,1.0,14.68,18.3,5.00299138650139,15.00897415950417,-2.767859267748233
236606,Leonardo Marin,Italy,1,Fly Half,4.0,0.1,B,New Zealand,False,24,1662,-33.5,0.962,13.75,12.0,5.442222926745727,16.32666878023718,-1.6421446487122435
240916,Boris Wenger,Argentina,2,Prop,4.0,0.2,P,Wales,True,7,392,20.2,1.0,15.69,72.0,17.684640918674116,8.842320459337058,-0.4791634935706913
235935,Ignacio Ruiz,Argentina,2,Hooker,4.0,0.2,B,Wales,True,28,1936,20.2,1.0,17.97,14.7,6.155748591700779,18.467245775102338,-1.9513486302443894
174208,Riccardo Favretto,Italy,1,Lock,4.0,0.1,B,New Zealand,False,14,1956,-33.5,0.962,13.95,16.1,4.35753513058824,13.072605391764721,-2.389032412286559
170835,James Slipper,Australia,2,Prop,4.0,0.2,B,France,True,56,2086,-4.9,1.0,14.09,25.4,5.488786222518442,16.466358667555326,-2.3719769229484684
147486,Tadhg Beirne,Ireland,1,Lock,7.5,9.7,P,Japan,False,63,0,19.8,0.998,12.55,73.9,21.460977293152162,10.730488646576081,0.8888293941874977
156918,Tommy Freeman,England,1,Back Three,7.0,15.7,P,Fiji,False,34,4412,2.8,1.0,22.1,76.2,20.940824245922723,10.470412122961362,2.4866546487608217
180382,Bautista Delguy,Argentina,2,Back Three,5.0,3.1,P,Wales,True,26,4083,20.2,1.0,18.46,66.1,29.14221703276079,14.571108516380395,4.135173629456262
130282,Tommaso Allan,Italy,1,Fly Half,5.0,0.4,P,New Zealand,False,35,2621,-33.5,0.962,10.59,73.3,19.691122245711934,9.845561122855967,1.3658630480860876
229826,Jamie Osborne,Ireland,1,Centre,5.0,5.8,P,Japan,False,17,2916,19.8,0.998,16.99,72.8,18.055720248134428,9.027860124067214,0.6282388836779491
249307,Ellis Mee,Wales,1,Back Three,4.5,0.2,P,Argentina,False,9,2321,-20.2,1.0,11.01,69.9,22.205948410310334,11.102974205155167,1.599688973702213
138016,Henry Slade,England,1,Centre,4.0,0.6,P,Fiji,False,45,3985,2.8,1.0,14.36,74.6,17.852619218909766,8.926309609454883,0.022841653852976408
161973,Simione Kuruvoli,Fiji,2,Scrum Half,4.0,0.3,P,England,True,25,852,-2.8,1.0,16.91,68.2,21.843795525502422,10.921897762751211,1.1081747922350815
157406,Bundee Aki,Ireland,1,Centre,6.0,3.5,B,Japan,False,48,2866,19.8,0.998,18.06,26.7,6.414905482405416,19.24471644721625,-1.418380366223107
157863,Finn Russell,Scotland,1,Fly Half,8.5,17.1,P,South Africa,False,50,4810,-25.7,1.0,16.64,74.8,25.579568494056453,12.789784247028226,2.1940043218399534
219771,Handre Pollard,South Africa,2,Fly Half,8.0,1.5,P,Scotland,True,34,3457,25.7,1.0,20.84,69.3,24.733552690088345,12.366776345044173,1.8902443644183569
204526,Marcos Kremer,Argentina,2,Loose Forward,6.0,1.2,P,Wales,True,53,3253,20.2,1.0,10.26,71.8,17.61686064251937,8.808430321259685,0.08353062713297318
225671,Samisoni Taukeiaho,New Zealand,2,Hooker,6.0,1.0,B,Italy,True,43,1946,33.5,0.962,27.02,24.1,5.311019894552095,15.933059683656285,-2.1870405904593184
156336,Tom Wright,Australia,2,Back Three,6.0,1.3,P,France,True,44,2720,-4.9,1.0,13.0,74.4,27.635246709493693,13.817623354746846,3.680686200417866
114362,Evan Roos,South Africa,2,Loose Forward,5.5,0.3,P,Scotland,True,8,2846,25.7,1.0,21.18,49.5,29.590531008512173,14.795265504256086,2.992680694188209
103440,Federico Ruzza,Italy,1,Lock,5.5,0.4,B,New Zealand,False,53,2440,-33.5,0.962,14.79,21.4,3.0668736973632287,9.200621092089687,-2.5614464438975615
153215,Aphelele Fassi,South Africa,2,Back Three,5.5,0.3,P,Scotland,True,16,2200,25.7,1.0,17.21,68.6,19.62830652446503,9.814153262232516,2.421180251229557
102792,Anton Lienert-Brown,New Zealand,2,Centre,5.5,0.4,B,Italy,True,45,2439,33.5,0.962,21.39,20.4,3.968050123880355,11.904150371641066,-1.8207905252594623
198516,Levani Botia,Fiji,2,Loose Forward,5.5,1.0,P,England,True,14,2832,-2.8,1.0,15.74,72.6,19.20563577248615,9.602817886243075,0.7029717556513773
173763,Leroy Carter,New Zealand,2,Back Three,5.0,0.4,P,Italy,True,6,2272,33.5,0.962,23.16,72.3,19.160924383283458,9.580462191641729,2.145171441345383
172024,Josh Moorby,New Zealand,2,Back Three,5.0,0.2,B,Italy,True,0,0,33.5,0.962,22.04,20.8,4.295066644861389,12.885199934584165,-1.2230074420626047
164116,Robbie Henshaw,Ireland,1,Centre,5.0,0.4,P,Japan,False,39,2527,19.8,0.998,14.19,71.5,19.458625213235464,9.729312606617732,0.2850720972688072
177342,Johan Grobbelaar,South Africa,2,Hooker,5.0,0.4,P,Scotland,True,8,2438,25.7,1.0,19.96,57.9,16.865726863965037,8.432863431982518,-0.3150468865971452
101634,Tupou Vaai,New Zealand,2,Lock,5.0,1.0,P,Italy,True,47,2855,33.5,0.962,13.59,69.3,18.074050418272464,9.037025209136232,0.028864295408737056
251584,Simon Benitez Cruz,Argentina,2,Scrum Half,5.0,0.8,B,Wales,True,11,1292,20.2,1.0,14.73,18.6,3.042514168954876,9.127542506864629,-2.3182323136258227
204878,Edwill van der Merwe,South Africa,2,Back Three,5.0,0.6,P,Scotland,True,5,3165,25.7,1.0,21.13,61.6,18.3286895230943,9.16434476154715,1.9030380465873054
217606,Benhard Janse van Rensburg,England,1,Centre,5.0,0.4,B,Fiji,False,0,3794,2.8,1.0,16.95,20.8,4.534072868617424,13.602218605852272,-1.4408622416964472
244170,Lenni Nouchi,France,1,Loose Forward,5.0,0.4,P,Australia,False,6,3201,4.9,1.0,19.72,80.0,30.552761747560155,15.276380873780077,2.2215660161013675
182650,Caleb Muntz,Fiji,2,Fly Half,5.0,0.3,P,England,True,23,647,-2.8,1.0,14.54,78.3,23.258257762085137,11.629128881042568,1.942361243792801
186092,Filipo Daugunu,Australia,2,Back Three,5.0,0.2,B,France,True,22,2223,-4.9,1.0,18.89,14.2,5.70492316661549,17.11476949984647,-0.9759970040165099
209105,Louis Lynagh,Italy,1,Back Three,5.0,0.6,P,New Zealand,False,14,2452,-33.5,0.962,11.27,78.3,16.97328409211258,8.48664204605629,0.6083292436662553
122020,Jacob Stockdale,Ireland,1,Back Three,5.0,1.5,P,Japan,False,12,2790,19.8,0.998,21.05,67.2,21.089961149895394,10.544980574947697,2.5401651762391433
129754,Vincent Tshituka,South Africa,2,Loose Forward,4.5,0.1,B,Scotland,True,2,2988,25.7,1.0,13.2,21.4,5.495369150008025,16.486107450024075,-1.550043721033314
186214,Max Llewellyn,Wales,1,Centre,4.5,0.3,B,Argentina,False,11,2273,-20.2,1.0,15.5,28.0,5.4018000024068735,16.20540000722062,-2.236110265428249
156550,Magnus Bradbury,Scotland,1,Loose Forward,4.5,0.4,B,South Africa,False,8,3341,-25.7,1.0,15.97,28.5,7.513846743428353,22.541540230285058,-1.1437636584529098
113831,George Bower,New Zealand,2,Prop,4.5,0.3,B,Italy,True,25,1697,33.5,0.962,13.56,25.7,5.083918103702818,15.251754311108453,-2.3963235842519524
192769,Ignacio Mendy,Argentina,2,Back Three,4.5,2.9,B,Wales,True,5,2576,20.2,1.0,24.31,21.0,5.964324095409965,17.892972286229895,-0.8242414204340136
106142,Luke Cowan-Dickie,England,1,Hooker,4.5,0.8,B,Fiji,False,39,2166,2.8,1.0,18.29,26.9,6.546905843383147,19.64071753014944,-2.3360683306947805
105642,Craig Casey,Ireland,1,Scrum Half,4.0,0.3,P,Japan,False,30,2474,19.8,0.998,17.76,62.2,22.542712463046026,11.271356231523013,0.6799470295827569
190215,Kieran Hardy,Wales,1,Scrum Half,4.0,0.3,B,Argentina,False,37,1680,-20.2,1.0,13.42,8.0,3.8093225774559105,11.427967732367732,-2.7708637865706875
138498,Tevita Ratuva,Fiji,2,Lock,4.0,0.5,P,England,True,8,783,-2.8,1.0,12.75,58.4,16.119575464117872,8.059787732058936,-0.2280894998188428
193699,Embrose Papier,South Africa,2,Scrum Half,4.0,0.1,P,Scotland,True,0,3027,25.7,1.0,20.69,70.0,9.41314492050839,4.706572460254195,-1.2268199185058262
229863,Cormac Izuchukwu,Ireland,1,Lock,4.0,0.3,B,Japan,False,4,1676,19.8,0.998,19.56,20.0,3.616866751073801,10.850600253221403,-2.226490399521124
252989,Noah Caluori,England,1,Back Three,4.0,0.4,B,Fiji,False,0,1575,2.8,1.0,23.81,20.8,4.01732934664202,12.05198803992606,-1.053532537738164
169185,Teddy Williams,Wales,1,Lock,4.0,1.3,B,Argentina,False,8,1734,-20.2,1.0,16.17,19.2,3.342794913395302,10.028384740185906,-2.9303392804111805
197246,Tom Stewart,Ireland,1,Hooker,4.0,0.2,B,Japan,False,5,2181,19.8,0.998,26.23,22.5,6.480323951664404,19.44097185499321,-1.911032348215655
169560,Boan Venter,South Africa,2,Prop,4.0,0.2,P,Scotland,True,8,1709,25.7,1.0,14.35,38.0,12.409548178522027,6.204774089261013,-1.1169343592975178
153142,Nick Champion de Crespigny,Australia,2,Loose Forward,4.0,0.1,B,France,True,5,2021,-4.9,1.0,16.77,13.9,6.307506964391029,18.922520893173086,-1.4966809102127132
236722,Quan Horn,South Africa,2,Back Three,4.0,0.1,B,Scotland,True,1,3725,25.7,1.0,15.11,22.0,5.40380580616498,16.21141741849494,-0.7543900615786583
149746,Stafford McDowall,Scotland,1,Centre,4.0,0.1,B,South Africa,False,17,3696,-25.7,1.0,15.11,22.9,6.705574991870996,20.11672497561299,-1.2181754717070188
100192,Josh Bayliss,Scotland,1,Loose Forward,4.0,0.1,B,South Africa,False,17,2208,-25.7,1.0,17.74,26.0,6.967990504834275,20.903971514502825,-1.200400953036345
122465,Lekima Tagitagivalu,Fiji,2,Loose Forward,4.0,0.2,P,England,True,11,2574,-2.8,1.0,13.17,75.9,20.241965976080067,10.120982988040033,0.8533030393803793
229431,Anton Segner,New Zealand,2,Loose Forward,4.0,0.2,B,Italy,True,0,2782,33.5,0.962,17.41,21.4,4.670430271645385,14.011290814936155,-1.5186420704079688
223308,Aaron Grandidier-Nkanang,France,1,Back Three,4.0,0.1,P,Australia,False,0,2644,4.9,1.0,14.04,70.0,10.60363079977985,5.301815399889925,-0.1468544288942346
226014,Cobus Wiese,South Africa,2,Lock,4.0,0.2,P,Scotland,True,2,2701,25.7,1.0,8.67,44.0,18.391137438215587,9.195568719107793,0.281810810201524
226261,Vuate Karawalevu,Fiji,2,Back Three,4.0,0.3,P,England,True,7,1629,-2.8,1.0,13.4,80.0,20.777701911444936,10.388850955722468,2.3117796777908857
229852,Tevita Tatafu,France,1,Prop,3.5,0.3,B,Australia,False,2,2040,4.9,1.0,16.73,24.2,4.618195690444667,13.854587071334,-2.602868688618906
176354,Nathan Doak,Ireland,1,Scrum Half,3.5,0.1,B,Japan,False,1,2928,19.8,0.998,15.89,8.0,4.76479600898977,14.294388026969312,-1.994747376358739
245274,Declan Meredith,Australia,2,Back Three,3.5,0.4,P,France,True,0,1205,-4.9,1.0,12.46,70.0,11.098671266773493,5.549335633386747,-0.04815922493656577
241018,Sean Jansen,Ireland,1,Loose Forward,3.5,0.2,P,Japan,False,0,2114,19.8,0.998,24.07,70.0,14.424411332398414,7.212205666199207,-0.05327767945607775
236573,Alessandro Garbisi,Italy,1,Scrum Half,3.5,0.3,B,New Zealand,False,24,1915,-33.5,0.962,7.41,20.3,2.8605009070411658,8.581502721123497,-2.697763320010487
188115,Harry Byrne,Ireland,1,Fly Half,3.5,0.1,B,Japan,False,4,1982,19.8,0.998,15.01,20.7,5.261558954732726,15.784676864198177,-1.246299298392074
116189,Pasilio Tosi,New Zealand,2,Prop,3.5,0.2,B,Italy,True,16,0,33.5,0.962,13.22,22.5,3.3582859592364662,10.074857877709398,-2.782443353615214
209567,Ntuthuko Mchunu,South Africa,2,Prop,3.5,0.1,B,Scotland,True,3,1982,25.7,1.0,16.51,21.8,4.678595807795426,14.035787423386278,-2.4733263204544613
243167,Kane James,Wales,1,Loose Forward,3.0,0.2,B,Argentina,False,0,859,-20.2,1.0,21.56,21.4,5.554784285927336,16.664352857782006,-1.3830089658703513
155619,Francisco Coria Marchetti,Argentina,2,Prop,3.0,0.4,B,Wales,True,9,0,20.2,1.0,11.89,33.3,5.364542523917689,16.093627571753068,-2.309154401169938
165888,Wilco Louw,South Africa,2,Prop,3.0,0.4,P,Scotland,True,16,2595,25.7,1.0,9.71,51.3,11.525493978736828,5.762746989368414,-1.4304497409258863
187476,Moses Alo-Emile,France,1,Prop,3.0,0.1,P,Australia,False,0,2508,4.9,1.0,12.09,70.0,10.381483956137206,5.190741978068603,-1.5071853783861069
250771,Bryn Ward,Ireland,1,Loose Forward,3.0,0.4,B,Japan,False,0,835,19.8,0.998,18.33,21.4,4.815385920379626,14.446157761138878,-1.5148988287066443
255945,Itsuki Kamimura,Japan,2,Scrum Half,3.0,0.3,B,Ireland,True,1,1266,-19.8,0.998,12.75,8.0,4.041273095199703,12.123819285599108,-1.8942590149031937
171709,Sam Matavesi,Fiji,2,Hooker,3.0,0.7,B,England,True,27,0,-2.8,1.0,18.46,29.5,6.321265267344523,18.96379580203357,-1.9012133706641339
237237,Sam Illo,Ireland,1,Prop,2.5,0.3,B,Japan,False,0,1075,19.8,0.998,15.66,24.2,4.053244935949864,12.159734807849592,-2.5528009181575078
208037,Will Hurd,Scotland,1,Prop,2.5,0.7,B,South Africa,False,12,1029,-25.7,1.0,12.77,14.0,4.923858472577958,14.771575417733875,-2.79489233275583
254559,Billy Bohan,Ireland,1,Prop,2.5,0.3,B,Japan,False,0,0,19.8,0.998,12.68,24.2,3.9046007602454997,11.713802280736498,-2.5669314943168793
163209,George Kloska,England,1,Prop,2.5,0.6,B,Fiji,False,0,1231,2.8,1.0,14.62,24.2,4.086933436561407,12.260800309684221,-2.5577481031267735
120767,Louis Rees-Zammit,Wales,1,Back Three,6.0,11.9,B,Argentina,False,41,1539,-20.2,1.0,13.27,30.7,4.454379560679706,13.363138682039118,-1.5087656829640181
239634,Henry Pollock,England,1,Loose Forward,5.5,15.1,B,Fiji,False,16,2744,2.8,1.0,26.52,21.1,7.784645645255049,23.353936935765148,-0.7630801384026404
112684,Guy Pepper,England,1,Loose Forward,4.5,1.1,P,Fiji,False,13,2480,2.8,1.0,18.54,65.3,25.300393756001903,12.650196878000951,1.7090273042505668
229255,Cortez Ratima,New Zealand,2,Scrum Half,4.0,0.5,B,Italy,True,23,2095,33.5,0.962,18.35,14.6,4.588951446744913,13.766854340234739,-1.9147094158800622
251198,Lachlan Shaw,Australia,2,Lock,4.0,0.4,B,France,True,2,1807,-4.9,1.0,13.92,22.0,4.797034386395919,14.391103159187757,-1.9138924498421441
